playerID,year,name,BF,WPA,clutch_WPA,mean_LI
treinbl01,2018,Blake Treinen,314,6.6263256,6.3015623,1.9502447
janseke01,2017,Kenley Jansen,257,5.92442,5.054089,1.5286732
melanma01,2015,Mark Melancon,293,5.213795,5.042866,1.7421863
brittza01,2016,Zack Britton,254,5.721256,4.8291516,1.5853616
haderjo01,2021,Josh Hader,224,4.2324185,4.527109,1.6472121
helslry01,2024,Ryan Helsley,266,4.4552765,4.525929,1.8890432
smithwi04,2019,Will Smith,257,4.312188,4.2907925,1.7148882
daviswa01,2017,Wade Davis,242,3.7544186,4.141482,1.556601
duranjh01,2022,Jhoan Duran,266,4.0105815,4.057156,1.5173345
diazed04,2018,Edwin Diaz,280,4.466764,3.9551303,1.891515
jeffrje01,2018,Jeremy Jeffress,299,4.2384276,3.8920574,1.5714886
millean01,2015,Andrew Miller,246,4.6600895,3.8703415,1.6902356
bautife01,2023,Felix Bautista,237,4.0672593,3.746415,1.7831595
soriajo01,2015,Joakim Soria,271,3.6005943,3.6768427,1.5961672
knebeco01,2017,Corey Knebel,309,3.78137,3.675762,1.8318427
betande01,2015,Dellin Betances,332,3.9413517,3.6258967,1.7151188
kimbrcr01,2018,Craig Kimbrel,247,3.295117,3.6175063,1.6543367
millean01,2016,Andrew Miller,275,4.8022046,3.6154964,1.4726766
daviswa01,2015,Wade Davis,251,4.083993,3.4165506,1.3637457
riverfe01,2018,Felipe Vazquez,296,3.1509433,3.4069908,1.8657004
watsoto01,2015,Tony Watson,293,3.8306682,3.3819044,1.5868889
rondohe01,2015,Hector Rondon,281,3.9122133,3.3363447,1.8758304
claseem01,2024,Emmanuel Clase,270,4.6371274,3.2489834,1.4736373
dysonsa01,2016,Sam Dyson,285,3.2852585,3.175415,1.7986028
riverfe01,2019,Felipe Vazquez,236,2.9920874,3.162064,1.4808162
familje01,2015,Jeurys Familia,308,3.8933456,3.146512,1.5947137
hugheja02,2018,Jared Hughes,298,2.5467885,3.0971522,1.2166557
millema03,2024,Mason Miller,249,3.7636952,3.0628633,1.629323
claudal01,2017,Alex Claudio,323,3.3371067,3.0299866,1.110349
ramosaj01,2016,AJ Ramos,278,3.1398354,3.0277255,1.7031705
scottta01,2023,Tanner Scott,307,3.649538,3.0272777,1.643556
bednada01,2023,David Bednar,278,2.8218436,3.0227334,1.9255415
brittza01,2015,Zack Britton,253,3.297289,2.9982257,1.4141098
haderjo01,2019,Josh Hader,289,1.9995563,2.973745,1.8172214
rosentr01,2015,Trevor Rosenthal,287,3.1460652,2.9638138,1.9184928
simslu01,2023,Lucas Sims,258,2.7724905,2.9567616,1.682979
walkery01,2024,Ryan Walker,308,3.1862066,2.9536777,1.4564724
manesse01,2015,Seth Maness,271,2.9131932,2.952355,1.2956392
smithca05,2024,Cade Smith,289,3.157104,2.9470003,1.1189251
yateski01,2019,Kirby Yates,244,3.6401038,2.9029438,1.9149976
melanma01,2016,Mark Melancon,270,3.656507,2.8792665,1.5219278
kimbrcr01,2017,Craig Kimbrel,254,3.6768274,2.8441095,1.4108983
nerishe01,2023,Hector Neris,273,3.150342,2.8411486,1.3504118
handbr01,2017,Brad Hand,311,3.0286374,2.7965574,1.571929
diazal03,2023,Alexis Diaz,286,3.1236901,2.7759376,2.0503244
iglesra01,2021,Raisel Iglesias,273,2.7368898,2.7701445,1.5871658
streehu01,2015,Huston Street,255,3.7702775,2.758681,1.7326412
reedad01,2017,Addison Reed,306,2.9336782,2.7581856,1.4759208
kimbrcr01,2015,Craig Kimbrel,239,3.0784962,2.7165854,1.7427077
doolise01,2017,Sean Doolittle,197,2.894651,2.6447787,1.4858626
martich02,2023,Chris Martin,199,3.0220084,2.642408,1.543512
janseke01,2015,Kenley Jansen,200,2.9764996,2.6220791,1.3046528
bummeaa01,2019,Aaron Bummer,264,2.8458633,2.611744,1.2681024
diazed04,2016,Edwin Diaz,217,1.9473592,2.6060233,1.8219622
claseem01,2022,Emmanuel Clase,271,3.6815848,2.6050615,1.4567122
jeffrje01,2016,Jeremy Jeffress,241,2.600136,2.571865,1.6100905
fairbpe01,2024,Pete Fairbanks,185,1.8536457,2.5598397,1.6380701
riverfe01,2017,Felipe Vazquez,300,2.9592314,2.5381815,1.3683195
tollesh01,2015,Shawn Tolleson,298,2.8884661,2.5369692,1.6944741
montera01,2022,Rafael Montero,270,3.07781,2.4986858,1.306666
megiltr01,2024,Trevor Megill,183,2.6757374,2.4947505,1.7451382
gileske01,2015,Ken Giles,298,2.9475553,2.4796693,1.5011281
doolise01,2018,Sean Doolittle,163,3.1855054,2.4691372,1.3161948
zieglbr01,2015,Brad Ziegler,262,2.8207703,2.4518716,1.4139464
swanser01,2023,Erik Swanson,262,2.844241,2.4363503,1.3550951
yateski01,2024,Kirby Yates,236,3.3901675,2.3280833,1.6009488
gileske01,2019,Ken Giles,208,2.3931305,2.3162274,1.5282195
chapmar01,2015,Aroldis Chapman,278,3.5748632,2.3152041,1.6369464
cabrema01,2016,Mauricio Cabrera,162,2.006387,2.3024251,1.3095533
lugose01,2019,Seth Lugo,314,2.4043634,2.2960675,1.4709847
parkebl01,2019,Blake Parker,255,1.6746176,2.2880552,1.2451799
bardda01,2022,Daniel Bard,245,2.152922,2.286205,1.8677859
chapmar01,2016,Aroldis Chapman,222,3.0939252,2.278741,1.4732937
iglesra01,2016,Raisel Iglesias,325,1.9333996,2.273709,1.331445
rodrifr03,2015,Francisco Rodriguez,215,3.1581686,2.2537773,1.3201419
romanjo03,2023,Jordan Romano,248,1.9066367,2.2435021,2.022954
payamjo01,2023,Joel Payamps,286,2.5408962,2.2234697,1.4190488
canoye01,2023,Yennier Cano,283,2.045339,2.217622,1.6649389
loaisjo01,2021,Jonathan Loaisiga,283,3.0950358,2.215217,1.570804
jackslu01,2019,Luke Jackson,315,1.4148054,2.2144475,1.640886
diazal03,2022,Alexis Diaz,255,1.9790131,2.2086458,1.3903362
allenco01,2016,Cody Allen,264,2.1103907,2.2032442,1.5223081
rogerty01,2021,Tyler Rogers,326,1.8659954,2.2017365,1.7164783
teperry01,2017,Ryan Tepera,319,2.8133092,2.193708,1.2493734
carlesh01,2018,Shane Carle,258,1.9235916,2.188328,1.219074
barlosc01,2022,Scott Barlow,290,1.9166564,2.1840234,1.5051697
treinbl01,2021,Blake Treinen,286,2.5552208,2.1578648,1.4877616
madsory01,2015,Ryan Madson,248,2.3764653,2.1387901,1.2254773
greensh02,2017,Shane Greene,283,2.479698,2.1258032,1.1853666
rodriri05,2021,Richard Rodriguez,251,1.5677168,2.1206417,1.2945809
tatedi01,2022,Dillon Tate,292,1.4951965,2.117831,1.2537656
osunaro01,2018,Roberto Osuna,150,2.8756819,2.1117988,1.68158
hernada01,2016,David Hernandez,322,0.9935258,2.0843763,1.1318824
kenneia01,2021,Ian Kennedy,228,1.8635454,2.0814967,1.5789717
graveke01,2021,Kendall Graveman,222,2.3707018,2.0794265,1.5994371
papeljo01,2015,Jonathan Papelbon,259,2.1474457,2.0763853,1.2734222
stammcr01,2018,Craig Stammen,317,2.494893,2.071331,1.5322657
scottta01,2024,Tanner Scott,292,1.9302812,2.068777,1.7184389
pressry01,2021,Ryan Pressly,250,1.7956065,2.0521648,1.5235546
chapmar01,2018,Aroldis Chapman,213,2.3882008,2.0460541,1.4615061
harriwi02,2016,Will Harris,255,2.546077,2.0406475,1.4625883
brachbr01,2015,Brad Brach,324,2.0859325,2.038878,1.1207315
moronre01,2018,Reyes Moronta,262,2.1244974,2.0172977,1.278939
willide03,2023,Devin Williams,231,2.6476817,1.9947023,2.0400183
barnema01,2022,Matt Barnes,176,1.1275628,1.9702957,1.268316
sewalpa01,2023,Paul Sewald,249,1.8502054,1.9619174,1.5550675
handbr01,2016,Brad Hand,364,2.0260582,1.9617991,1.2277576
wilsoju10,2015,Justin Wilson,244,2.2032814,1.9311142,1.3157588
hiranyo01,2018,Yoshihisa Hirano,262,2.2750885,1.9200014,1.4060954
helslry01,2022,Ryan Helsley,239,2.7753725,1.9195585,1.4138603
hendrli01,2020,Liam Hendriks,92,1.8311039,1.9160995,1.584478
diazed04,2022,Edwin Diaz,235,2.6057932,1.9127162,1.4906756
bautife01,2022,Felix Bautista,253,2.5889726,1.9073986,1.3703464
abreubr01,2024,Bryan Abreu,325,1.2165813,1.9073313,1.415506
colomal01,2017,Alex Colome,281,1.6601825,1.906532,2.0380118
biagijo01,2016,Joe Biagini,295,1.5598383,1.8914704,1.1159972
motteja01,2015,Jason Motte,206,2.08385,1.8902627,1.3794322
smithwi04,2021,Will Smith,283,1.4459455,1.8809805,1.7560759
nerishe01,2017,Hector Neris,320,1.8280805,1.8793975,1.4399854
gantjo01,2019,John Gant,269,2.3018627,1.8781338,1.1369723
gsellro01,2018,Robert Gsellman,345,1.4995959,1.8749386,1.2668849
allenco01,2018,Cody Allen,289,1.638087,1.8712618,1.5452702
willide03,2021,Devin Williams,226,2.021459,1.8708363,1.6207013
stroppe01,2018,Pedro Strop,240,2.0496166,1.8661335,1.5842824
garcija01,2016,Santiago Casilla,241,2.2603045,1.861304,2.010991
baezpe01,2019,Pedro Baez,276,2.0860927,1.8499768,1.293543
handbr01,2018,Brad Hand,301,1.3075485,1.8364719,1.8393477
hoffmje02,2024,Jeff Hoffman,265,1.8975332,1.8347604,1.5273588
delgara01,2015,Randall Delgado,307,1.4494956,1.8325622,1.1794375
ueharko01,2015,Koji Uehara,160,1.2640307,1.8198702,1.5380569
wilheto01,2015,Tom Wilhelmsen,266,1.9783648,1.814606,1.3298717
familje01,2016,Jeurys Familia,321,2.2613723,1.8144761,1.716686
bleieri01,2018,Richard Bleier,133,1.7821141,1.8064202,1.1818771
phillev01,2022,Evan Phillips,233,2.3704715,1.7762587,1.294361
bradlar01,2017,Archie Bradley,290,2.5118437,1.772437,1.3513367
kelake01,2018,Keone Kela,212,1.1812533,1.7718378,1.4002582
castidi01,2022,Diego Castillo,222,2.1238074,1.7711294,1.2751105
odayda01,2015,Darren O'Day,257,1.7063874,1.7675016,1.4648861
jeffrje01,2015,Jeremy Jeffress,285,1.4062197,1.7340338,1.3483677
roech01,2018,Chaz Roe,203,2.0542939,1.7249303,1.484541
swarzan01,2019,Anthony Swarzak,234,1.3784041,1.7241212,1.135759
minteaj01,2018,A. J. Minter,260,1.224431,1.7234095,1.3661642
romanjo03,2022,Jordan Romano,257,2.1075652,1.722719,2.0997105
hugheja02,2015,Jared Hughes,284,1.9761963,1.7222877,1.163181
colomal01,2018,Alex Colome,283,1.5994798,1.717559,1.7037854
rosentr01,2020,Trevor Rosenthal,91,2.0615232,1.7104714,1.6661077
schrejo01,2024,John Schreiber,224,0.99496067,1.7087699,1.534751
holmecl01,2022,Clay Holmes,259,1.8607976,1.7042649,1.7441711
janseke01,2016,Kenley Jansen,251,3.152174,1.7025452,1.4465735
givenmy01,2018,Mychal Givens,317,1.7877975,1.6866271,1.427562
pressry01,2022,Ryan Pressly,181,2.4784708,1.682911,1.7409346
schrejo01,2022,John Schreiber,257,2.2631688,1.6649817,1.4764748
reyesal02,2016,Alex Reyes,189,1.9900615,1.6648593,1.3494381
duranjh01,2023,Jhoan Duran,255,1.173522,1.6631291,1.8306618
romose01,2019,Sergio Romo,249,1.7698388,1.6544799,1.2415376
robleha01,2021,Hansel Robles,297,1.0341653,1.6543478,1.3985196
bradlar01,2019,Archie Bradley,317,1.2809975,1.6505834,1.355406
dominse01,2018,Seranthony Dominguez,231,1.1396385,1.6477108,1.6155624
crickky01,2018,Kyle Crick,255,1.9473628,1.6420988,1.2698283
melanma01,2021,Mark Melancon,265,2.9694748,1.6269996,1.7562021
rogerta01,2019,Taylor Rogers,278,2.0010803,1.6144733,1.7942746
romanjo03,2021,Jordan Romano,253,2.9747407,1.6120911,1.2088276
suarero01,2024,Robert Suarez,258,1.41219,1.607186,1.3772357
martich02,2024,Chris Martin,179,1.2798467,1.6066846,1.34998
vinceni01,2017,Nick Vincent,262,1.6301483,1.6028781,1.41781
iglesra01,2017,Raisel Iglesias,306,1.8305794,1.6017361,1.1978793
jackslu01,2021,Luke Jackson,261,1.3402443,1.590362,1.1811366
roberda08,2016,David Robertson,267,1.340413,1.5841964,1.8488188
millean01,2017,Andrew Miller,244,2.4310706,1.5812279,1.4934504
maytr01,2023,Trevor May,206,1.3516585,1.5783297,1.4552053
strichu01,2017,Hunter Strickland,268,1.4120923,1.5774117,1.3923068
trivilo01,2018,Lou Trivino,299,1.943066,1.5728853,1.3577257
maytr01,2019,Trevor May,266,1.3874099,1.5670525,1.1495528
allenco01,2017,Cody Allen,282,2.3994656,1.5643761,1.6656146
chapmar01,2021,Aroldis Chapman,243,0.6075179,1.5613196,1.7814274
kingmi01,2022,Mike King,199,2.1650474,1.5599775,1.428781
clippty01,2015,Tyler Clippard,301,1.0905286,1.5577401,1.5076913
steckdr01,2021,Drew Steckenrider,267,2.1838222,1.5562534,1.2906979
abreubr01,2023,Bryan Abreu,287,1.8591319,1.5552179,1.2633035
fairbpe01,2022,Pete Fairbanks,86,1.7339406,1.5298026,1.4139934
peralwi01,2018,Wily Peralta,149,1.5189867,1.5180771,1.1642001
petityu01,2019,Yusmeiro Petit,308,2.7056627,1.5177987,1.1462094
robleha01,2019,Hansel Robles,283,1.8559974,1.5176295,1.2893656
kittran01,2024,Andrew Kittredge,287,1.5762752,1.5024583,1.6182052
torreca01,2016,Carlos Torres,339,1.6243452,1.5016354,1.1781361
nardian01,2023,Andrew Nardi,237,1.7829397,1.5009831,1.2845703
devench02,2017,Chris Devenski,316,1.2875129,1.4952474,1.4924244
harrelu01,2016,Lucas Harrell,208,0.41444185,1.48715,1.28227
joycebe01,2024,Ben Joyce,142,1.8219638,1.4843522,1.4359888
karinja01,2022,James Karinchak,160,0.98485065,1.4836004,1.1455725
grillja01,2015,Jason Grilli,140,0.8848013,1.4808468,1.8274378
herreke01,2016,Kelvin Herrera,283,1.4506354,1.4654336,1.3130082
smithca02,2015,Carson Smith,285,1.9806432,1.459736,1.8151261
greensh02,2019,Shane Greene,252,0.92719734,1.45667,1.3335899
cimbead01,2019,Adam Cimber,244,1.2869878,1.4537971,1.2044908
barnema01,2017,Matt Barnes,287,1.4076982,1.4465915,1.1809072
dovalca01,2024,Camilo Doval,271,0.8589772,1.44449,1.6219869
garcilu03,2015,Luis Garcia,304,0.8337393,1.4439422,1.3777272
johnsji04,2016,Jim Johnson,266,2.0903597,1.439864,1.5634159
vesiaal01,2024,Alex Vesia,261,1.3976047,1.436147,1.1183664
colomal01,2020,Alex Colome,89,1.6652026,1.4288462,1.6251869
antonte01,2021,Tejay Antone,127,1.8626,1.4138048,1.5542217
willide03,2024,Devin Williams,88,1.7271599,1.4134406,2.296238
ottavad01,2018,Adam Ottavino,308,1.4610944,1.3992078,1.5064235
winklda01,2018,Dan Winkler,256,1.117781,1.3987553,1.1758016
jepseke01,2015,Kevin Jepsen,285,1.6752017,1.3671379,1.7153935
greensh02,2016,Shane Greene,256,1.593269,1.3653023,1.2262987
hunteto02,2018,Tommy Hunter,270,1.1086233,1.3646272,1.2417387
janseke01,2021,Kenley Jansen,277,1.3455821,1.3643984,1.8607414
roberda08,2017,David Robertson,264,2.1704214,1.3563327,1.3579321
petityu01,2018,Yusmeiro Petit,368,1.0030456,1.3482555,1.1366608
staumjo01,2021,Josh Staumont,264,1.9829204,1.3476039,1.101305
diekmja01,2016,Jake Diekman,221,1.681065,1.3248883,1.1967757
cishest01,2018,Steve Cishek,287,1.2176585,1.3209203,1.2695134
finneky01,2023,Kyle Finnegan,288,0.5119326,1.3130745,1.837268
willide03,2020,Devin Williams,99,1.5640522,1.3114573,1.3830289
colomal01,2016,Alex Colome,226,1.4457345,1.3082175,1.7730513
felizne01,2016,Neftali Feliz,218,0.8875602,1.3059118,1.3869612
alberma01,2019,Matt Albers,258,1.1586823,1.3010309,1.3743284
martica04,2019,Carlos Martinez,200,1.5510045,1.2996609,1.6590778
waldema01,2019,Marcus Walden,328,1.0501695,1.2986681,1.1441572
gomesbr01,2015,Brandon Gomes,245,0.89651966,1.2938803,1.3849596
odayda01,2016,Darren O'Day,131,0.68718606,1.2838016,1.3659717
effrosc01,2022,Scott Effross,228,1.8710078,1.2678001,1.4198716
obergsc01,2019,Scott Oberg,223,1.6701711,1.2654049,1.40509
lawde01,2017,Derek Law,168,0.5143605,1.2649727,1.1463301
langeal01,2023,Alex Lange,287,0.44480523,1.2597197,1.6503617
hudsobr01,2024,Bryan Hudson,230,2.4069533,1.258092,1.165078
smithjo05,2017,Joe Smith,214,1.6947187,1.2559135,1.2614311
haderjo01,2018,Josh Hader,299,3.584823,1.2494292,1.4783889
rodrifr03,2016,Francisco Rodriguez,236,0.6669595,1.2426298,1.7320538
foleyja01,2023,Jason Foley,276,1.7721993,1.2394259,1.3922594
ottavad01,2021,Adam Ottavino,277,0.7739571,1.2298158,1.53875
allenco01,2015,Cody Allen,286,1.6513915,1.2295237,1.5262351
johnsji04,2015,Jim Johnson,291,1.1935205,1.2291236,1.5067887
rodnefe01,2017,Fernando Rodney,231,2.2974358,1.2227587,1.807146
hamilia01,2024,Ian Hamilton,163,1.1611131,1.2223257,1.2853017
edwarca01,2018,Carl Edwards,222,1.334905,1.2191163,1.2998827
brittza01,2017,Zack Britton,161,1.3334312,1.2164923,1.4898915
wickro01,2019,Rowan Wick,140,1.7305751,1.2135977,1.1161119
coleaj01,2017,A. J. Cole,230,0.66673005,1.2126042,1.1282325
neshepa01,2017,Pat Neshek,235,1.8849429,1.2102801,1.2665133
jeffrje01,2020,Jeremy Jeffress,88,1.3329496,1.2071404,1.7408894
kimbrcr01,2023,Craig Kimbrel,278,0.7652382,1.2061466,1.4494268
roberda08,2018,David Robertson,283,1.0938115,1.2048788,1.2856266
watsoto01,2018,Tony Watson,261,1.883083,1.2040589,1.5453014
castidi01,2020,Diego Castillo,89,1.1654179,1.2015136,1.5636754
janseke01,2024,Kenley Jansen,218,1.940359,1.1991987,1.7751772
hoovejj01,2015,J. J. Hoover,264,0.5500569,1.1972451,1.3014606
kimbrcr01,2021,Craig Kimbrel,235,2.106896,1.1955565,1.5253068
vinceni01,2016,Nick Vincent,247,0.057164714,1.1946536,1.2221082
swarzan01,2017,Anthony Swarzak,303,2.0791445,1.1919057,1.4708096
strichu01,2016,Hunter Strickland,250,1.8171681,1.1817305,1.3568721
colemdy01,2022,Dylan Coleman,289,0.9238685,1.178452,1.1395656
boyerbl01,2015,Blaine Boyer,268,1.5272589,1.1783183,1.1224144
hicksjo03,2022,Jordan Hicks,263,0.63440484,1.1761618,1.3009169
perezci01,2024,Cionel Perez,238,1.0458179,1.1758122,1.1212102
taylojo02,2021,Josh Taylor,209,1.2143216,1.175662,1.1436965
yateski01,2018,Kirby Yates,250,1.9381906,1.1743222,1.4713265
gonzama02,2020,Marco Gonzales,277,1.2664618,1.1711662,1.1199604
givenmy01,2021,Mychal Givens,216,0.5475918,1.170782,1.5166693
harriwi02,2019,Will Harris,229,1.7645223,1.1629292,1.1612823
karinja01,2021,James Karinchak,235,1.0081842,1.1612884,1.5241189
sotogr01,2021,Gregory Soto,276,1.4397268,1.15912,1.7674277
iglesra01,2018,Raisel Iglesias,291,0.80407023,1.156812,1.2950103
cousija01,2021,Jake Cousins,125,1.138074,1.1548394,1.1050282
petrija01,2015,Jake Petricka,220,1.2112532,1.149345,1.2671183
thornty01,2016,Tyler Thornburg,263,1.634756,1.1480683,1.6480962
herreke01,2015,Kelvin Herrera,286,1.0681944,1.1465386,1.4576408
rondobr01,2015,Bruce Rondon,145,0.7245287,1.1453294,1.5161216
gileske01,2017,Ken Giles,247,1.6626185,1.1421753,1.2784703
ginkeke01,2019,Kevin Ginkel,95,1.3970644,1.1357977,1.178023
gileske01,2018,Ken Giles,212,1.3113216,1.1332742,1.136236
woodbl01,2016,Blake Wood,330,0.52354264,1.1257875,1.1228501
chafian01,2015,Andrew Chafin,306,1.6130027,1.1219848,1.1937712
chapmar01,2019,Aroldis Chapman,234,1.3519095,1.1213831,1.4225096
ventejo01,2018,Jonny Venters,145,1.1695174,1.1175352,1.2267878
shiplbr01,2016,Braden Shipley,306,0.013492033,1.1161573,1.1218648
adamja01,2024,Jason Adam,282,2.1507843,1.1150519,1.3834043
roberda08,2022,David Robertson,264,2.1696723,1.1109464,1.8700442
dukeza01,2015,Zach Duke,254,0.7677153,1.1054506,1.3710244
vinceni01,2020,Nick Vincent,92,1.1060982,1.105212,1.1012025
workmbr01,2019,Brandon Workman,286,1.8608923,1.0983999,1.6954036
garcija01,2015,Santiago Casilla,244,0.8671286,1.0874981,1.6966935
matzst01,2015,Steven Matz,149,0.8371469,1.0847958,1.2448822
munozan01,2024,Andres Munoz,232,1.1500441,1.0824671,1.733726
houckta01,2022,Tanner Houck,247,1.4141812,1.0748476,1.221506
heuerco01,2020,Codi Heuer,92,1.3088737,1.0743455,1.1048212
ucetaed01,2024,Edwin Uceta,159,1.9064445,1.0709903,1.11186
meyeral01,2016,Alex Meyer,117,0.29676867,1.0671248,1.100278
barraky01,2015,Kyle Barraclough,98,0.56919825,1.0576092,1.279239
ueharko01,2016,Koji Uehara,184,1.6789422,1.047567,1.1244407
robleha01,2015,Hansel Robles,216,0.7707899,1.0434256,1.2119614
haderjo01,2024,Josh Hader,278,0.9684888,1.0390693,1.5206275
jaxgr01,2024,Griffin Jax,275,1.307624,1.0378183,1.5867928
adamja01,2022,Jason Adam,236,2.2628496,1.0365716,1.3713976
daviswa01,2016,Wade Davis,176,1.5262083,1.0350277,1.6953781
kintzbr01,2020,Brandon Kintzler,101,0.9860559,1.0312146,1.665767
sheffju01,2019,Justus Sheffield,167,-0.11501938,1.0293107,1.1616104
moorema02,2023,Matt Moore,218,0.9471482,1.0291419,1.4745468
kelake01,2015,Keone Kela,243,1.3053234,1.019624,1.204934
garciyi01,2024,Yimi Garcia,153,1.3997508,1.0174713,1.333475
cishest01,2016,Steve Cishek,258,1.3118591,1.0137495,1.7777842
strahma01,2016,Matt Strahm,88,1.1694705,1.0134751,1.478672
alexasc01,2018,Scott Alexander,267,0.8838519,1.0112555,1.2293462
alvarjo03,2022,Jose Alvarado,214,0.803303,1.0104176,1.3870186
helslry01,2021,Ryan Helsley,207,0.99112177,1.0070367,1.1200366
handbr01,2020,Brad Hand,84,1.1782612,1.0016153,1.4660171
hudsoda01,2016,Daniel Hudson,268,0.8551005,1.0008554,1.4184533
gomezje01,2016,Jeanmar Gomez,297,0.5171202,0.9986539,1.612663
acevedo01,2022,Domingo Acevedo,266,0.91373754,0.9980502,1.1953374
hanifbr01,2024,Brenan Hanifee,120,1.3574319,0.9931434,1.2585796
alzolad01,2023,Adbert Alzolay,253,1.8505094,0.98871654,1.4626254
minteaj01,2022,A. J. Minter,271,1.6194518,0.98571295,1.2378874
vesiaal01,2022,Alex Vesia,227,1.4597397,0.9772643,1.1432302
beeksja01,2023,Jalen Beeks,192,0.27921292,0.9741936,1.1354297
dysonsa01,2015,Sam Dyson,309,1.6037978,0.9688965,1.1732424
hochelu01,2016,Luke Hochevar,151,-0.09933187,0.96060807,1.2333938
garrebr01,2022,Braxton Garrett,373,0.3740598,0.9582626,1.1198349
morrobr01,2018,Brandon Morrow,122,1.0767115,0.95539737,1.4237257
cabrege01,2022,Genesis Cabrera,194,0.9916916,0.9532765,1.1639023
finneky01,2020,Kyle Finnegan,107,0.9262924,0.9510769,1.1218897
shawbr01,2016,Bryan Shaw,275,0.68621147,0.94824535,1.3465817
romose01,2018,Sergio Romo,283,0.2647847,0.927014,1.562165
familje01,2018,Jeurys Familia,302,1.4300336,0.9228652,1.5194584
gratebr01,2023,Brusdar Graterol,256,1.4456842,0.9180643,1.320203
sewalpa01,2021,Paul Sewald,263,1.9360573,0.9113902,1.4638183
gonzavi02,2021,Victor Gonzalez,155,0.32224318,0.9087709,1.4240159
osunaro01,2015,Roberto Osuna,271,0.6357542,0.9082991,1.4321322
edwarca01,2022,Carl Edwards,256,1.1905977,0.9033761,1.2303845
smithwi04,2018,Will Smith,210,1.0950612,0.90282315,1.4432653
barlosc01,2019,Scott Barlow,310,0.739164,0.9009421,1.2420664
whitlga01,2021,Garrett Whitlock,299,1.1163406,0.9007901,1.1159741
cuasjo01,2022,Jose Cuas,180,0.09078097,0.8911253,1.3020691
quantca01,2020,Cal Quantrill,134,0.3827084,0.8906434,1.1584885
stephro01,2023,Robert Stephenson,201,0.7018986,0.88938534,1.13435
alvarjo03,2018,Jose Alvarado,263,1.4612336,0.88742554,1.576197
harriwi02,2015,Will Harris,276,1.5808456,0.884272,1.2126026
rzepcma01,2017,Marc Rzepczynski,136,1.0963609,0.8833951,1.3889512
clippty01,2018,Tyler Clippard,285,0.8096591,0.8793747,1.2513877
kellyjo05,2018,Joe Kelly,285,0.43245983,0.8748166,1.223542
bushky01,2024,Ky Bush,87,-0.28027186,0.87156534,1.3267196
topaju01,2023,Justin Topa,279,1.0940286,0.86939204,1.2851057
storedr01,2015,Drew Storen,228,1.8793005,0.8671068,1.4752374
hudsoda01,2019,Daniel Hudson,305,1.5103675,0.8659523,1.1678296
ceasedy01,2020,Dylan Cease,254,-0.39053234,0.8636545,1.1726894
tropeni01,2016,Nick Tropeano,296,0.4163376,0.8630942,1.1116304
vizcaar01,2015,Arodys Vizcaino,139,0.764652,0.8628976,1.4386723
mcgeeja01,2017,Jake McGee,229,0.5420126,0.8601167,1.1655593
bushma01,2016,Matt Bush,243,1.4951272,0.85319465,1.2446462
suarero01,2022,Robert Suarez,191,1.4682058,0.8506224,1.3003107
lorenmi01,2019,Michael Lorenzen,343,1.4656225,0.8501199,1.257749
ryuhy01,2020,Hyun Jin Ryu,275,1.297127,0.846791,1.134976
velazhe01,2017,Hector Velazquez,96,0.82791364,0.84233975,1.1942106
romerfe01,2018,Fernando Romero,247,-0.114020765,0.83670413,1.1310124
hollagr01,2017,Greg Holland,235,1.262626,0.8362404,1.6817639
stammcr01,2019,Craig Stammen,339,0.45106637,0.83624023,1.4630165
maurebr01,2015,Brandon Maurer,206,1.0877389,0.83368397,1.2150203
dullry01,2016,Ryan Dull,291,1.3344827,0.8297683,1.1120092
feyerjo01,2022,J. P. Feyereisen,86,1.5329217,0.8264375,1.2126224
barnema01,2018,Matt Barnes,265,0.47116894,0.8244863,1.3887259
thielca01,2022,Caleb Thielbar,245,1.1975658,0.8243458,1.2426188
burkebr01,2022,Brock Burke,328,0.41155544,0.8243416,1.1375959
lestejo01,2020,Jon Lester,265,0.42026776,0.8216682,1.1565301
devench02,2018,Chris Devenski,196,0.63946944,0.8209667,1.2873764
martich02,2019,Chris Martin,216,0.23184446,0.81521183,1.1681663
nerishe01,2016,Hector Neris,329,1.5237346,0.81320065,1.2649935
vizcaar01,2018,Arodys Vizcaino,158,0.68037987,0.8086196,1.2974193
haderjo01,2017,Josh Hader,188,1.1675565,0.80824697,1.1671636
bradiky01,2024,Kyle Bradish,162,0.8170118,0.7983604,1.1730057
hartlge01,2020,Geoff Hartlieb,101,0.8643371,0.79825073,1.1214839
riverfe01,2016,Felipe Vazquez,327,0.46719795,0.7960901,1.1011558
osunaro01,2016,Roberto Osuna,288,1.8213634,0.79426706,1.4728485
brachbr01,2017,Brad Brach,276,0.8788415,0.7915615,1.3971725
iglesra01,2024,Raisel Iglesias,259,0.9292848,0.78714657,1.3987821
willide03,2022,Devin Williams,240,1.8287382,0.7838332,2.040656
reedad01,2016,Addison Reed,304,2.31512,0.78340626,1.2394626
siegrke01,2015,Kevin Siegrist,312,1.6169829,0.78143835,1.2386675
duffety01,2020,Tyler Duffey,92,0.80310917,0.77616876,1.3318511
perezci01,2022,Cionel Perez,234,1.4429274,0.7754222,1.2733672
fernajo02,2015,Jose Fernandez,265,1.4611129,0.77039814,1.1040822
diazed04,2017,Edwin Diaz,278,1.1097744,0.7660067,1.717143
estevca01,2024,Carlos Estevez,212,0.8746976,0.7642162,1.540077
jamesdr01,2022,Drey Jameson,98,0.9409977,0.7638391,1.1288105
mcgeeja01,2015,Jake McGee,147,0.9424629,0.76368624,1.5828139
raleybr01,2023,Brooks Raley,236,1.2095758,0.7609565,1.2384688
wittgni01,2020,Nick Wittgren,98,0.96399736,0.75753415,1.363574
rodnefe01,2016,Fernando Rodney,283,0.15469152,0.7572488,1.48062
peralwa01,2023,Wandy Peralta,227,0.9257269,0.7558986,1.4417464
morrobr01,2015,Brandon Morrow,126,0.7540293,0.7550987,1.1360604
holdeco01,2023,Colin Holderman,240,0.46591842,0.7549171,1.4448822
leonedo01,2021,Dominic Leone,218,1.1788386,0.75484455,1.2623314
tinocje01,2022,Jesus Tinoco,84,0.6625889,0.7510654,1.1285807
canoye01,2024,Yennier Cano,249,0.49701917,0.74664676,1.6526068
matzety01,2021,Tyler Matzek,265,1.2806865,0.7417141,1.1881788
watsoto01,2016,Tony Watson,272,0.7055341,0.74110353,1.3762692
anderni01,2023,Nick Anderson,141,1.0404482,0.7404394,1.2219819
watsoto01,2021,Tony Watson,225,1.4213045,0.7385762,1.1485132
diekmja01,2019,Jake Diekman,282,0.42386392,0.7372046,1.3953435
melanma01,2020,Mark Melancon,95,0.8303962,0.73703444,1.8274618
chafian01,2021,Andrew Chafin,266,1.6316028,0.7330027,1.2446017
ryanri01,2024,River Ryan,81,0.5451214,0.7277989,1.1908103
gregelu01,2015,Luke Gregerson,239,1.240188,0.7246449,1.541545
linceti01,2015,Tim Lincecum,333,-0.18817592,0.7237712,1.1059867
hicksjo03,2019,Jordan Hicks,110,0.9288224,0.7211811,1.4548342
benoijo01,2015,Joaquin Benoit,254,1.0504746,0.714942,1.3164544
zieglbr01,2016,Brad Ziegler,289,0.59994674,0.71284676,1.7335283
dovalca01,2021,Camilo Doval,109,0.78343636,0.7113488,1.2209616
mileywa01,2018,Wade Miley,338,1.4575573,0.71096575,1.2369115
wainwad01,2015,Adam Wainwright,111,0.75680953,0.708774,1.1148422
kinlety01,2022,Tyler Kinley,100,1.122918,0.7063004,1.1644675
garcilu03,2022,Luis Garcia,259,0.09129298,0.70378685,1.3653194
harriwi02,2017,Will Harris,177,1.0140874,0.7021184,1.263192
chafian01,2022,Andrew Chafin,243,0.71811086,0.6981708,1.2908604
gregelu01,2016,Luke Gregerson,230,1.7573661,0.69765365,1.5150864
garrebr01,2021,Braxton Garrett,159,0.10136151,0.6941452,1.191605
phillev01,2023,Evan Phillips,234,1.2354912,0.68630844,1.357805
janseke01,2018,Kenley Jansen,284,1.0864009,0.6837232,1.4183289
maytr01,2020,Trevor May,96,0.28624868,0.6828752,1.178481
chapmar01,2017,Aroldis Chapman,210,0.5624718,0.6817013,1.6418506
pressry01,2019,Ryan Pressly,210,1.2236079,0.68135,1.2754495
kellesh01,2019,Shawn Kelley,205,0.09265501,0.68047667,1.207462
castidi01,2019,Diego Castillo,290,0.8819783,0.6797443,1.4171828
vizcaar01,2017,Arodys Vizcaino,235,1.4527926,0.6747166,1.4442092
dolisra01,2020,Rafael Dolis,100,0.81610405,0.6739635,1.7019902
ramosaj01,2017,AJ Ramos,258,1.2812035,0.67296004,1.3538007
greench03,2018,Chad Green,298,1.3837913,0.6716226,1.1768632
raleybr01,2022,Brooks Raley,219,1.386076,0.669778,1.2806745
watsoto01,2019,Tony Watson,231,0.8852484,0.6668255,1.4616687
lorenmi01,2021,Michael Lorenzen,125,0.8698851,0.6644445,1.2973332
rogerjo01,2021,Josh Rogers,151,0.4403947,0.6566931,1.1556512
betande01,2016,Dellin Betances,299,0.9188925,0.6553365,1.5373139
lorenmi01,2017,Michael Lorenzen,361,-0.24062459,0.6526207,1.1680664
hudsoda01,2022,Daniel Hudson,97,0.6410508,0.650262,1.5841649
sadleca02,2021,Casey Sadler,145,1.7333838,0.6464106,1.1529251
rodriwa01,2015,Wandy Rodriguez,392,-0.18548381,0.6433908,1.1129484
hollagr01,2015,Greg Holland,193,0.8471024,0.64186156,1.8601944
parkebl01,2018,Blake Parker,276,0.28525692,0.63513947,1.1208025
brasiry01,2020,Ryan Brasier,110,0.4199004,0.633652,1.2738903
kintzbr01,2017,Brandon Kintzler,288,1.0576317,0.62893814,1.5761119
mayzati01,2023,Tim Mayza,215,0.93797004,0.6281788,1.273578
benoijo01,2016,Joaquin Benoit,204,0.95355177,0.62569994,1.3525072
kayan01,2020,Anthony Kay,98,0.38683945,0.62150604,1.1965996
castidi01,2021,Diego Castillo,234,0.24613985,0.6212765,1.610427
melviti01,2019,Tim Melville,143,0.044395074,0.61433554,1.151093
hughebr01,2022,Brandon Hughes,240,0.4154429,0.6123817,1.2338396
butleed01,2017,Eddie Butler,237,0.33008954,0.6071744,1.1156585
koenija01,2024,Jared Koenig,264,0.88636315,0.60122895,1.3426408
holmecl01,2023,Clay Holmes,262,0.2976062,0.60092145,1.499838
ramosaj01,2015,AJ Ramos,277,1.3612393,0.59760445,1.4786326
montgjo01,2018,Jordan Montgomery,116,0.55626523,0.59267795,1.1252352
perkigl01,2015,Glen Perkins,239,0.7367577,0.5911738,1.6019857
bednada01,2022,David Bednar,210,0.7249919,0.5864852,1.7631353
cishest01,2019,Steve Cishek,267,0.2663419,0.5831706,1.4086143
cannigr01,2020,Griffin Canning,238,-0.11973646,0.58237827,1.1090902
duranjh01,2024,Jhoan Duran,228,-0.05247335,0.5798489,1.7993995
cingrto01,2016,Tony Cingrani,271,0.7372175,0.5797181,1.4372654
boxbebr01,2021,Brad Boxberger,265,0.65963984,0.57966065,1.3369151
stroppe01,2017,Pedro Strop,250,0.94216496,0.5786239,1.2136751
doolise01,2019,Sean Doolittle,260,0.10105007,0.57815826,1.5969235
kellesh01,2017,Shawn Kelley,121,-0.19840541,0.5779162,1.1670828
rosentr01,2017,Trevor Rosenthal,202,0.7154336,0.5775398,1.7568643
dysonsa01,2018,Sam Dyson,273,0.66382444,0.574771,1.1548272
mlodzca01,2023,Carmen Mlodzinski,152,0.504936,0.57310873,1.2393551
chafian01,2019,Andrew Chafin,225,0.6401934,0.56987095,1.2485113
verhadr01,2015,Drew VerHagen,106,0.5535301,0.5676906,1.29764
lowderh01,2024,Rhett Lowder,128,1.1577272,0.56531394,1.1042407
couloda01,2023,Danny Coulombe,210,0.70346105,0.5634191,1.3929038
stewabr01,2023,Brock Stewart,109,0.65758926,0.5592228,1.5359216
clippty01,2016,Tyler Clippard,262,0.15928996,0.5552969,1.2393745
oviedjo01,2021,Johan Oviedo,288,-0.55634224,0.5525942,1.1429057
alvarjo03,2024,Jose Alvarado,258,0.7021477,0.5513516,1.2402257
liberma01,2022,Matthew Liberatore,161,0.13294214,0.54819864,1.1044331
alcansa01,2020,Sandy Alcantara,172,0.46295238,0.5457401,1.1877443
sandlni01,2022,Nick Sandlin,180,0.4832787,0.5439342,1.4434305
dovalca01,2022,Camilo Doval,286,0.18331459,0.5409555,1.6630427
hendrli01,2022,Liam Hendriks,236,1.5069863,0.5378938,1.7999047
brachbr01,2018,Brad Brach,289,-0.19306104,0.5353405,1.4415863
barraky01,2016,Kyle Barraclough,306,1.3962195,0.53312767,1.4099829
smithjo05,2022,Joe Smith,122,0.09464452,0.5293374,1.3890331
heuerco01,2021,Codi Heuer,281,0.83315134,0.5290934,1.2838714
blazemi01,2016,Michael Blazek,201,0.014883637,0.5273287,1.1987288
gaddihu01,2024,Hunter Gaddis,278,1.6491395,0.5271045,1.2728751
hentgsa01,2023,Sam Hentges,223,0.80030954,0.5258484,1.2522417
ogandal01,2015,Alexi Ogando,277,-0.04196672,0.52529126,1.1077013
cishest01,2017,Steve Cishek,174,1.1128095,0.52400213,1.2126421
gallegi01,2021,Giovanny Gallegos,310,2.090053,0.52376,1.6576357
hodgepo01,2024,Porter Hodge,164,0.8235053,0.5222325,1.1126864
brittza01,2019,Zack Britton,244,1.052902,0.51920897,1.280103
rodrima01,2024,Manuel Rodriguez,156,0.5206455,0.51518035,1.2879025
janseke01,2020,Kenley Jansen,103,-0.06399825,0.5143639,1.5694942
buttojo01,2024,Jose Butto,294,1.4095855,0.51321596,1.1618072
flaheja01,2022,Jack Flaherty,167,-0.1746903,0.5109385,1.2209476
hendrli01,2021,Liam Hendriks,266,0.95863116,0.5109329,1.2432605
castada01,2022,Daniel Castano,156,0.23062119,0.51069164,1.1807698
medlekr01,2016,Kris Medlen,119,-0.5202353,0.51051414,1.3115942
hudsoda02,2018,Dakota Hudson,118,0.3712383,0.5077045,1.4604621
escobed02,2016,Edwin Escobar,116,-0.44905084,0.504937,1.2098441
hendrli01,2019,Liam Hendriks,332,0.75089544,0.49771017,1.4008279
barlosc01,2023,Scott Barlow,299,0.467824,0.49763185,1.3312016
alvarjo03,2023,Jose Alvarado,172,1.4300603,0.4944318,1.4529259
gomezje01,2017,Jeanmar Gomez,100,-0.07709625,0.49361917,1.2274097
familje01,2021,Jeurys Familia,261,-0.2593307,0.49197417,1.2635205
rogerta01,2021,Taylor Rogers,166,0.62872255,0.49159288,1.9860524
sotogr01,2023,Gregory Soto,250,0.8708184,0.48874548,1.1626842
bassan01,2022,Anthony Bass,275,1.7468625,0.4865818,1.2242502
biddlje01,2018,Jesse Biddle,266,0.5259795,0.4864667,1.290018
turnbsp01,2020,Spencer Turnbull,242,0.2948494,0.48163846,1.1447096
brashma01,2022,Matt Brash,222,0.6578654,0.48153445,1.1467642
ohse01,2017,Seunghwan Oh,265,-0.08360046,0.48038232,1.5956943
colomal01,2019,Alex Colome,249,0.8141594,0.4767372,1.3000593
wilsoju10,2019,Justin Wilson,166,0.543578,0.47592944,1.4149992
coleaj01,2020,A. J. Cole,95,0.54408216,0.475246,1.4259913
cimbead01,2024,Adam Cimber,107,0.5074549,0.47472745,1.3873873
taylobl01,2020,Blake Taylor,87,0.66287285,0.474297,1.6021802
conlead01,2018,Adam Conley,202,0.76913416,0.47385663,1.2933214
alexasc01,2017,Scott Alexander,284,1.2597119,0.4730416,1.1493384
mejiaad01,2018,Adalberto Mejia,92,0.36838996,0.47114176,1.1628381
zychto01,2017,Tony Zych,173,0.4325868,0.46831033,1.2983124
roech01,2019,Chaz Roe,228,0.354604,0.46691734,1.2258621
latosma01,2016,Mat Latos,309,-0.30077147,0.46309564,1.1393764
thompke02,2021,Keegan Thompson,242,-0.5247617,0.46232584,1.1312227
cabrege01,2020,Genesis Cabrera,96,0.47316545,0.46040377,1.1828977
ohse01,2016,Seunghwan Oh,313,1.8933756,0.45904142,1.5412525
bardda01,2020,Daniel Bard,106,0.48015904,0.45242262,1.7855113
diekmja01,2020,Jake Diekman,84,1.1065605,0.45226395,1.4205939
birdsha01,2024,Hayden Birdsong,315,0.13164535,0.45128578,1.1339657
woodal02,2024,Alex Wood,186,-0.7543291,0.4497402,1.1667767
ramirjo02,2016,Jose Ramirez,143,0.7149732,0.44659686,1.2274274
thornma01,2015,Matt Thornton,171,0.561575,0.44276714,1.1913799
janseke01,2022,Kenley Jansen,260,0.10964753,0.4377621,1.6506952
speiega01,2024,Gabe Speier,104,0.515075,0.43584907,1.187428
rodried05,2024,Eduardo Rodriguez,224,-0.6130165,0.4350196,1.1038496
pocheco01,2023,Colin Poche,246,1.1321269,0.43486726,1.3179682
finneky01,2024,Kyle Finnegan,271,-0.36051625,0.43237507,1.6765738
santaed01,2018,Edgar Santana,270,-0.17489731,0.42859268,1.1571314
soriajo01,2019,Joakim Soria,278,0.27742758,0.42614043,1.1203309
matzety01,2015,Tyler Matzek,102,-0.02987507,0.42343822,1.2180161
leclejo01,2024,Jose Leclerc,288,0.13963954,0.42026818,1.2146059
payamjo01,2024,Joel Payamps,235,1.3234577,0.4202061,1.285636
mcculla02,2022,Lance McCullers,195,0.96719384,0.41969842,1.1249142
sanchaa01,2017,Aaron Sanchez,167,-0.37233397,0.41954446,1.2129768
rodrich01,2021,Chris Rodriguez,134,0.5838193,0.41937906,1.1675814
blevije01,2017,Jerry Blevins,217,0.28084168,0.4174119,1.222847
crochga01,2021,Garrett Crochet,229,0.9575502,0.41629857,1.2435551
jimenjo02,2018,Joe Jimenez,266,-0.25218484,0.4140429,1.3587205
velasvi01,2023,Vince Velasquez,162,0.52110237,0.4134523,1.1025988
funkhky01,2021,Kyle Funkhouser,298,0.68979704,0.41204283,1.2999665
brachbr01,2016,Brad Brach,311,1.225413,0.40940538,1.1037589
fairbpe01,2020,Pete Fairbanks,117,0.5284245,0.4086516,1.2790093
withrch01,2016,Chris Withrow,158,0.4440837,0.4082425,1.1842151
madsory01,2017,Ryan Madson,219,0.79859346,0.40788147,1.2001723
barraky01,2017,Kyle Barraclough,286,0.56338114,0.40714902,1.3261681
givenmy01,2022,Mychal Givens,260,0.7834222,0.40624833,1.1580708
watsoto01,2017,Tony Watson,291,0.013665855,0.40394005,1.6865296
chapmar01,2024,Aroldis Chapman,264,-0.09891022,0.40389425,1.6028134
buttojo01,2023,Jose Butto,179,0.6432064,0.40329966,1.1395403
hicksjo03,2018,Jordan Hicks,339,0.6094733,0.3997727,1.4893179
dysonsa01,2019,Sam Dyson,249,1.1230367,0.3992427,1.1138899
cooneti01,2015,Tim Cooney,130,0.24822134,0.39815295,1.1104878
vargaja01,2015,Jason Vargas,183,0.085903734,0.39441437,1.1777538
scottta01,2020,Tanner Scott,86,0.7394781,0.39087236,1.4490258
wilsoju10,2020,Justin Wilson,86,0.5875906,0.39010406,1.424268
kerkeor01,2024,Orion Kerkering,257,0.7387045,0.3887034,1.1383638
morgaad01,2019,Adam Morgan,120,0.2595566,0.3886158,1.3095245
knebeco01,2018,Corey Knebel,220,0.40710658,0.38674235,1.4187998
clippty01,2021,Tyler Clippard,111,0.11480206,0.38476858,1.6112072
adamsau02,2019,Austin Adams,130,0.35177842,0.38166106,1.2164319
handbr01,2019,Brad Hand,242,0.30648947,0.3747609,1.6980722
dobnara01,2020,Randy Dobnak,198,0.08855668,0.37187394,1.161947
bazsh01,2022,Shane Baz,117,0.1585033,0.3706522,1.1405094
hudsoda01,2015,Daniel Hudson,290,1.3069897,0.37043294,1.1872472
lopezre01,2022,Reynaldo Lopez,253,0.26578367,0.36589798,1.1779591
cecilbr01,2015,Brett Cecil,214,0.81627375,0.36524805,1.1537104
kintzbr01,2018,Brandon Kintzler,261,0.0013684742,0.36443508,1.1650051
kintzbr01,2019,Brandon Kintzler,227,0.6832688,0.3598986,1.1618655
chaveje01,2023,Jesse Chavez,144,0.23882912,0.35886785,1.2419645
kellyjo05,2022,Joe Kelly,170,0.02766154,0.35544217,1.2051677
hoffmje02,2023,Jeff Hoffman,208,0.715295,0.35331646,1.1528138
vargace01,2016,Cesar Vargas,155,-0.1448473,0.35305238,1.1133937
soriajo01,2020,Joakim Soria,96,0.6723376,0.35158044,1.5810065
senzaan01,2020,Antonio Senzatela,303,0.9071987,0.34722656,1.1250343
millean01,2018,Andrew Miller,154,0.42013106,0.34712794,1.5362998
norribu01,2017,Bud Norris,267,1.0566472,0.33773196,1.3832492
fittsri01,2024,Richard Fitts,85,0.6255966,0.3374678,1.183884
martida03,2024,Davis Martin,220,0.17426631,0.33330923,1.1035829
dominse01,2022,Seranthony Dominguez,207,0.539665,0.33263642,1.4528686
waldike01,2022,Ken Waldichuk,146,-0.056951374,0.3248019,1.1460253
steckdr01,2017,Drew Steckenrider,151,0.3878762,0.32422492,1.2367117
leonedo01,2022,Dominic Leone,222,0.07552169,0.32358527,1.414573
crichst01,2020,Stefan Crichton,109,0.6199219,0.32124725,1.2724304
staumjo01,2020,Josh Staumont,112,0.53632313,0.31895572,1.1164548
diazja01,2020,Jairo Diaz,106,-0.21450956,0.31817,1.16993
treinbl01,2024,Blake Treinen,184,0.9426057,0.31471124,1.3907791
munozan01,2019,Andres Munoz,97,0.10937801,0.31406707,1.2299759
maytr01,2021,Trevor May,266,0.13724115,0.31295162,1.1273556
delosen01,2023,Enyel De Los Santos,262,0.40561804,0.31168365,1.1076491
bedroca01,2019,Cam Bedrosian,258,0.6906158,0.30989933,1.1401787
rucindr01,2018,Drew Rucinski,154,-0.029933006,0.30562186,1.1995703
anderju01,2018,Justin Anderson,240,0.2995519,0.30541056,1.3134063
clarkta01,2021,Taylor Clarke,194,0.19810107,0.3028192,1.2204577
santito01,2024,Tony Santillan,122,0.35507154,0.3026648,1.3209643
ramirno01,2020,Noe Ramirez,85,0.17376256,0.30249983,1.1269453
trivilo01,2021,Lou Trivino,309,0.41532686,0.29853886,1.4418736
cordeji01,2020,Jimmy Cordero,124,-0.18705472,0.2971068,1.1479112
kellebr01,2023,Brad Keller,211,-0.061301675,0.29657125,1.1579554
bassan01,2019,Anthony Bass,190,0.14884055,0.29521,1.3614208
garciro04,2023,Robert Garcia,127,0.689881,0.2897752,1.1113216
bellobr01,2022,Brayan Bello,268,-0.39526442,0.2846101,1.2352703
anderni01,2019,Nick Anderson,264,1.1074979,0.27654922,1.4105754
munozan01,2022,Andres Munoz,248,0.8856325,0.27256253,1.3932009
mitchbr01,2016,Bryan Mitchell,107,0.035119146,0.269948,1.1249163
belisma01,2017,Matt Belisle,247,0.42275137,0.2631762,1.108407
jimenjo02,2020,Joe Jimenez,101,-0.5114924,0.26230484,1.1402987
mccarke01,2018,Kevin McCarthy,293,0.4868147,0.25887436,1.3716108
lynchda02,2021,Daniel Lynch,311,-0.7795019,0.25343487,1.1114409
hembrhe01,2018,Heath Hembree,260,-0.15941364,0.25221115,1.1302823
daviswa01,2018,Wade Davis,262,0.37845877,0.2512753,1.5581058
thompry02,2024,Ryan Thompson,272,0.45511782,0.2500041,1.4799579
pocheco01,2024,Colin Poche,153,0.035860747,0.24892008,1.2702128
furbuch01,2015,Charlie Furbush,82,0.5677137,0.24162212,1.1556119
bendean01,2021,Anthony Bender,247,0.09502736,0.2414752,1.2738864
barneda02,2017,Danny Barnes,265,-0.25585824,0.24145801,1.112675
gearrco01,2016,Cory Gearrin,198,0.10060657,0.23973124,1.1519725
hollagr01,2018,Greg Holland,212,-0.060274065,0.23934793,1.119908
nelsoky01,2022,Kyle Nelson,151,0.18332858,0.2389162,1.116291
strahma01,2022,Matt Strahm,193,-0.22202188,0.23666427,1.382485
rogerty01,2024,Tyler Rogers,289,0.6820822,0.2351775,1.3345561
rondohe01,2016,Hector Rondon,200,0.9463291,0.23461401,1.3718555
hunteto02,2017,Tommy Hunter,228,1.2534144,0.23379353,1.1899384
iglesra01,2023,Raisel Iglesias,231,0.27968606,0.22934704,1.5483308
thompry02,2021,Ryan Thompson,135,0.2951182,0.2279845,1.6984591
gallegi01,2023,Giovanny Gallegos,229,0.1182131,0.22508109,1.406069
romose01,2015,Sergio Romo,230,1.0043019,0.21969569,1.4387217
mahlety01,2017,Tyler Mahle,92,0.37098694,0.21751866,1.423219
faedoal01,2022,Alex Faedo,244,-0.75583434,0.2159,1.1689705
martich02,2018,Chris Martin,177,-0.31630188,0.21545383,1.1495631
castidi01,2018,Diego Castillo,222,1.0824722,0.21400218,1.1072414
bowmama01,2017,Matthew Bowman,247,0.16183889,0.21258584,1.2752074
salasfe01,2016,Fernando Salas,293,-0.0506016,0.20508996,1.253995
lovelri01,2023,Richard Lovelady,96,-0.22858042,0.20219478,1.1692952
diekmja01,2018,Jake Diekman,243,0.31315327,0.20121518,1.122448
steckdr01,2018,Drew Steckenrider,272,0.4730148,0.1934632,1.4053144
kikucyu01,2020,Yusei Kikuchi,194,-0.031248346,0.19156155,1.1086935
pressry01,2016,Ryan Pressly,328,-0.17739636,0.19074154,1.2522774
haderjo01,2023,Josh Hader,231,0.4359998,0.18537118,1.4711365
vinceni01,2018,Nick Vincent,238,-0.3511917,0.18527228,1.1710721
cingrto01,2018,Tony Cingrani,95,0.07217522,0.18405691,1.1474069
mcgeeja01,2021,Jake McGee,239,0.87470114,0.18307519,1.777424
skaggty01,2016,Tyler Skaggs,219,0.028305143,0.18304917,1.1154301
knebeco01,2021,Corey Knebel,101,0.8568366,0.1799643,1.2344564
stroppe01,2015,Pedro Strop,270,1.0612113,0.1782473,1.482752
herreke01,2018,Kelvin Herrera,183,0.41844583,0.17321959,1.2131729
kittran01,2021,Andrew Kittredge,283,0.9772583,0.17270884,1.5008686
gsellro01,2016,Robert Gsellman,185,1.1455423,0.17058294,1.2250894
gombeau01,2018,Austin Gomber,334,-0.1550285,0.16592965,1.1093216
frypa01,2021,Paul Fry,215,0.34671724,0.16434555,1.1303943
jonesna01,2016,Nate Jones,274,1.0484097,0.15788035,1.5645431
boxbebr01,2022,Brad Boxberger,268,0.33541137,0.15765035,1.6685032
thorple01,2019,Lewis Thorpe,124,-0.40405783,0.15687676,1.2163993
uriasju01,2017,Julio Urias,102,-0.058306932,0.1563777,1.2995887
lopezyo01,2019,Yoan Lopez,246,-0.7674356,0.15527953,1.189884
loaisjo01,2022,Jonathan Loaisiga,203,0.5198326,0.14834683,1.5870651
scottta01,2021,Tanner Scott,251,-0.53019416,0.14514881,1.305775
rodriri05,2020,Richard Rodriguez,92,0.21657075,0.14448528,1.3707266
strathu01,2024,Hunter Stratton,158,-0.07485169,0.14353979,1.1566184
foleyja01,2024,Jason Foley,250,0.5296715,0.14265528,1.7316546
cleavga01,2024,Garrett Cleavinger,266,0.52451116,0.14223501,1.2854911
roberda08,2024,David Robertson,296,1.1392759,0.1395492,1.6462344
graveke01,2022,Kendall Graveman,285,-0.45762342,0.13941996,1.5235875
peterda01,2020,David Peterson,205,0.6072812,0.1382907,1.1468023
misiean01,2020,Anthony Misiewicz,83,-0.057730764,0.12951685,1.156788
thompry02,2020,Ryan Thompson,114,0.038645282,0.1268484,1.1315597
anderia01,2020,Ian Anderson,138,0.6291741,0.12649013,1.145125
mayermi01,2020,Mike Mayers,121,0.44751766,0.123911396,1.2427222
sorokmi01,2018,Mike Soroka,113,-0.018177204,0.12263077,1.2748721
beeksja01,2022,Jalen Beeks,250,0.40346134,0.11923042,1.1261659
heanean01,2017,Andrew Heaney,101,-0.6739752,0.11795287,1.1418633
erceglu01,2024,Lucas Erceg,253,0.35583514,0.11422039,1.295977
winckjo01,2023,Josh Winckowski,367,-1.3325088,0.112054825,1.1980517
belisma01,2015,Matt Belisle,149,-0.1526854,0.11143169,1.1189603
gratebr01,2021,Brusdar Graterol,149,-0.08791422,0.1104188,1.2443807
ferguca01,2023,Caleb Ferguson,270,-0.04506662,0.10957299,1.4393463
suarero01,2023,Robert Suarez,108,0.41957518,0.1092453,1.5670874
gotttr01,2015,Trevor Gott,202,0.11325022,0.10686572,1.3059231
romerjo01,2023,JoJo Romero,147,0.5422418,0.10631126,1.2871078
altavda01,2018,Dan Altavilla,85,0.051713187,0.10546832,1.1793622
strichu01,2015,Hunter Strickland,191,0.54834634,0.1049737,1.2132654
castijo03,2018,Jose Castillo,150,0.7666808,0.10065758,1.1300879
kelake01,2017,Keone Kela,151,0.73696995,0.09955485,1.1397945
leitema02,2024,Mark Leiter,256,0.01934344,0.09939456,1.2970662
siegrke01,2016,Kevin Siegrist,248,0.9681274,0.09320471,1.4395298
minormi01,2017,Mike Minor,307,0.8788737,0.09278744,1.2960293
paxtoja01,2015,James Paxton,297,-0.11764531,0.090694085,1.1484665
adamja01,2023,Jason Adam,222,0.5011892,0.09068206,1.294015
snideco01,2024,Collin Snider,170,-0.45496818,0.089957364,1.3493018
barneja01,2017,Jacob Barnes,304,-0.081315726,0.08799261,1.284895
jacksza02,2022,Zach Jackson,202,0.41618192,0.08560176,1.4602085
rogerta01,2023,Taylor Rogers,216,0.16540022,0.082188785,1.1217253
grimmju01,2015,Justin Grimm,205,0.21822135,0.079646215,1.2282689
dukeza01,2016,Zach Duke,258,0.48180547,0.075378105,1.1790179
teperry01,2022,Ryan Tepera,232,-0.056723446,0.07259655,1.4492878
duggero01,2019,Robert Dugger,156,-0.7713328,0.06839503,1.158126
holmecl01,2021,Clay Holmes,292,0.13923079,0.06393796,1.1396844
nolinse01,2015,Sean Nolin,134,-0.42033803,0.06229186,1.1611186
kellyjo05,2016,Joe Kelly,188,-0.2172853,0.060640723,1.1726284
brashma01,2023,Matt Brash,308,-0.03406447,0.059979275,1.4272306
ramirjo02,2017,Jose Ramirez,258,-0.21528248,0.059110567,1.4058471
melanma01,2018,Mark Melancon,174,0.47224206,0.058145404,1.5279154
marshev01,2020,Evan Marshall,93,0.27322897,0.057923168,1.4237663
peralwa01,2021,Wandy Peralta,219,-0.37389532,0.055391774,1.2492323
wilsoal01,2018,Alex Wilson,245,0.7248131,0.050974548,1.1311471
tapiado01,2021,Domingo Tapia,135,0.21099997,0.045211315,1.1885936
rosscza01,2015,Zac Rosscup,117,-0.3751691,0.03613168,1.2235916
garciyi01,2022,Yimi Garcia,247,0.3789237,0.03252369,1.384243
hollade01,2015,Derek Holland,245,0.053734183,0.028958619,1.1212339
perezci01,2023,Cionel Perez,247,-0.9405445,0.02779387,1.1010268
ottavad01,2019,Adam Ottavino,282,0.29304075,0.02586773,1.397728
harvehu01,2024,Hunter Harvey,219,-0.28794837,0.024726272,1.7217153
klubeco01,2021,Corey Kluber,341,0.11779052,0.01909399,1.1630781
rodrima01,2021,Manuel Rodriguez,83,-0.41134506,0.018765032,1.3515921
nicasju01,2015,Juan Nicasio,260,0.39598167,0.015737802,1.1102492
syndeno01,2017,Noah Syndergaard,124,0.29805374,0.014187276,1.1629765
barlosc01,2020,Scott Barlow,125,0.17250603,0.010563105,1.3774211
baileho02,2016,Homer Bailey,111,-0.4955818,0.008901313,1.2551361
garrere01,2024,Reed Garrett,247,-0.05460973,0.008547932,1.3598053
hillti01,2018,Tim Hill,198,-0.11374366,0.007326603,1.123033
fulmemi01,2021,Michael Fulmer,297,0.06989625,0.0066450834,1.3334918
dodddy01,2023,Dylan Dodd,164,-0.9023492,0.0059516653,1.1281719
cimbead01,2022,Adam Cimber,293,0.28457865,0.0021987557,1.2053369
kintzbr01,2016,Brandon Kintzler,224,0.19723229,-0.00035142154,1.2780308
arrieja01,2020,Jake Arrieta,190,-0.29204658,-0.003788069,1.1460321
leclejo01,2019,Jose Leclerc,299,0.06709279,-0.005665213,1.2291092
garcibr01,2022,Bryan Garcia,84,0.25676772,-0.009111702,1.1033894
nicasju01,2017,Juan Nicasio,290,0.93480337,-0.010581389,1.2623593
rogerta01,2017,Taylor Rogers,237,0.28745672,-0.010699123,1.2724636
nerishe01,2024,Hector Neris,259,-0.23062272,-0.01285556,1.7596575
hunteto02,2020,Tommy Hunter,102,0.07230741,-0.013987049,1.2473843
finneky01,2022,Kyle Finnegan,268,0.11528177,-0.0158059,1.3311723
chapmar01,2023,Aroldis Chapman,249,0.80318975,-0.01752448,1.5574298
okertst01,2017,Steven Okert,118,0.24901369,-0.020056069,1.2005655
turnbsp01,2023,Spencer Turnbull,145,-0.83651316,-0.021024436,1.2601899
madsory01,2018,Ryan Madson,231,-0.18779467,-0.021803439,1.4103172
grillja01,2016,Jason Grilli,251,-0.4994173,-0.025649786,1.4060982
lugose01,2021,Seth Lugo,195,-0.014781639,-0.026179835,1.5359262
penaar01,2015,Ariel Peña,120,-0.06899929,-0.026351497,1.1876428
owenshe02,2016,Henry Owens,103,-0.32685617,-0.03077659,1.2628615
diazal03,2024,Alexis Diaz,242,-0.072432995,-0.030996472,1.318851
smithwi04,2016,Will Smith,167,0.1479679,-0.037538573,1.3384967
geltzst01,2015,Steve Geltz,268,-0.6580659,-0.040130645,1.1963193
paganem01,2024,Emilio Pagan,158,-0.2116787,-0.04925701,1.1453427
bernabr01,2024,Brennan Bernardino,227,-0.015335172,-0.049661517,1.3994151
brennbr01,2019,Brandon Brennan,195,-0.5333559,-0.052719414,1.2221514
rogerty01,2023,Tyler Rogers,307,0.28559554,-0.054077253,1.4123884
holdeco01,2024,Colin Holderman,223,0.078537405,-0.054603904,1.5619547
wilsoju10,2016,Justin Wilson,251,-0.70810235,-0.054676488,1.3870105
doolise01,2016,Sean Doolittle,155,-0.46815133,-0.05849783,1.3166312
loupaa01,2021,Aaron Loup,218,0.54403824,-0.07210444,1.5016779
trivilo01,2022,Lou Trivino,250,0.36136466,-0.0722782,1.2309295
erceglu01,2023,Lucas Erceg,251,0.2710986,-0.07557356,1.2198155
hollagr01,2019,Greg Holland,152,0.13194042,-0.07841453,1.5702626
chafian01,2024,Andrew Chafin,246,0.22302556,-0.07876748,1.2020457
vodnivi01,2024,Victor Vodnik,320,-1.0983269,-0.08302084,1.2411261
mulleky01,2021,Kyle Muller,155,0.44051978,-0.083236665,1.1433471
quijajo01,2024,Jose Quijada,84,-0.33478943,-0.085615575,1.3231485
cabreed02,2021,Edward Cabrera,120,-1.1430628,-0.08588365,1.226866
webbja01,2023,Jacob Webb,232,-0.55894685,-0.08707558,1.1065735
sewalpa01,2022,Paul Sewald,243,1.328519,-0.08811781,1.3797065
kimbrcr01,2016,Craig Kimbrel,220,1.276725,-0.08825201,1.5496236
roberda08,2023,David Robertson,269,-0.12613912,-0.08895895,1.774468
gileske01,2016,Ken Giles,286,-0.06873579,-0.08930138,1.5268865
diazed04,2020,Edwin Diaz,109,0.27920878,-0.08949983,1.3157886
feyerjo01,2021,J. P. Feyereisen,235,0.16600394,-0.09326215,1.2352763
jimenjo02,2019,Joe Jimenez,257,-1.2192757,-0.09404749,1.334363
grayso01,2020,Sonny Gray,235,0.8946011,-0.103680134,1.1379586
stanery01,2022,Ryne Stanek,224,0.31535167,-0.10376997,1.2973292
mayzati01,2022,Tim Mayza,193,0.44119808,-0.104358375,1.2920414
jamesjo02,2020,Josh James,83,-0.54061186,-0.10445705,1.2967337
jimenjo02,2024,Joe Jimenez,277,0.76801753,-0.10485217,1.3273537
thielca01,2023,Caleb Thielbar,120,-0.16640553,-0.10728383,1.2762898
claseem01,2021,Emmanuel Clase,279,0.4751004,-0.10745963,1.3848199
paganem01,2019,Emilio Pagan,267,0.28114069,-0.10808158,1.4916809
phelpda01,2016,David Phelps,352,1.0522679,-0.11055952,1.3001237
hutchdr01,2021,Drew Hutchison,91,-0.0017287582,-0.11081916,1.2885497
hudsoda01,2021,Daniel Hudson,210,0.55466455,-0.11273593,1.2686272
castrmi01,2020,Miguel Castro,115,-0.48242384,-0.11468691,1.6336681
lopezja02,2016,Javier Lopez,118,-0.11818232,-0.11857727,1.149455
ollerad01,2024,Adam Oller,189,-0.09469932,-0.12012243,1.1170341
krolia01,2015,Ian Krol,129,-0.405545,-0.12732741,1.1730949
wrighky01,2020,Kyle Wright,168,-0.53240025,-0.12903959,1.1891854
livelbe01,2018,Ben Lively,145,-0.39737117,-0.13194802,1.3268831
soriajo01,2017,Joakim Soria,232,-0.12696233,-0.13462953,1.4355558
fernary01,2024,Ryan Fernandez,285,-0.39519024,-0.14026862,1.1987696
mollsa01,2023,Sam Moll,268,0.04869908,-0.14083058,1.2507688
diekmja01,2024,Jake Diekman,145,-0.44594672,-0.1427651,1.2827368
stephtr01,2022,Trevor Stephan,267,-0.07313666,-0.14649475,1.3244087
wilsoju10,2017,Justin Wilson,247,0.023908019,-0.14663343,1.2099159
misiean01,2021,Anthony Misiewicz,236,-0.12008712,-0.14976364,1.1321422
anderta01,2019,Tanner Anderson,104,-0.26546368,-0.16018459,1.1286844
ramosed02,2016,Edubray Ramos,160,0.14600173,-0.16273439,1.2055647
knebeco01,2016,Corey Knebel,145,-0.011966199,-0.16641203,1.3869715
bleieri01,2021,Richard Bleier,225,0.6230183,-0.16892876,1.3191575
pegueel01,2023,Elvis Peguero,252,0.33302045,-0.16926879,1.2243243
triggan01,2018,Andrew Triggs,182,-0.07516387,-0.17150426,1.1850861
obergsc01,2018,Scott Oberg,225,0.16872974,-0.17173302,1.2553245
loaisjo01,2020,Jonathan Loaisiga,99,-0.021082222,-0.17196456,1.228194
roberda08,2015,David Robertson,249,0.5224495,-0.17231527,1.7334661
strichu01,2019,Hunter Strickland,105,-0.418918,-0.172768,1.2507068
castilu02,2020,Luis Castillo,292,0.6757578,-0.17419228,1.1240846
soriajo02,2023,José Soriano,185,-0.2142651,-0.17599282,1.2698853
estevca01,2021,Carlos Estevez,270,-0.5559418,-0.17925969,1.3838625
bummeaa01,2017,Aaron Bummer,91,-0.07710023,-0.18164623,1.1776953
thompma02,2021,Mason Thompson,121,-0.8607286,-0.19173568,1.1409737
zieglbr01,2018,Brad Ziegler,305,0.09374544,-0.1941424,1.2797568
pressry01,2024,Ryan Pressly,243,-0.7488594,-0.19474488,1.6270509
alvarjo03,2021,Jose Alvarado,251,0.4338374,-0.19658083,1.5074257
giolilu01,2016,Lucas Giolito,101,-0.8263862,-0.19667763,1.1212751
gallegi01,2022,Giovanny Gallegos,235,0.32424867,-0.19996315,1.5183228
hernajo02,2020,Jonathan Hernandez,125,0.18337554,-0.20040664,1.1284609
kellyca01,2016,Casey Kelly,102,-0.19953042,-0.20079926,1.3718921
reedad01,2018,Addison Reed,242,-1.429592,-0.20114887,1.1732932
jaxgr01,2022,Griffin Jax,290,-0.040744245,-0.2080242,1.15777
smithjo05,2015,Joe Smith,271,0.80214643,-0.20828347,1.5293614
detwiro01,2016,Ross Detwiler,220,-0.46713027,-0.20864262,1.1182789
alberma01,2018,Matt Albers,157,-0.81063294,-0.21354493,1.220857
jimenda02,2022,Dany Jimenez,145,-0.30939323,-0.21429977,1.4874523
reyesal02,2021,Alex Reyes,317,-0.7820636,-0.22030866,1.454478
wilsoju10,2018,Justin Wilson,234,-0.011102855,-0.22042176,1.1557182
chargjt01,2021,J. T. Chargois,216,0.592386,-0.22247505,1.2185018
avilalu01,2015,Luis Avilan,220,-0.20181918,-0.22887236,1.3779297
smithwi04,2023,Will Smith,226,-0.29911366,-0.22916311,1.4979956
treinbl01,2019,Blake Treinen,266,-1.0829785,-0.23151061,1.560808
wickro01,2021,Rowan Wick,99,-0.33605152,-0.23462974,1.1803081
pukaj01,2022,A. J. Puk,280,0.13703772,-0.23630038,1.2199653
rodnefe01,2015,Fernando Rodney,277,-1.490072,-0.2366746,1.625908
nardian01,2024,Andrew Nardi,211,-0.50453794,-0.23670298,1.1376671
fulmemi01,2022,Michael Fulmer,276,-0.3512097,-0.23876709,1.5310184
sewalpa01,2024,Paul Sewald,165,-0.27937824,-0.23969358,1.1532328
peterdi01,2017,Dillon Peters,140,-0.2534204,-0.24589974,1.2004223
ramirer02,2016,Erasmo Ramirez,378,-0.27944317,-0.24693102,1.3324136
armstsh01,2019,Shawn Armstrong,271,-1.1652356,-0.2534336,1.183905
mchugco01,2023,Collin McHugh,267,-0.99165094,-0.2535377,1.1027417
rutleja01,2023,Jackson Rutledge,88,-0.4786045,-0.25485557,1.1057495
florody01,2023,Dylan Floro,248,-0.7115314,-0.25515532,1.3031442
delarru01,2016,Rubby De La Rosa,222,-0.3728503,-0.2579972,1.1266701
okertst01,2022,Steven Okert,221,-0.56806827,-0.26258394,1.4133143
lopezre01,2017,Reynaldo Lopez,207,-0.34768462,-0.2636994,1.1023337
scahiro01,2015,Rob Scahill,142,-0.45658436,-0.26718643,1.1093199
phillev01,2024,Evan Phillips,228,-0.6837877,-0.26941127,1.1522661
nerishe01,2019,Hector Neris,275,-0.13871248,-0.2721451,1.6764764
cappsca01,2015,Carter Capps,118,0.28821397,-0.27313626,1.1490927
ginkeke01,2024,Kevin Ginkel,291,-0.9627412,-0.2779354,1.3202003
liriafr01,2019,Francisco Liriano,302,-0.18543127,-0.27856293,1.1012638
garream01,2019,Amir Garrett,246,-0.17755799,-0.2787745,1.3193007
claseem01,2019,Emmanuel Clase,94,0.0066519678,-0.27878517,1.239457
ellarfr01,2024,Fraser Ellard,101,-0.23227249,-0.2792076,1.1932241
gibsoky01,2020,Kyle Gibson,301,-0.9522593,-0.28018793,1.1296986
mollsa01,2022,Sam Moll,188,-0.2497939,-0.28038633,1.2897782
edwarca01,2023,Carl Edwards,142,-0.27959967,-0.28673425,1.4649804
leitema02,2023,Mark Leiter,269,-0.2989782,-0.28750905,1.2654583
ottavad01,2016,Adam Ottavino,107,-0.45551762,-0.28850156,1.3279831
strahma01,2024,Matt Strahm,237,0.49528345,-0.29283568,1.2510204
thompry02,2023,Ryan Thompson,121,0.24534582,-0.29298025,1.1346914
hildetr01,2019,Trevor Hildenberger,88,-0.6762817,-0.29428244,1.131418
barlosc01,2021,Scott Barlow,306,0.7229666,-0.29591176,1.4440627
rogerty01,2020,Tyler Rogers,123,-0.40508443,-0.29614675,1.7883929
surkaer01,2016,Eric Surkamp,197,-1.4241023,-0.2979155,1.1530268
quijajo01,2022,Jose Quijada,169,0.19104612,-0.30531648,1.4431609
florody01,2022,Dylan Floro,220,0.13890034,-0.3070583,1.2353209
allarko01,2019,Kolby Allard,207,-0.4798407,-0.30740154,1.2372032
osunaro01,2019,Roberto Osuna,253,-0.12536538,-0.3075622,1.6311209
nerishe01,2022,Hector Neris,263,-0.3432231,-0.3085258,1.1687043
buttrty01,2019,Ty Buttrey,309,-0.047893703,-0.309687,1.3708621
fauchca01,2024,Calvin Faucher,235,-0.10599583,-0.3117681,1.2835126
mazurad01,2024,Adam Mazur,158,-1.0403683,-0.31719556,1.1195878
raineta01,2022,Tanner Rainey,128,-0.43099606,-0.32689252,1.621015
simslu01,2021,Lucas Sims,195,0.24079433,-0.32779884,1.6275675
anderbr04,2017,Brett Anderson,251,-0.9459315,-0.33398685,1.1099836
pocheco01,2019,Colin Poche,207,-0.47361642,-0.33504158,1.4215469
betande01,2017,Dellin Betances,261,0.07568028,-0.3386147,1.4249396
martich02,2021,Chris Martin,180,-0.5440016,-0.34951591,1.197276
kellyjo05,2023,Joe Kelly,168,-0.6676191,-0.3580817,1.2682931
petityu01,2021,Yusmeiro Petit,313,0.4920838,-0.36274517,1.1456883
fairbpe01,2021,Pete Fairbanks,189,-0.14789876,-0.36310923,1.5876589
fryja01,2018,Jace Fry,214,0.26510262,-0.36774042,1.1489037
wilsost02,2023,Steven Wilson,219,0.5049618,-0.36792803,1.1642426
cosarja01,2017,Jarred Cosart,114,-0.16538826,-0.3686066,1.3238626
soriajo01,2018,Joakim Soria,254,0.1340316,-0.37444633,1.2358196
brittza01,2018,Zack Britton,170,0.20676431,-0.37569672,1.2487835
penafe01,2020,Felix Peña,115,-0.3957792,-0.37588778,1.1629518
rogertr01,2020,Trevor Rogers,130,-0.3256511,-0.3857931,1.1420534
duffety01,2021,Tyler Duffey,254,0.5441409,-0.38820958,1.4007267
bumgama01,2023,Madison Bumgarner,90,-1.2243519,-0.39934248,1.2146695
jonesna01,2021,Nate Jones,87,-0.5095166,-0.40336162,1.2540361
chatwty01,2021,Tyler Chatwood,145,-0.073719114,-0.40564126,1.211213
andrima01,2020,Matt Andriese,126,0.005210221,-0.4057813,1.1557629
bradlar01,2021,Archie Bradley,225,-0.2506431,-0.41069928,1.1830672
moronre01,2019,Reyes Moronta,245,-0.19908373,-0.41474956,1.3685403
stewako01,2018,Kohl Stewart,159,0.37104172,-0.4180464,1.1507577
brebbjo01,2022,John Brebbia,288,0.198601,-0.41824415,1.2633722
familje01,2017,Jeurys Familia,111,-0.7027862,-0.4257263,1.1860918
nelsoji02,2021,Jimmy Nelson,116,-0.3273628,-0.42999125,1.2874929
bummeaa01,2021,Aaron Bummer,242,-0.17536685,-0.43336153,1.2504542
peralwa01,2022,Wandy Peralta,223,-0.14504349,-0.43351752,1.2426664
hernada02,2021,Darwinzon Hernandez,182,-0.66493535,-0.43451577,1.1360945
leonedo01,2018,Dominic Leone,106,-0.7897249,-0.4345204,1.2201817
newcose01,2019,Sean Newcomb,294,-0.527799,-0.43645343,1.1333933
gonzach01,2019,Chi Chi Gonzalez,278,-0.7934867,-0.4399464,1.1055058
guerrju02,2019,Junior Guerra,344,0.28255716,-0.44117385,1.269375
bedroca01,2017,Cam Bedrosian,190,-0.36530483,-0.44152468,1.3440545
lawde01,2019,Derek Law,285,-1.4241943,-0.4472958,1.1343087
chafian01,2023,Andrew Chafin,224,-0.88294417,-0.4507227,1.3671563
wislema01,2022,Matt Wisler,176,-0.49380735,-0.4524633,1.118189
pareden01,2020,Enoli Paredes,90,-0.41753235,-0.45259154,1.6883773
shawbr01,2017,Bryan Shaw,312,0.03188154,-0.45482096,1.1458694
pressry01,2023,Ryan Pressly,268,-0.63723433,-0.458503,1.5024478
cedenxa01,2016,Xavier Cedeno,173,0.2012558,-0.4622224,1.2250845
simslu01,2024,Lucas Sims,215,-0.4174666,-0.4623456,1.1641091
bradlar01,2018,Archie Bradley,296,-0.4440844,-0.46475154,1.6670932
harvehu01,2023,Hunter Harvey,235,0.044490933,-0.46588582,1.4087377
snideco01,2022,Collin Snider,151,-0.12269819,-0.46864498,1.2953076
guaipma01,2015,Mayckol Guaipe,121,-0.81153905,-0.4710045,1.1722335
dunnmi01,2015,Mike Dunn,235,-0.51409644,-0.47200483,1.2676795
nerishe01,2021,Hector Neris,310,-0.8298179,-0.47410572,1.3350711
mayermi01,2021,Mike Mayers,315,-0.4061898,-0.4745379,1.1444532
janseke01,2023,Kenley Jansen,188,-0.18826675,-0.47661883,1.5462426
pressry01,2018,Ryan Pressly,292,-0.013853505,-0.47865558,1.2084252
kelake01,2019,Keone Kela,119,-0.19255626,-0.47957933,1.3646351
hernajo02,2022,Jonathan Hernandez,132,-0.47794527,-0.4823756,1.2713755
strichu01,2018,Hunter Strickland,201,-1.0310752,-0.48243213,1.4548447
axforjo01,2015,John Axford,250,-0.6735658,-0.4844184,1.7157034
lopezpa01,2020,Pablo Lopez,240,0.30243942,-0.4844219,1.1039236
stumpda01,2018,Daniel Stumpf,173,-0.6733253,-0.48514882,1.1419032
stanery01,2021,Ryne Stanek,290,0.20885964,-0.49106404,1.24995
melanma01,2017,Mark Melancon,130,-0.7812544,-0.50006753,1.6197791
boxbebr01,2017,Brad Boxberger,121,-0.36353514,-0.508247,1.1294137
harriwi02,2020,Will Harris,84,-0.14929801,-0.5082554,1.2408237
vestwi01,2024,Will Vest,289,-0.382662,-0.5105069,1.125306
jonesna01,2018,Nate Jones,137,-0.7803725,-0.5110351,1.4017977
leclejo01,2018,Jose Leclerc,223,0.73524225,-0.51276827,1.2646357
ramirno01,2021,Noe Ramirez,147,0.09440029,-0.5159848,1.1300626
rodnefe01,2018,Fernando Rodney,285,-0.011446145,-0.5215304,1.7106665
treinbl01,2017,Blake Treinen,325,-0.55897915,-0.52350503,1.3687248
klubeco01,2019,Corey Kluber,168,-1.0444312,-0.5237772,1.169219
rodrijo04,2021,Joely Rodriguez,205,-0.6588846,-0.5238871,1.1358464
howarsa01,2020,Sam Howard,90,-0.85754585,-0.5251578,1.2076873
garcilu03,2018,Luis Garcia,204,-0.51141304,-0.53312624,1.288233
davieza01,2018,Zach Davies,279,-0.37787718,-0.5336191,1.1066301
baezpe01,2015,Pedro Baez,208,-0.08208832,-0.5429694,1.1351013
karinja01,2023,James Karinchak,171,-1.1870863,-0.5449319,1.3113514
romose01,2020,Sergio Romo,87,-0.46644065,-0.5565552,1.3408453
schepta01,2015,Tanner Scheppers,176,-0.8423852,-0.5608684,1.1370252
lylesjo01,2015,Jordan Lyles,213,-0.4990699,-0.5649638,1.1979029
bandaan01,2017,Anthony Banda,115,-0.43436044,-0.56891847,1.1202242
gratebr01,2022,Brusdar Graterol,197,-0.22483289,-0.58222926,1.14511
wingetr01,2019,Trey Wingenter,218,-0.3528834,-0.5893663,1.11683
reedad01,2015,Addison Reed,241,-0.39157936,-0.59014255,1.3850285
hembrhe01,2020,Heath Hembree,90,-1.165067,-0.5933786,1.1294777
manaese01,2020,Sean Manaea,222,-0.5557529,-0.5995683,1.1000428
wrighky01,2023,Kyle Wright,155,-0.8712893,-0.6043094,1.1126136
chafian01,2018,Andrew Chafin,211,-0.56415516,-0.6057603,1.1124632
cruzfe01,2024,Fernando Cruz,288,0.03989753,-0.6087021,1.2917899
iglesra01,2020,Raisel Iglesias,91,-0.025594125,-0.6091094,1.6541988
barnema01,2019,Matt Barnes,284,-0.116166756,-0.61060977,1.604409
kellyjo05,2024,Joe Kelly,142,-0.56955546,-0.6113758,1.2629771
haderjo01,2022,Josh Hader,219,0.56968063,-0.62076,1.8054026
fulmemi01,2023,Michael Fulmer,237,-1.8229986,-0.6237396,1.1784499
herreke01,2017,Kelvin Herrera,258,-1.1713991,-0.6247591,1.3259447
smithjo05,2016,Joe Smith,217,-0.43781766,-0.6252782,1.153351
brownbr02,2015,Brooks Brown,147,-0.77276796,-0.62591755,1.1641214
cisnejo01,2021,Jose Cisnero,265,0.10025659,-0.6282482,1.3176852
machaan02,2021,Andres Machado,154,-1.1573918,-0.629802,1.1474996
pocheco01,2022,Colin Poche,245,-0.6826502,-0.63106906,1.492202
parnebo01,2015,Bobby Parnell,113,-0.68291426,-0.6382821,1.2037158
gonsast01,2018,Stephen Gonsalves,122,-0.9305573,-0.6444858,1.1138091
kuhlch01,2021,Chad Kuhl,349,-1.8327494,-0.6454608,1.1261998
stroppe01,2016,Pedro Strop,187,-0.19733804,-0.66569316,1.1895381
bardda01,2021,Daniel Bard,304,-1.2190834,-0.6661842,1.6882738
paganem01,2022,Emilio Pagan,274,-1.1754652,-0.6704486,1.1478958
rondohe01,2018,Hector Rondon,250,0.28629726,-0.6711675,1.4693058
coleaj01,2016,A. J. Cole,168,-0.55169153,-0.67224604,1.1194754
chapmar01,2022,Aroldis Chapman,159,-1.0269988,-0.6943952,1.1044762
barlojo01,2022,Joe Barlow,146,-0.51460624,-0.6953722,1.2588896
diazed04,2019,Edwin Diaz,254,-1.9239955,-0.6969676,1.6196938
fienca01,2015,Casey Fien,257,0.59016556,-0.6974921,1.1220818
guerrju02,2020,Junior Guerra,103,-0.58841616,-0.69823503,1.1809608
brazohu01,2023,Huascar Brazoban,257,-0.47307596,-0.70029104,1.1063375
kahnlto01,2015,Tommy Kahnle,155,-1.0479165,-0.7023076,1.133981
karinja01,2020,James Karinchak,109,-0.14880684,-0.7025621,1.1904339
marinro01,2023,Ron Marinaccio,204,-0.7822659,-0.7059342,1.2430222
baezpe01,2017,Pedro Baez,280,-0.6207254,-0.7107473,1.2774473
florody01,2021,Dylan Floro,270,-0.53795147,-0.71131647,1.6461341
olsonty01,2018,Tyler Olson,118,-0.6951306,-0.7144686,1.1128342
lugose01,2020,Seth Lugo,160,-0.92331755,-0.71486807,1.1939056
kellyza01,2024,Zack Kelly,241,-0.89879423,-0.72244525,1.1508707
buttrty01,2020,Ty Buttrey,112,-0.8561843,-0.7247334,1.6224073
dovalca01,2023,Camilo Doval,281,-0.7574525,-0.7278964,1.8085152
leclejo01,2022,Jose Leclerc,198,0.18921225,-0.73550165,1.1692955
munozan01,2023,Andres Munoz,211,-0.5062039,-0.742095,1.7358028
greench03,2024,Chad Green,210,0.16549641,-0.7537594,1.5556922
jimenda02,2023,Dany Jimenez,94,-0.52836,-0.75476015,1.243433
bummeaa01,2022,Aaron Bummer,117,-0.7097517,-0.76128554,1.4925609
stratch01,2020,Chris Stratton,131,-0.91283524,-0.7711731,1.2199607
edwarca01,2017,Carl Edwards,262,0.3528696,-0.7744849,1.2227474
wilsost02,2024,Steven Wilson,163,-1.2124457,-0.77731943,1.1093678
bushma01,2022,Matt Bush,244,-0.69414365,-0.77891195,1.1840919
handbr01,2022,Brad Hand,198,-0.68979883,-0.78492475,1.3309656
garciyi01,2021,Yimi Garcia,237,-1.4533545,-0.78548676,1.6343386
ramirjc01,2015,J. C. Ramirez,106,-0.832881,-0.7859951,1.1481092
diazed04,2021,Edwin Diaz,258,0.9444545,-0.7900429,1.7261308
axforjo01,2016,John Axford,289,-0.69517535,-0.7933283,1.1569142
santito01,2022,Tony Santillan,96,-1.065701,-0.79444784,1.8246223
boxbebr01,2018,Brad Boxberger,235,-0.8906689,-0.79723155,1.9222407
loganbo02,2016,Boone Logan,187,0.043105118,-0.8000251,1.3868887
shawbr01,2015,Bryan Shaw,265,-0.2052781,-0.8013459,1.1946443
alexasc01,2024,Scott Alexander,160,-0.6822525,-0.8015679,1.3929942
betande01,2018,Dellin Betances,272,0.24140124,-0.8029926,1.2009997
bushma01,2017,Matt Bush,240,0.058114015,-0.80398476,1.2106845
bassan01,2020,Anthony Bass,100,-0.15712711,-0.80440694,1.4632134
treinbl01,2020,Blake Treinen,107,-0.70851374,-0.8052615,1.3771247
janseke01,2019,Kenley Jansen,263,-1.0208477,-0.80779016,1.7394894
marshev01,2019,Evan Marshall,209,-0.1061707,-0.80958617,1.2440495
kenneia01,2019,Ian Kennedy,266,-0.29290688,-0.81165516,1.3986188
johnspi01,2024,Pierce Johnson,236,-0.51829654,-0.8143063,1.149745
diekmja01,2022,Jake Diekman,269,-1.7186061,-0.8215029,1.1766645
osunaro01,2017,Roberto Osuna,249,-0.09887402,-0.8215802,1.8202441
matonph01,2020,Phil Maton,96,-0.90684927,-0.8229369,1.31345
mcgousc01,2023,Scott McGough,301,-0.683023,-0.8326378,1.1118249
grimmju01,2018,Justin Grimm,83,-1.0092856,-0.8372855,1.2521218
glasnty01,2017,Tyler Glasnow,305,-2.736904,-0.84950316,1.1307243
beeksja01,2024,Jalen Beeks,312,-1.3670897,-0.8561212,1.3500234
stonega01,2023,Gavin Stone,152,-1.3632283,-0.87524974,1.1184374
stanery01,2024,Ryne Stanek,241,-0.7586992,-0.88080794,1.1918694
fairbpe01,2023,Pete Fairbanks,184,-0.43135643,-0.88417995,1.6104139
ranauan01,2016,Anthony Ranaudo,151,-1.7160513,-0.8988849,1.1096066
raineta01,2021,Tanner Rainey,151,-1.4512031,-0.90688086,1.3135197
turleni01,2020,Nik Turley,93,-0.8786876,-0.9082887,1.4179238
shawbr01,2021,Bryan Shaw,334,-0.6083149,-0.9095891,1.1702551
colemdy01,2023,Dylan Coleman,96,-1.0863026,-0.9102523,1.1173971
duffyda01,2020,Danny Duffy,242,-0.28614956,-0.9192502,1.1333407
boxbebr01,2016,Brad Boxberger,113,-0.68791944,-0.92236125,1.3590325
diazju03,2017,Jumbo Diaz,136,-1.2484348,-0.9232121,1.2285638
minteaj01,2023,A. J. Minter,260,-0.5149032,-0.9256291,1.1848365
greensh02,2018,Shane Greene,279,-0.7045689,-0.9258992,1.4142339
garciyi01,2023,Yimi Garcia,282,-1.3404671,-0.9293173,1.226928
lopezjo02,2022,Jorge Lopez,298,-0.82957745,-0.9311353,1.6423348
strzepe01,2023,Peter Strzelecki,163,-0.8178744,-0.9328312,1.1849483
santade01,2022,Dennis Santana,255,-1.0798242,-0.935769,1.1745492
frypa01,2019,Paul Fry,255,-1.759,-0.93668187,1.1385989
dukeza01,2018,Zach Duke,240,-0.8838894,-0.94473255,1.1857041
pukaj01,2024,A. J. Puk,294,-0.1060662,-0.9532311,1.1838787
floydga01,2016,Gavin Floyd,124,-0.5511729,-0.96126384,1.196294
langeal01,2022,Alex Lange,271,-0.68955266,-0.9647051,1.2865199
diekmja01,2021,Jake Diekman,263,-1.5167723,-0.965927,1.1699966
leasujo01,2024,Jordan Leasure,142,-1.3270637,-0.9665904,1.246957
brittza01,2021,Zack Britton,81,-1.3026999,-0.96879935,1.6551179
helslry01,2023,Ryan Helsley,146,-0.9863018,-0.97382605,1.7642833
mantijo01,2021,Joe Mantiply,177,-0.8792602,-0.9750062,1.160176
yamagsh01,2020,Shun Yamaguchi,120,-0.9251807,-0.9770512,1.1145229
betanra01,2015,Rafael Betancourt,175,-1.3788667,-0.9770919,1.1285177
strahma01,2017,Matt Strahm,154,-0.89813906,-0.9797875,1.2200849
streehu01,2016,Huston Street,105,-1.3155532,-0.98057747,1.3515118
dominse01,2023,Seranthony Dominguez,224,-1.532237,-0.9815319,1.3273537
wieckbr01,2019,Brad Wieck,148,-0.8299581,-0.98900986,1.1443907
bendean01,2024,Anthony Bender,228,-1.1031672,-0.98919994,1.2057357
hernada01,2019,David Hernandez,199,-1.5658373,-0.98949414,1.2155846
brasiry01,2019,Ryan Brasier,242,-1.2983353,-0.99099934,1.2108579
thompma02,2023,Mason Thompson,240,-1.2012496,-0.99156725,1.1174484
sippto01,2015,Tony Sipp,216,0.08742671,-0.9934646,1.1307993
crichst01,2021,Stefan Crichton,117,-1.4233098,-1.0001233,1.1212773
cingrto01,2015,Tony Cingrani,155,-0.846215,-1.0006466,1.25379
quallch01,2015,Chad Qualls,202,-0.5835271,-1.004386,1.151231
estevca01,2023,Carlos Estevez,281,-0.9361391,-1.0045533,1.669943
neshepa01,2015,Pat Neshek,223,-0.7450972,-1.0078224,1.3051479
lawreju01,2023,Justin Lawrence,326,-1.166011,-1.0094991,1.5413451
hernada01,2018,David Hernandez,254,-0.26441243,-1.0102853,1.1418489
abreubr01,2021,Bryan Abreu,161,-0.9019349,-1.0130287,1.2103019
gibauia01,2023,Ian Gibaut,317,-1.2411984,-1.0155524,1.4133922
barreaa01,2015,Aaron Barrett,122,-0.8516488,-1.01631,1.3268784
alvarjo03,2019,Jose Alvarado,146,-1.3271389,-1.0205072,1.8607289
kimbrcr01,2019,Craig Kimbrel,96,-0.8068662,-1.0246831,1.7533836
sotogr01,2022,Gregory Soto,263,-1.4271016,-1.029306,1.8019687
santogr01,2023,Gregory Santos,289,-0.5770459,-1.0293154,1.166826
benoijo01,2017,Joaquin Benoit,213,-1.1574793,-1.0323677,1.1067208
woodrbr01,2020,Brandon Woodruff,293,0.56874764,-1.0424037,1.1059016
nicasju01,2018,Juan Nicasio,183,-1.4609768,-1.0526583,1.4668466
leonedo01,2024,Dominic Leone,89,-1.053873,-1.0552626,1.1345631
barnema01,2020,Matt Barnes,102,-1.3250414,-1.0578623,1.8094141
vizcaar01,2016,Arodys Vizcaino,181,-1.3392706,-1.0641806,1.7376363
romerjo01,2024,JoJo Romero,244,-0.48654267,-1.0782645,1.3972174
sborzjo01,2023,Josh Sborz,214,-0.6940549,-1.0802187,1.1482899
feltnry01,2023,Ryan Feltner,201,-0.44511238,-1.085562,1.1272299
wislema01,2021,Matt Wisler,195,-0.69512415,-1.0891347,1.109197
staumjo01,2022,Josh Staumont,176,-0.9822947,-1.0903127,1.1274613
hatchch02,2015,Chris Hatcher,166,-0.53034097,-1.0983233,1.1903332
maurebr01,2017,Brandon Maurer,267,-1.5653291,-1.0989277,1.2001276
soriajo01,2021,Joakim Soria,159,-1.038151,-1.1014799,1.1251209
uelmeer01,2022,Erich Uelmen,122,-0.9316176,-1.1020474,1.1471109
jaxgr01,2023,Griffin Jax,274,-1.3935001,-1.1044124,1.492365
maydu01,2019,Dustin May,141,-0.47210804,-1.114398,1.2195343
pressry01,2020,Ryan Pressly,91,-0.9271708,-1.1291108,1.986616
urenajo01,2019,Jose Urena,369,-1.7321583,-1.1297696,1.112893
scottta01,2022,Tanner Scott,289,-1.8074744,-1.1389623,1.5787516
stratch01,2022,Chris Stratton,279,-1.5527618,-1.1620252,1.218277
dejonch01,2017,Chase De Jong,125,-1.1190636,-1.1729176,1.1317149
diazed04,2024,Edwin Diaz,216,-0.80589384,-1.1729552,1.8896013
dominse01,2019,Seranthony Dominguez,110,-0.9633558,-1.1860816,1.4052477
rosentr01,2016,Trevor Rosenthal,197,-1.0395094,-1.1885581,1.3263825
eliasro01,2019,Roenis Elias,216,-1.4719155,-1.192209,1.3515348
zieglbr01,2017,Brad Ziegler,211,-1.1300206,-1.1993229,1.2580405
pukaj01,2023,A. J. Puk,242,-1.9769634,-1.2019606,1.5352068
stephtr01,2023,Trevor Stephan,294,-0.8675938,-1.2069488,1.5604769
cabrege01,2021,Genesis Cabrera,296,-0.7570695,-1.2172573,1.2342955
marshev01,2021,Evan Marshall,113,-0.975199,-1.2189658,1.3362778
hudsoda01,2020,Daniel Hudson,93,-1.2642982,-1.2301555,1.4507899
martiju01,2024,Justin Martinez,308,-0.37723207,-1.2326791,1.4484646
hudsoda01,2024,Daniel Hudson,253,-0.16680335,-1.2741491,1.1540848
hillti01,2021,Tim Hill,255,-1.6709726,-1.275523,1.2086705
knebeco01,2022,Corey Knebel,193,-1.4445715,-1.2776678,1.6059918
kahnlto01,2017,Tommy Kahnle,256,-0.99781185,-1.2878392,1.2318295
loupaa01,2022,Aaron Loup,260,-0.8738668,-1.2972332,1.2040305
garcija01,2017,Santiago Casilla,259,-1.4981334,-1.3020548,1.2820837
papeljo01,2016,Jonathan Papelbon,152,-1.2673723,-1.3070257,1.7441242
pegueel01,2024,Elvis Peguero,227,-1.2166711,-1.3086903,1.2717905
hiranyo01,2019,Yoshihisa Hirano,233,-1.1293969,-1.3101344,1.5133951
phelpda01,2020,David Phelps,85,-1.3765595,-1.3323987,1.3845375
brachbr01,2021,Brad Brach,140,-1.0799397,-1.3330998,1.1337581
estevca01,2020,Carlos Estevez,116,-1.465495,-1.334292,1.2951452
millean01,2019,Andrew Miller,237,-1.5909498,-1.3358489,1.4728104
alberma01,2016,Matt Albers,236,-1.864425,-1.3376062,1.1816039
warread01,2016,Adam Warren,277,-1.1796103,-1.34033,1.1723514
daviswa01,2019,Wade Davis,206,-1.0997293,-1.3485631,1.3319979
martibr01,2022,Brett Martin,212,-1.6206623,-1.3718762,1.1402972
selbyco01,2023,Colin Selby,114,-1.4194567,-1.3721935,1.102391
devench02,2023,Chris Devenski,173,-1.357428,-1.3723829,1.4012403
barreja01,2016,Jake Barrett,250,-1.0059755,-1.3762469,1.1094301
adamsau02,2024,Austin Adams,191,-1.4265152,-1.3833866,1.2830521
rogerta01,2020,Taylor Rogers,91,-1.5171357,-1.3995473,1.5821991
perezol01,2019,Oliver Perez,173,-1.36136,-1.4053173,1.2319977
weissgr01,2024,Greg Weissert,263,-1.0917492,-1.4080071,1.1036471
lopezre01,2023,Reynaldo Lopez,277,0.3319002,-1.4083977,1.3829577
maurebr01,2016,Brandon Maurer,299,-1.1607937,-1.428539,1.2629788
lizra01,2015,Radhames Liz,106,-1.8193729,-1.4421833,1.323047
stanery01,2019,Ryne Stanek,327,-0.9705013,-1.448739,1.1391932
underdu01,2022,Duane Underwood,259,-0.9425615,-1.4802902,1.2935425
kenneia01,2022,Ian Kennedy,231,-2.131414,-1.480303,1.4945706
minteaj01,2019,A. J. Minter,147,-1.6063262,-1.4850833,1.3441302
trivilo01,2019,Lou Trivino,269,-1.9089434,-1.4930288,1.4336262
minteaj01,2024,A. J. Minter,134,-0.945373,-1.4941052,1.1238003
castrmi01,2015,Miguel Castro,83,-1.5659268,-1.5022919,1.2149101
nerishe01,2020,Hector Neris,103,-1.1412555,-1.5036701,1.8406956
bummeaa01,2023,Aaron Bummer,267,-2.029396,-1.506571,1.307243
janssca01,2015,Casey Janssen,167,-1.1752894,-1.512696,1.2015543
teperry01,2018,Ryan Tepera,263,-1.204533,-1.52812,1.4304965
garciro04,2024,Robert Garcia,251,-1.7484889,-1.5523671,1.102808
madsory01,2016,Ryan Madson,270,-0.8197288,-1.5573093,1.6919547
hernajo02,2023,Jonathan Hernandez,147,-1.4932351,-1.5749278,1.2106019
barraky01,2019,Kyle Barraclough,164,-1.9301711,-1.581955,1.1053034
graveke01,2023,Kendall Graveman,281,-1.1229092,-1.6018453,1.3924487
suterbr01,2021,Brent Suter,313,-1.3150108,-1.6053016,1.1550697
hicksjo03,2023,Jordan Hicks,285,-1.4950725,-1.6189051,1.278163
boxbebr01,2015,Brad Boxberger,271,-0.8060055,-1.6349381,1.8158197
robleha01,2022,Hansel Robles,111,-1.9410293,-1.6447443,1.5932512
stroppe01,2019,Pedro Strop,178,-1.9505723,-1.6453832,1.1081718
cecilbr01,2016,Brett Cecil,157,-1.4040918,-1.6460614,1.2098074
farmebu01,2023,Buck Farmer,309,-0.8426862,-1.6521769,1.1676904
loganbo02,2015,Boone Logan,168,-2.023299,-1.66201,1.2323351
iglesra01,2019,Raisel Iglesias,279,-1.8836889,-1.6651202,1.6875153
ottavad01,2023,Adam Ottavino,261,-1.4065067,-1.6697042,1.2482108
cishest01,2015,Steve Cishek,243,-1.5927105,-1.6765858,1.1932607
tazawju01,2015,Junichi Tazawa,247,-1.747618,-1.7266228,1.2855613
barnema01,2021,Matt Barnes,222,-1.4471496,-1.7281468,1.4255208
abadfe01,2016,Fernando Abad,198,-1.5164641,-1.7281859,1.2365811
linceti01,2016,Tim Lincecum,200,-2.311857,-1.7310632,1.2166834
mcartja01,2024,James McArthur,246,-2.540682,-1.7390056,1.4129847
workmbr01,2020,Brandon Workman,101,-1.7315478,-1.7565658,1.9605861
montera01,2021,Rafael Montero,225,-2.1128056,-1.7703943,1.2082791
minteaj01,2021,A. J. Minter,220,-1.5974821,-1.7841501,1.347954
barraky01,2018,Kyle Barraclough,245,-2.5536432,-1.7859596,1.490273
tollesh01,2016,Shawn Tolleson,168,-2.2188,-1.7920705,1.2812843
paganem01,2020,Emilio Pagan,87,-1.4490762,-1.8073986,1.133433
wickro01,2022,Rowan Wick,294,-1.7266787,-1.810369,1.2275023
norribu01,2018,Bud Norris,245,-1.5508152,-1.8140826,1.6898843
crickky01,2019,Kyle Crick,226,-1.9034522,-1.8425202,1.4056972
castrmi01,2023,Miguel Castro,268,-1.3480881,-1.8454105,1.2476028
rogerty01,2022,Tyler Rogers,318,-1.8547294,-1.885781,1.1507982
estevca01,2016,Carlos Estevez,246,-1.4068512,-1.8967891,1.1667718
chargjt01,2018,J. T. Chargois,135,-2.153036,-1.9043087,1.2362323
kimbrcr01,2022,Craig Kimbrel,260,-1.8508365,-1.9154049,1.3113146
valdece01,2021,Cesar Valdez,210,-1.8691152,-1.9517963,1.1049337
finneky01,2021,Kyle Finnegan,293,-2.4809232,-1.9528562,1.3838985
bassan01,2021,Anthony Bass,260,-1.8849809,-1.9747365,1.2075236
colomal01,2022,Alex Colome,214,-2.1298199,-1.9752495,1.3854791
bednada01,2024,David Bednar,261,-2.4409945,-1.998004,1.497387
sneedcy01,2020,Cy Sneed,83,-1.9522091,-2.0482776,1.2486215
givenmy01,2019,Mychal Givens,260,-2.1560047,-2.0514333,1.4113718
colomal01,2021,Alex Colome,290,-2.0670583,-2.0632575,1.4703265
iglesra01,2022,Raisel Iglesias,246,-1.3808997,-2.0680041,1.2086612
johnsji04,2017,Jim Johnson,256,-1.953018,-2.069754,1.544504
dysonsa01,2017,Sam Dyson,260,-3.009085,-2.0794594,1.8693619
suerowa01,2019,Wander Suero,296,-1.4880646,-2.143059,1.1273044
greench03,2021,Chad Green,316,-0.9702019,-2.144351,1.4293622
holmecl01,2024,Clay Holmes,271,-1.9670988,-2.1876085,1.9465767
melanma01,2022,Mark Melancon,247,-2.0865574,-2.2032206,1.5359422
felizne01,2015,Neftali Feliz,212,-2.4128747,-2.248205,1.4809978
phelpda01,2017,David Phelps,238,-1.706656,-2.2563787,1.2761158
rogerta01,2022,Taylor Rogers,274,-2.652406,-2.309205,1.7160772
clippty01,2017,Tyler Clippard,264,-2.4700775,-2.3219323,1.2359358
kopecmi01,2024,Michael Kopech,279,-2.0644875,-2.3275418,1.4816073
thompry02,2022,Ryan Thompson,181,-1.7050412,-2.3849916,1.2869549
rodrifr03,2017,Francisco Rodriguez,118,-3.0081303,-2.4340558,1.4952866
soriajo01,2016,Joakim Soria,293,-2.5051026,-2.4921436,1.4707438
mantijo01,2022,Joe Mantiply,243,-1.2711718,-2.5708814,1.4025201
gotttr01,2023,Trevor Gott,261,-2.6206312,-2.5772119,1.1584841
hildetr01,2018,Trevor Hildenberger,319,-2.295749,-2.687739,1.3918877
handbr01,2021,Brad Hand,278,-3.048869,-2.7000117,1.5163001
millesh01,2024,Shelby Miller,225,-2.6931658,-3.0723097,1.239922
kimbrcr01,2024,Craig Kimbrel,232,-2.6758525,-3.1474853,1.3369076
sulseco01,2020,Cole Sulser,100,-3.1328382,-3.270209,1.6242491
hernaca04,2023,Carlos Hernandez,301,-3.278244,-3.2873409,1.1870778
claseem01,2023,Emmanuel Clase,302,-2.8875046,-3.5097504,1.8570606
crowewi01,2022,Wil Crowe,332,-2.8957574,-3.532008,1.3902757
