"last_name, first_name",player_id,year,pa,bip,ba,est_ba,est_ba_minus_ba_diff,slg,est_slg,est_slg_minus_slg_diff,woba,est_woba,est_woba_minus_woba_diff,era,xera,era_minus_xera_diff
"Keuchel, Dallas",572971,2015,911,642,0.217,0.224,-0.007,0.314,0.318,-0.004,0.254,0.264,-0.01,2.48,2.85,-0.367
"Samardzija, Jeff",502188,2015,910,686,0.273,0.263,0.01,0.446,0.413,0.033,0.33,0.323,0.007,4.96,4.37,0.593
"Scherzer, Max",453286,2015,899,584,0.208,0.202,0.0059999999999999,0.358,0.339,0.0189999999999999,0.259,0.253,0.006,2.79,2.61,0.184
"Lackey, John",407793,2015,896,664,0.256,0.244,0.012,0.376,0.381,-0.005,0.295,0.295,0.0,2.77,3.59,-0.824
"Kershaw, Clayton",477132,2015,890,542,0.194,0.191,0.003,0.284,0.273,0.0109999999999999,0.231,0.228,0.003,2.13,2.13,-0.002
"Price, David",456034,2015,888,613,0.23,0.23,0.0,0.35,0.355,-0.005,0.27,0.279,-0.009,2.45,3.19,-0.739
"Kluber, Corey",446372,2015,886,585,0.231,0.228,0.003,0.371,0.367,0.004,0.283,0.284,-0.001,3.49,3.31,0.176
"Dickey, R.A.",285079,2015,884,686,0.244,0.254,-0.01,0.405,0.398,0.007,0.307,0.314,-0.007,3.9,4.1,-0.195
"Hamels, Cole",430935,2015,880,593,0.237,0.231,0.0059999999999999,0.369,0.351,0.018,0.294,0.288,0.006,3.65,3.41,0.235
"Arrieta, Jake",453562,2015,870,580,0.185,0.202,-0.017,0.271,0.281,-0.01,0.225,0.241,-0.0159999999999999,1.77,2.37,-0.601
"Bumgarner, Madison",518516,2015,869,589,0.222,0.227,-0.005,0.349,0.357,-0.008,0.266,0.277,-0.011,2.93,3.14,-0.213
"Archer, Chris",502042,2015,868,547,0.22,0.222,-0.002,0.331,0.346,-0.0149999999999999,0.272,0.281,-0.009,3.23,3.24,-0.014
"Cueto, Johnny",456501,2015,866,636,0.242,0.243,-0.001,0.387,0.389,-0.002,0.294,0.299,-0.005,3.44,3.69,-0.251
"Richards, Garrett",572070,2015,865,608,0.236,0.226,0.0099999999999999,0.359,0.353,0.006,0.293,0.294,-0.001,3.65,3.56,0.086
"Quintana, Jose",500779,2015,862,633,0.272,0.263,0.009,0.408,0.396,0.0119999999999999,0.312,0.307,0.005,3.36,3.91,-0.551
"Shields, James",448306,2015,860,554,0.248,0.232,0.0159999999999999,0.45,0.381,0.069,0.335,0.308,0.027,3.91,3.93,-0.016
"Miller, Shelby",571946,2015,860,610,0.238,0.226,0.0119999999999999,0.355,0.338,0.0169999999999999,0.29,0.285,0.005,3.02,3.33,-0.306
"McHugh, Collin",543521,2015,859,626,0.263,0.233,0.03,0.39,0.352,0.038,0.308,0.287,0.021,3.89,3.38,0.509
"Lewis, Colby",407890,2015,859,664,0.266,0.267,-0.001,0.43,0.447,-0.017,0.317,0.329,-0.012,4.66,4.55,0.111
"Sale, Chris",519242,2015,854,525,0.233,0.209,0.024,0.368,0.321,0.0469999999999999,0.285,0.26,0.0249999999999999,3.41,2.76,0.647
"Volquez, Edinson",450172,2015,850,615,0.251,0.259,-0.008,0.372,0.412,-0.0399999999999999,0.305,0.329,-0.024,3.55,4.55,-1.001
"Greinke, Zack",425844,2015,843,598,0.187,0.211,-0.0239999999999999,0.276,0.318,-0.0419999999999999,0.225,0.255,-0.03,1.66,2.65,-0.993
"Teheran, Julio",527054,2015,843,590,0.253,0.265,-0.012,0.412,0.422,-0.01,0.322,0.335,-0.013,4.04,4.74,-0.703
"Cole, Gerrit",543037,2015,832,576,0.239,0.241,-0.002,0.336,0.37,-0.0339999999999999,0.274,0.294,-0.0199999999999999,2.6,3.56,-0.964
"Zimmermann, Jordan",519455,2015,831,620,0.264,0.256,0.008,0.394,0.406,-0.012,0.304,0.308,-0.004,3.66,3.93,-0.27
"Gray, Sonny",543243,2015,831,601,0.217,0.235,-0.0179999999999999,0.316,0.362,-0.0459999999999999,0.262,0.29,-0.0279999999999999,2.73,3.46,-0.734
"Miley, Wade",489119,2015,831,616,0.265,0.252,0.013,0.416,0.39,0.0259999999999999,0.323,0.311,0.012,4.46,4.02,0.441
"Buehrle, Mark",279824,2015,827,696,0.279,0.285,-0.0059999999999999,0.44,0.456,-0.016,0.321,0.335,-0.014,3.81,4.74,-0.935
"Lester, Jon",452657,2015,827,566,0.24,0.225,0.0149999999999999,0.373,0.343,0.0299999999999999,0.289,0.277,0.0119999999999999,3.34,3.14,0.197
"Hernández, Félix",433587,2015,825,567,0.24,0.234,0.0059999999999999,0.381,0.352,0.029,0.299,0.291,0.008,3.53,3.48,0.046
"Ross, Tyson",475115,2015,823,519,0.237,0.212,0.0249999999999999,0.33,0.304,0.026,0.292,0.277,0.0149999999999999,3.26,3.14,0.12
"Gibson, Kyle",502043,2015,821,604,0.252,0.252,0.0,0.381,0.39,-0.009,0.304,0.311,-0.007,3.84,4.02,-0.183
"Simon, Alfredo",430580,2015,820,627,0.276,0.273,0.003,0.466,0.457,0.009,0.348,0.352,-0.004,5.05,5.3,-0.247
"Colon, Bartolo",112526,2015,815,651,0.281,0.268,0.013,0.437,0.427,0.01,0.316,0.314,0.002,4.16,4.1,0.061
"De La Rosa, Rubby",523989,2015,809,592,0.265,0.248,0.017,0.457,0.397,0.06,0.336,0.312,0.024,4.67,4.05,0.625
"Cashner, Andrew",488768,2015,804,567,0.279,0.243,0.036,0.43,0.375,0.0549999999999999,0.335,0.306,0.029,4.34,3.88,0.458
"Wood, Alex",622072,2015,801,599,0.275,0.265,0.01,0.392,0.398,-0.006,0.316,0.319,-0.003,3.84,4.25,-0.406
"Koehler, Tom",543408,2015,800,580,0.255,0.247,0.008,0.408,0.409,-0.001,0.323,0.323,0.0,4.08,4.37,-0.286
"Gallardo, Yovani",451596,2015,793,603,0.268,0.272,-0.004,0.399,0.389,0.01,0.32,0.323,-0.003,3.42,4.37,-0.952
"Chen, Wei-Yin",612672,2015,792,593,0.262,0.246,0.016,0.456,0.4,0.0559999999999999,0.325,0.304,0.021,3.34,3.82,-0.48
"Jiménez, Ubaldo",434622,2015,791,544,0.257,0.241,0.016,0.397,0.362,0.035,0.32,0.305,0.015,4.11,3.85,0.259
"DeSclafani, Anthony",543101,2015,785,574,0.273,0.251,0.022,0.414,0.39,0.0239999999999999,0.321,0.308,0.013,4.04,3.93,0.115
"Leake, Mike",502190,2015,778,607,0.243,0.274,-0.031,0.393,0.432,-0.0389999999999999,0.296,0.33,-0.034,3.7,4.58,-0.877
"Santiago, Héctor",502327,2015,776,533,0.227,0.224,0.003,0.416,0.407,0.009,0.313,0.312,0.001,3.59,4.05,-0.463
"Liriano, Francisco",434538,2015,773,493,0.223,0.228,-0.005,0.332,0.342,-0.01,0.282,0.291,-0.009,3.38,3.48,-0.105
"Niese, Jonathon",477003,2015,770,593,0.28,0.262,0.018,0.424,0.395,0.0289999999999999,0.333,0.319,0.014,4.13,4.25,-0.124
"Danks, John",433579,2015,768,585,0.281,0.249,0.032,0.466,0.402,0.064,0.344,0.312,0.0319999999999999,4.71,4.05,0.661
"Haren, Dan",429717,2015,768,590,0.245,0.249,-0.004,0.444,0.424,0.02,0.315,0.312,0.003,3.6,4.05,-0.447
"Kazmir, Scott",431148,2015,763,540,0.237,0.247,-0.01,0.374,0.396,-0.022,0.298,0.317,-0.019,3.1,4.19,-1.092
"Wacha, Michael",608379,2015,762,545,0.236,0.24,-0.004,0.373,0.373,0.0,0.294,0.301,-0.007,3.38,3.74,-0.365
"Fiers, Mike",571666,2015,761,511,0.238,0.23,0.0079999999999999,0.407,0.388,0.0189999999999999,0.308,0.303,0.005,3.69,3.8,-0.107
"Gonzalez, Gio",461829,2015,758,516,0.269,0.239,0.03,0.374,0.368,0.006,0.312,0.303,0.009,3.79,3.8,-0.009
"Salazar, Danny",517593,2015,757,502,0.226,0.233,-0.007,0.387,0.389,-0.002,0.293,0.302,-0.009,3.45,3.77,-0.316
"Martinez, Carlos",593372,2015,755,500,0.25,0.229,0.0209999999999999,0.367,0.344,0.023,0.302,0.29,0.012,3.01,3.46,-0.454
"Harvey, Matt",518774,2015,754,524,0.222,0.207,0.015,0.344,0.316,0.0279999999999999,0.266,0.252,0.014,2.71,2.59,0.12
"Nelson, Jimmy",519076,2015,752,526,0.246,0.232,0.0139999999999999,0.382,0.362,0.02,0.309,0.306,0.003,4.11,3.88,0.231
"Lynn, Lance",458681,2015,751,511,0.258,0.234,0.0239999999999999,0.378,0.372,0.006,0.311,0.303,0.008,3.03,3.8,-0.771
"deGrom, Jacob",594798,2015,751,506,0.215,0.214,0.001,0.318,0.322,-0.004,0.251,0.259,-0.008,2.54,2.74,-0.195
"Anderson, Brett",474463,2015,750,586,0.278,0.241,0.037,0.402,0.37,0.032,0.316,0.293,0.023,3.69,3.53,0.163
"Harang, Aaron",421685,2015,748,583,0.278,0.268,0.01,0.47,0.467,0.0029999999999999,0.345,0.345,0.0,4.86,5.07,-0.213
"Heston, Chris",518790,2015,746,528,0.253,0.248,0.005,0.397,0.393,0.004,0.32,0.321,-0.001,3.95,4.31,-0.359
"Bauer, Trevor",545333,2015,744,490,0.232,0.229,0.003,0.394,0.376,0.018,0.314,0.309,0.005,4.55,3.96,0.591
"Tillman, Chris",501957,2015,740,551,0.267,0.257,0.01,0.43,0.411,0.019,0.331,0.326,0.005,4.99,4.46,0.534
"Hendricks, Kyle",543294,2015,739,520,0.244,0.245,-0.001,0.38,0.36,0.02,0.296,0.294,0.002,3.95,3.56,0.39
"Porcello, Rick",519144,2015,737,540,0.287,0.266,0.0209999999999999,0.455,0.43,0.025,0.34,0.327,0.013,4.92,4.49,0.429
"Locke, Jeff",502046,2015,736,540,0.274,0.25,0.024,0.398,0.367,0.031,0.321,0.306,0.015,4.49,3.88,0.611
"Carrasco, Carlos",471911,2015,730,466,0.228,0.213,0.015,0.369,0.329,0.0399999999999999,0.281,0.265,0.016,3.63,2.87,0.756
"Sabathia, CC",282332,2015,726,533,0.285,0.253,0.0319999999999999,0.458,0.378,0.08,0.343,0.304,0.039,4.73,3.82,0.913
"Estrada, Marco",462136,2015,724,533,0.203,0.218,-0.0149999999999999,0.364,0.372,-0.008,0.276,0.288,-0.0119999999999999,3.13,3.41,-0.277
"Happ, J.A.",457918,2015,717,519,0.259,0.254,0.005,0.391,0.387,0.004,0.304,0.304,0.0,3.61,3.82,-0.21
"Pelfrey, Mike",460059,2015,714,571,0.304,0.293,0.011,0.413,0.433,-0.02,0.339,0.347,-0.0079999999999999,4.26,5.13,-0.867
"Kennedy, Ian",453178,2015,712,480,0.258,0.251,0.007,0.497,0.44,0.0569999999999999,0.347,0.327,0.0199999999999999,4.28,4.49,-0.213
"Hammel, Jason",434628,2015,710,492,0.242,0.254,-0.012,0.425,0.421,0.004,0.305,0.314,-0.009,3.74,4.1,-0.356
"Walker, Taijuan",592836,2015,705,500,0.252,0.251,0.001,0.415,0.428,-0.013,0.311,0.318,-0.007,4.56,4.22,0.342
"Odorizzi, Jake",543606,2015,700,501,0.231,0.243,-0.0119999999999999,0.396,0.418,-0.0219999999999999,0.295,0.314,-0.019,3.35,4.1,-0.752
"Burnett, A.J.",150359,2015,699,496,0.275,0.261,0.014,0.381,0.406,-0.025,0.315,0.323,-0.008,3.18,4.37,-1.187
"Ventura, Yordano",570649,2015,693,470,0.248,0.24,0.008,0.378,0.382,-0.004,0.307,0.313,-0.006,4.08,4.07,0.008
"Eovaldi, Nathan",543135,2015,673,500,0.285,0.257,0.0279999999999999,0.377,0.379,-0.002,0.316,0.311,0.005,4.2,4.02,0.179
"Chavez, Jesse",445926,2015,672,486,0.268,0.258,0.01,0.41,0.405,0.0049999999999999,0.317,0.317,0.0,4.18,4.19,-0.005
"Weaver, Jered",450308,2015,669,534,0.264,0.24,0.024,0.454,0.414,0.04,0.33,0.309,0.021,4.64,3.96,0.682
"Pineda, Michael",501381,2015,668,488,0.278,0.242,0.036,0.451,0.383,0.068,0.322,0.287,0.035,4.37,3.38,0.989
"Garza, Matt",490063,2015,666,503,0.294,0.271,0.0229999999999999,0.475,0.424,0.0509999999999999,0.359,0.335,0.0239999999999999,5.63,4.74,0.89
"Lohse, Kyle",346798,2015,665,510,0.297,0.287,0.01,0.502,0.482,0.02,0.362,0.357,0.005,5.85,5.48,0.369
"Ramírez, Erasmo",541640,2015,665,490,0.236,0.251,-0.015,0.363,0.383,-0.02,0.289,0.307,-0.018,3.75,3.91,-0.163
"Guthrie, Jeremy",425386,2015,664,527,0.31,0.301,0.009,0.515,0.496,0.019,0.376,0.371,0.005,5.95,6.0,-0.054
"Hutchison, Drew",571800,2015,664,480,0.297,0.27,0.0269999999999999,0.473,0.451,0.0219999999999999,0.357,0.346,0.011,5.57,5.1,0.468
"Sánchez, Aníbal",434671,2015,660,472,0.252,0.241,0.011,0.459,0.387,0.072,0.33,0.304,0.026,4.99,3.82,1.167
"Hughes, Phil",461833,2015,651,539,0.293,0.302,-0.009,0.501,0.523,-0.022,0.347,0.365,-0.018,4.4,5.77,-1.367
"Anderson, Chase",502624,2015,640,482,0.272,0.252,0.02,0.432,0.386,0.0459999999999999,0.325,0.309,0.016,4.3,3.96,0.343
"Hellickson, Jeremy",476451,2015,636,466,0.264,0.267,-0.003,0.462,0.46,0.002,0.334,0.341,-0.007,4.62,4.93,-0.307
"De La Rosa, Jorge",407822,2015,634,432,0.247,0.237,0.01,0.413,0.374,0.0389999999999999,0.32,0.31,0.01,4.17,3.99,0.178
"Kendrick, Kyle",452718,2015,629,497,0.302,0.281,0.0209999999999999,0.565,0.486,0.0789999999999999,0.392,0.36,0.032,6.32,5.59,0.733
"González, Miguel",456068,2015,622,454,0.27,0.264,0.006,0.456,0.426,0.03,0.344,0.335,0.0089999999999999,4.92,4.74,0.175
"Karns, Nate",501992,2015,621,415,0.239,0.243,-0.004,0.387,0.401,-0.014,0.307,0.317,-0.01,3.67,4.19,-0.517
"Tanaka, Masahiro",547888,2015,608,441,0.221,0.246,-0.0249999999999999,0.42,0.438,-0.018,0.287,0.31,-0.023,3.51,3.99,-0.484
"Rodón, Carlos",607074,2015,607,389,0.251,0.242,0.009,0.377,0.377,0.0,0.323,0.326,-0.003,3.75,4.46,-0.714
"Syndergaard, Noah",592789,2015,603,403,0.225,0.212,0.013,0.378,0.332,0.0459999999999999,0.279,0.26,0.019,3.24,2.76,0.48
"Vogelsong, Ryan",285064,2015,598,429,0.265,0.27,-0.005,0.443,0.453,-0.01,0.337,0.35,-0.0129999999999999,4.67,5.24,-0.573
"Rusin, Chris",543734,2015,594,464,0.31,0.28,0.0299999999999999,0.505,0.436,0.069,0.371,0.336,0.0349999999999999,5.33,4.77,0.562
"Duffy, Danny",518633,2015,588,424,0.264,0.254,0.01,0.405,0.398,0.007,0.328,0.329,-0.001,4.08,4.55,-0.467
"Kelly, Joe",523260,2015,587,422,0.276,0.271,0.005,0.428,0.416,0.012,0.335,0.333,0.002,4.82,4.67,0.154
"Shoemaker, Matt",533167,2015,569,414,0.259,0.235,0.024,0.45,0.409,0.041,0.326,0.304,0.022,4.46,3.82,0.636
"Morton, Charlie",450203,2015,563,414,0.271,0.263,0.008,0.429,0.394,0.0349999999999999,0.333,0.321,0.012,4.81,4.31,0.504
"Martinez, Nick",607259,2015,558,422,0.274,0.285,-0.0109999999999999,0.45,0.449,0.001,0.346,0.358,-0.012,3.96,5.52,-1.56
"Wilson, C.J.",450351,2015,553,387,0.24,0.261,-0.021,0.367,0.409,-0.0419999999999999,0.301,0.329,-0.028,3.89,4.55,-0.664
"Williams, Jerome",425532,2015,553,440,0.317,0.307,0.01,0.5,0.505,-0.005,0.37,0.372,-0.002,5.8,6.04,-0.238
"Despaigne, Odrisamer",628333,2015,548,437,0.287,0.28,0.0069999999999999,0.463,0.428,0.035,0.346,0.337,0.0089999999999999,5.8,4.8,1.001
"Ray, Robbie",592662,2015,545,369,0.255,0.242,0.013,0.4,0.37,0.03,0.318,0.308,0.01,3.52,3.93,-0.405
"Milone, Tommy",543548,2015,543,415,0.26,0.255,0.005,0.424,0.416,0.008,0.315,0.319,-0.004,3.92,4.25,-0.333
"Verlander, Justin",434378,2015,535,387,0.229,0.217,0.012,0.357,0.319,0.0379999999999999,0.276,0.26,0.016,3.38,2.76,0.615
"Warren, Adam",476589,2015,534,384,0.236,0.241,-0.005,0.347,0.356,-0.009,0.287,0.296,-0.009,3.29,3.61,-0.321
"Hudson, Tim",218596,2015,525,417,0.282,0.29,-0.008,0.405,0.428,-0.0229999999999999,0.327,0.346,-0.0189999999999999,4.44,5.1,-0.661
"Strasburg, Stephen",544931,2015,523,339,0.236,0.222,0.0139999999999999,0.375,0.35,0.025,0.285,0.272,0.0129999999999999,3.46,3.03,0.433
"Rodriguez, Eduardo",593958,2015,521,382,0.255,0.265,-0.01,0.389,0.406,-0.017,0.306,0.321,-0.015,3.85,4.31,-0.463
"McCullers Jr., Lance",621121,2015,520,343,0.226,0.232,-0.006,0.362,0.376,-0.014,0.289,0.3,-0.011,3.22,3.72,-0.497
"Iwakuma, Hisashi",547874,2015,516,383,0.24,0.26,-0.02,0.402,0.411,-0.0089999999999999,0.29,0.309,-0.019,3.54,3.96,-0.42
"Lorenzen, Michael",547179,2015,515,369,0.292,0.291,0.001,0.503,0.463,0.0399999999999999,0.377,0.368,0.009,5.4,5.89,-0.49
"Pérez, Williams",554234,2015,514,381,0.291,0.273,0.0179999999999999,0.437,0.427,0.01,0.353,0.349,0.004,4.78,5.2,-0.417
"García, Jaime",448802,2015,510,380,0.225,0.233,-0.008,0.299,0.334,-0.035,0.256,0.279,-0.023,2.43,3.19,-0.761
"Bettis, Chad",518452,2015,502,359,0.268,0.251,0.017,0.438,0.401,0.0369999999999999,0.333,0.319,0.014,4.23,4.25,-0.024
"Graveman, Kendall",608665,2015,502,382,0.276,0.287,-0.0109999999999999,0.423,0.444,-0.021,0.333,0.351,-0.0179999999999999,4.05,5.27,-1.224
"Jungmann, Taylor",543380,2015,501,339,0.241,0.247,-0.006,0.38,0.392,-0.012,0.309,0.32,-0.011,3.77,4.28,-0.509
"Young, Chris",432934,2015,500,374,0.202,0.216,-0.0139999999999999,0.37,0.369,0.001,0.28,0.289,-0.0089999999999999,3.06,3.43,-0.365
"Collmenter, Josh",518567,2015,499,411,0.277,0.285,-0.0079999999999999,0.476,0.494,-0.018,0.334,0.351,-0.0169999999999999,3.79,5.27,-1.477
"Latos, Mat",502009,2015,494,361,0.267,0.261,0.006,0.429,0.445,-0.016,0.32,0.33,-0.01,4.95,4.58,0.371
"May, Trevor",543507,2015,492,352,0.279,0.247,0.032,0.431,0.38,0.0509999999999999,0.323,0.295,0.028,4.0,3.59,0.413
"Elías, Roenis",606273,2015,490,340,0.245,0.253,-0.008,0.405,0.413,-0.0079999999999999,0.32,0.332,-0.012,4.14,4.64,-0.504
"Phelps, David",475479,2015,482,368,0.272,0.274,-0.002,0.404,0.429,-0.0249999999999999,0.318,0.334,-0.016,4.5,4.71,-0.21
"Wisler, Matt",605538,2015,478,362,0.28,0.279,0.001,0.475,0.506,-0.031,0.35,0.365,-0.015,4.71,5.77,-1.064
"Peralta, Wily",503449,2015,478,377,0.302,0.28,0.0219999999999999,0.484,0.446,0.0379999999999999,0.363,0.346,0.017,4.72,5.1,-0.379
"Gausman, Kevin",592332,2015,470,336,0.251,0.241,0.01,0.44,0.417,0.023,0.318,0.309,0.009,4.25,3.96,0.286
"Buchholz, Clay",453329,2015,469,334,0.26,0.241,0.019,0.361,0.333,0.0279999999999999,0.292,0.278,0.0139999999999999,3.26,3.17,0.086
"Roark, Tanner",543699,2015,466,365,0.279,0.269,0.01,0.459,0.451,0.008,0.336,0.333,0.003,4.38,4.67,-0.292
"Bolsinger, Mike",502211,2015,466,322,0.251,0.243,0.008,0.381,0.369,0.012,0.309,0.306,0.003,3.62,3.88,-0.258
"Santana, Ervin",429722,2015,457,335,0.253,0.278,-0.025,0.411,0.441,-0.03,0.317,0.341,-0.024,4.0,4.93,-0.93
"Colomé, Alex",517008,2015,457,334,0.271,0.266,0.005,0.375,0.421,-0.0459999999999999,0.303,0.322,-0.019,3.94,4.34,-0.401
"Feldman, Scott",444857,2015,451,363,0.275,0.279,-0.004,0.423,0.415,0.008,0.319,0.325,-0.006,3.9,4.43,-0.525
"Fister, Doug",450729,2015,449,356,0.295,0.273,0.0219999999999999,0.457,0.434,0.023,0.341,0.329,0.012,4.19,4.55,-0.356
"Peavy, Jake",408241,2015,448,343,0.239,0.234,0.0049999999999999,0.4,0.422,-0.0219999999999999,0.296,0.307,-0.011,3.58,3.91,-0.332
"Heaney, Andrew",571760,2015,438,326,0.247,0.253,-0.006,0.375,0.422,-0.0469999999999999,0.297,0.321,-0.024,3.49,4.31,-0.818
"Wood, Travis",475243,2015,419,261,0.229,0.238,-0.0089999999999999,0.362,0.384,-0.022,0.289,0.304,-0.015,3.84,3.82,0.024
"Nova, Iván",467100,2015,413,310,0.269,0.263,0.006,0.454,0.414,0.04,0.344,0.334,0.0099999999999999,5.07,4.71,0.364
"Hand, Brad",543272,2015,408,306,0.292,0.277,0.0149999999999999,0.432,0.434,-0.002,0.342,0.34,0.002,5.3,4.9,0.404
"Hahn, Jesse",534910,2015,406,309,0.238,0.261,-0.023,0.324,0.364,-0.0399999999999999,0.277,0.307,-0.0299999999999999,3.35,3.91,-0.558
"Foltynewicz, Mike",592314,2015,399,289,0.313,0.265,0.0479999999999999,0.531,0.438,0.093,0.382,0.338,0.0439999999999999,5.71,4.83,0.882
"Montgomery, Mike",543557,2015,395,289,0.261,0.268,-0.007,0.416,0.435,-0.019,0.33,0.344,-0.0139999999999999,4.6,5.03,-0.43
"Iglesias, Raisel",628452,2015,395,256,0.228,0.222,0.006,0.385,0.367,0.018,0.3,0.294,0.006,4.15,3.56,0.594
"Rodriguez, Wandy",434643,2015,392,281,0.285,0.278,0.0069999999999999,0.441,0.434,0.007,0.343,0.344,-0.0009999999999999,4.9,5.03,-0.13
"Sanchez, Aaron",592717,2015,380,272,0.224,0.253,-0.0289999999999999,0.345,0.371,-0.026,0.297,0.324,-0.027,3.22,4.4,-1.183
"Norris, Bud",502032,2015,377,271,0.297,0.275,0.0219999999999999,0.534,0.461,0.073,0.382,0.352,0.03,6.72,5.3,1.423
"Nuño, Vidal",573064,2015,376,268,0.264,0.231,0.033,0.46,0.401,0.059,0.329,0.301,0.028,3.74,3.74,0.002
"Greene, Shane",572888,2015,373,290,0.308,0.287,0.021,0.53,0.462,0.068,0.379,0.351,0.028,6.88,5.27,1.614
"Butler, Eddie",572750,2015,370,280,0.322,0.287,0.035,0.546,0.464,0.082,0.406,0.368,0.038,5.9,5.89,0.009
"Anderson, Cody",594736,2015,365,296,0.231,0.261,-0.03,0.365,0.424,-0.059,0.282,0.322,-0.04,3.06,4.34,-1.285
"De Fratus, Justin",518603,2015,362,257,0.291,0.249,0.0419999999999999,0.462,0.407,0.055,0.354,0.325,0.0289999999999999,5.51,4.43,1.083
"Bassitt, Chris",605135,2015,361,258,0.244,0.253,-0.009,0.359,0.379,-0.02,0.305,0.323,-0.018,3.56,4.37,-0.812
"Pomeranz, Drew",519141,2015,357,241,0.226,0.229,-0.003,0.354,0.362,-0.008,0.286,0.295,-0.009,3.66,3.59,0.073
"Corbin, Patrick",571578,2015,357,260,0.272,0.263,0.009,0.433,0.434,-0.001,0.321,0.321,0.0,3.6,4.31,-0.71
"Hernandez, Roberto",433584,2015,357,288,0.275,0.282,-0.0069999999999999,0.446,0.421,0.025,0.332,0.33,0.002,4.36,4.58,-0.222
"Morgan, Adam",605388,2015,352,282,0.269,0.263,0.006,0.465,0.465,0.0,0.333,0.336,-0.003,4.48,4.77,-0.288
"Buchanan, David",571527,2015,351,275,0.346,0.304,0.0419999999999999,0.559,0.477,0.082,0.414,0.371,0.0429999999999999,6.99,6.0,0.991
"Hale, David",571735,2015,346,263,0.298,0.256,0.0419999999999999,0.52,0.427,0.093,0.366,0.319,0.0469999999999999,6.09,4.25,1.839
"Pérez, Martín",527048,2015,338,264,0.285,0.269,0.0159999999999999,0.392,0.392,0.0,0.318,0.318,0.0,4.46,4.22,0.242
"Frías, Carlos",516910,2015,333,261,0.297,0.278,0.0189999999999999,0.405,0.392,0.013,0.333,0.327,0.006,4.06,4.49,-0.434
"Lincecum, Tim",453311,2015,333,234,0.26,0.262,-0.002,0.391,0.419,-0.0279999999999999,0.324,0.338,-0.014,4.13,4.83,-0.703
"Betances, Dellin",476454,2015,332,158,0.157,0.164,-0.007,0.244,0.25,-0.006,0.236,0.244,-0.008,1.5,2.43,-0.93
"Doubront, Felix",467094,2015,328,245,0.298,0.272,0.0259999999999999,0.466,0.437,0.029,0.351,0.338,0.0129999999999999,5.5,4.83,0.666
"O'Sullivan, Sean",457711,2015,327,266,0.322,0.289,0.033,0.572,0.465,0.1069999999999999,0.395,0.349,0.046,6.08,5.2,0.885
"Brach, Brad",542960,2015,324,197,0.203,0.201,0.002,0.331,0.311,0.02,0.277,0.272,0.005,2.72,3.03,-0.307
"Gómez, Jeanmar",491646,2015,319,250,0.278,0.271,0.007,0.38,0.394,-0.014,0.3,0.308,-0.008,3.01,3.93,-0.917
"Caminero, Arquimedes",491708,2015,318,210,0.224,0.235,-0.0109999999999999,0.352,0.368,-0.016,0.293,0.306,-0.013,3.62,3.88,-0.264
"Nola, Aaron",605400,2015,318,229,0.251,0.24,0.011,0.403,0.388,0.015,0.305,0.3,0.005,3.59,3.72,-0.128
"Petit, Yusmeiro",433589,2015,316,241,0.256,0.225,0.031,0.454,0.388,0.066,0.313,0.281,0.0319999999999999,3.67,3.24,0.431
"Ross, Joe",605452,2015,314,222,0.223,0.213,0.01,0.348,0.372,-0.024,0.277,0.286,-0.0089999999999999,3.64,3.36,0.279
"Siegrist, Kevin",543779,2015,312,185,0.198,0.204,-0.0059999999999999,0.313,0.33,-0.017,0.269,0.289,-0.0199999999999999,2.17,3.43,-1.26
"Worley, Vance",474699,2015,310,238,0.287,0.276,0.0109999999999999,0.422,0.417,0.005,0.328,0.326,0.002,4.02,4.46,-0.441
"Wright, Steven",453214,2015,310,230,0.239,0.22,0.0189999999999999,0.414,0.393,0.0209999999999999,0.315,0.305,0.01,4.09,3.85,0.237
"Blanton, Joe",430599,2015,309,213,0.24,0.252,-0.012,0.389,0.402,-0.013,0.282,0.298,-0.016,2.84,3.66,-0.818
"Dyson, Sam",473879,2015,309,213,0.233,0.209,0.024,0.308,0.289,0.019,0.27,0.257,0.013,2.63,2.7,-0.072
"Familia, Jeurys",544727,2015,308,201,0.207,0.208,-0.001,0.309,0.313,-0.004,0.252,0.258,-0.006,1.85,2.72,-0.874
"Delgado, Randall",517414,2015,307,200,0.234,0.205,0.029,0.361,0.309,0.0519999999999999,0.299,0.275,0.0239999999999999,3.25,3.1,0.15
"Chafin, Andrew",605177,2015,306,217,0.207,0.244,-0.037,0.3,0.345,-0.0449999999999999,0.256,0.296,-0.0399999999999999,2.76,3.61,-0.85
"García, Luis",472610,2015,304,204,0.275,0.246,0.029,0.385,0.341,0.0439999999999999,0.322,0.302,0.02,3.51,3.77,-0.26
"Nicolino, Justin",592593,2015,301,255,0.267,0.279,-0.012,0.437,0.478,-0.0409999999999999,0.325,0.353,-0.0279999999999999,4.01,5.34,-1.326
"Clippard, Tyler",461325,2015,301,202,0.186,0.206,-0.0199999999999999,0.319,0.364,-0.0449999999999999,0.267,0.296,-0.0289999999999999,2.92,3.61,-0.695
"McAllister, Zach",502083,2015,299,189,0.258,0.213,0.045,0.38,0.333,0.0469999999999999,0.305,0.271,0.0339999999999999,3.0,3.0,0.0
"Giles, Ken",571704,2015,298,185,0.219,0.217,0.002,0.283,0.328,-0.045,0.254,0.276,-0.022,1.8,3.12,-1.32
"Tolleson, Shawn",474521,2015,298,203,0.239,0.244,-0.005,0.388,0.401,-0.013,0.288,0.297,-0.009,2.99,3.64,-0.654
"Paxton, James",572020,2015,297,212,0.253,0.251,0.002,0.381,0.42,-0.0389999999999999,0.309,0.329,-0.02,3.9,4.55,-0.654
"Cosart, Jarred",543054,2015,296,215,0.243,0.255,-0.012,0.432,0.44,-0.008,0.331,0.346,-0.0149999999999999,4.52,5.1,-0.578
"Flande, Yohan",456071,2015,296,227,0.277,0.274,0.003,0.519,0.473,0.046,0.364,0.355,0.009,4.74,5.41,-0.669
"Melancon, Mark",453343,2015,293,215,0.207,0.219,-0.012,0.291,0.304,-0.013,0.237,0.254,-0.017,2.23,2.63,-0.4
"Watson, Tony",453265,2015,293,210,0.205,0.23,-0.025,0.265,0.334,-0.069,0.235,0.276,-0.041,1.91,3.12,-1.208
"Johnson, Jim",462382,2015,291,216,0.296,0.23,0.0659999999999999,0.388,0.324,0.064,0.325,0.279,0.0459999999999999,4.46,3.19,1.265
"Hudson, Daniel",543339,2015,290,194,0.245,0.247,-0.002,0.383,0.403,-0.02,0.3,0.317,-0.017,3.86,4.19,-0.333
"Detwiler, Ross",446321,2015,288,205,0.34,0.277,0.063,0.552,0.459,0.093,0.42,0.371,0.0489999999999999,7.25,6.0,1.251
"Rosenthal, Trevor",572096,2015,287,178,0.238,0.206,0.032,0.312,0.305,0.007,0.274,0.26,0.014,2.1,2.76,-0.663
"Allen, Cody",592102,2015,286,160,0.219,0.202,0.0169999999999999,0.305,0.306,-0.001,0.265,0.261,0.004,2.99,2.78,0.206
"Herrera, Kelvin",516969,2015,286,194,0.206,0.226,-0.02,0.298,0.351,-0.0529999999999999,0.258,0.296,-0.0379999999999999,2.71,3.61,-0.897
"Bergman, Christian",548357,2015,286,234,0.306,0.286,0.02,0.485,0.44,0.0449999999999999,0.354,0.337,0.0169999999999999,4.74,4.8,-0.059
"Jepsen, Kevin",448178,2015,285,199,0.206,0.229,-0.023,0.282,0.371,-0.089,0.251,0.304,-0.0529999999999999,2.33,3.82,-1.495
"Smith, Carson",605476,2015,285,163,0.194,0.179,0.015,0.262,0.253,0.009,0.244,0.24,0.004,2.31,2.35,-0.036
"Jeffress, Jeremy",502026,2015,285,193,0.249,0.247,0.002,0.35,0.357,-0.007,0.29,0.297,-0.007,2.65,3.64,-0.993
"Badenhop, Burke",488674,2015,285,229,0.273,0.277,-0.004,0.385,0.435,-0.0499999999999999,0.303,0.329,-0.026,3.94,4.55,-0.615
"Kontos, George",502004,2015,284,228,0.213,0.242,-0.0289999999999999,0.351,0.396,-0.045,0.253,0.288,-0.0349999999999999,2.33,3.41,-1.078
"Hughes, Jared",453172,2015,284,222,0.282,0.274,0.0079999999999999,0.375,0.405,-0.03,0.316,0.33,-0.014,2.28,4.58,-2.296
"Graham, J.R.",543242,2015,283,205,0.287,0.267,0.0199999999999999,0.461,0.467,-0.006,0.351,0.349,0.002,4.95,5.2,-0.252
"Alvarez, Jose",501625,2015,283,196,0.228,0.229,-0.001,0.339,0.334,0.005,0.281,0.283,-0.0019999999999999,3.49,3.29,0.203
"Andriese, Matt",542882,2015,282,213,0.267,0.247,0.02,0.411,0.411,0.0,0.315,0.317,-0.002,4.11,4.19,-0.078
"Conley, Adam",543045,2015,281,198,0.258,0.228,0.03,0.405,0.371,0.034,0.313,0.294,0.019,3.76,3.56,0.201
"Rondón, Héctor",444468,2015,281,194,0.212,0.215,-0.003,0.305,0.306,-0.001,0.249,0.255,-0.006,1.67,2.65,-0.979
"Breslow, Craig",444520,2015,280,209,0.279,0.249,0.03,0.486,0.425,0.061,0.347,0.319,0.0279999999999999,4.15,4.25,-0.096
"Treinen, Blake",595014,2015,280,181,0.254,0.214,0.04,0.348,0.31,0.0379999999999999,0.303,0.28,0.0229999999999999,3.86,3.21,0.647
"Lobstein, Kyle",543456,2015,280,225,0.305,0.284,0.021,0.469,0.447,0.0219999999999999,0.358,0.346,0.012,5.94,5.1,0.837
"González, Chi Chi",592346,2015,280,215,0.202,0.252,-0.0499999999999999,0.331,0.372,-0.0409999999999999,0.283,0.325,-0.042,3.9,4.43,-0.534
"Moore, Matt",519043,2015,278,205,0.298,0.263,0.0349999999999999,0.476,0.449,0.0269999999999999,0.362,0.346,0.016,5.43,5.1,0.329
"Chapman, Aroldis",547973,2015,278,124,0.181,0.162,0.0189999999999999,0.235,0.239,-0.004,0.247,0.245,0.002,1.63,2.45,-0.822
"Ramos, AJ",573109,2015,277,161,0.184,0.181,0.003,0.294,0.299,-0.005,0.254,0.26,-0.006,2.3,2.76,-0.457
"Morris, Bryan",457768,2015,277,201,0.275,0.248,0.027,0.369,0.34,0.0289999999999999,0.321,0.304,0.017,3.14,3.82,-0.677
"Ogando, Alexi",468396,2015,277,193,0.242,0.235,0.007,0.451,0.394,0.0569999999999999,0.334,0.315,0.019,4.0,4.13,-0.135
"Rodney, Fernando",407845,2015,277,182,0.248,0.223,0.0249999999999999,0.429,0.347,0.082,0.338,0.304,0.034,4.74,3.82,0.919
"Harris, Will",501789,2015,276,185,0.168,0.22,-0.0519999999999999,0.288,0.362,-0.074,0.234,0.289,-0.0549999999999999,1.9,3.43,-1.529
"Smyly, Drew",592767,2015,275,177,0.23,0.235,-0.0049999999999999,0.413,0.443,-0.03,0.305,0.32,-0.015,3.1,4.28,-1.175
"Ureña, José",570632,2015,274,218,0.307,0.29,0.017,0.445,0.442,0.003,0.353,0.353,0.0,5.25,5.34,-0.086
"Masterson, Justin",475416,2015,273,187,0.289,0.252,0.0369999999999999,0.485,0.385,0.0999999999999999,0.378,0.333,0.0449999999999999,5.61,4.67,0.942
"Wilson, Alex",543935,2015,273,222,0.238,0.225,0.0129999999999999,0.336,0.337,-0.001,0.265,0.264,0.001,2.19,2.85,-0.664
"Soria, Joakim",465657,2015,272,186,0.222,0.221,0.001,0.347,0.324,0.0229999999999999,0.276,0.272,0.004,2.53,3.03,-0.503
"Bass, Anthony",542914,2015,272,206,0.269,0.257,0.012,0.433,0.395,0.0379999999999999,0.325,0.313,0.012,4.5,4.07,0.43
"Owens, Henry",596064,2015,272,195,0.255,0.242,0.013,0.399,0.452,-0.0529999999999999,0.319,0.336,-0.017,4.57,4.77,-0.199
"Alburquerque, Al",456379,2015,271,179,0.269,0.246,0.023,0.372,0.358,0.014,0.322,0.313,0.009,4.21,4.07,0.14
"Cain, Matt",430912,2015,271,206,0.293,0.304,-0.011,0.545,0.568,-0.0229999999999999,0.38,0.398,-0.018,5.79,7.12,-1.334
"Smith, Joe",501925,2015,271,193,0.259,0.249,0.01,0.368,0.365,0.003,0.296,0.298,-0.002,3.58,3.66,-0.078
"Boxberger, Brad",502202,2015,271,163,0.231,0.23,0.001,0.376,0.385,-0.009,0.306,0.312,-0.006,3.71,4.05,-0.336
"Osuna, Roberto",532077,2015,271,179,0.191,0.203,-0.012,0.351,0.34,0.0109999999999999,0.253,0.262,-0.009,2.58,2.8,-0.216
"Friedrich, Christian",543184,2015,270,199,0.321,0.285,0.036,0.44,0.414,0.026,0.354,0.343,0.0109999999999999,5.25,5.0,0.246
"Maness, Seth",595307,2015,270,210,0.307,0.277,0.0299999999999999,0.446,0.437,0.009,0.337,0.324,0.013,4.26,4.4,-0.137
"Strop, Pedro",467008,2015,270,156,0.167,0.187,-0.0199999999999999,0.27,0.267,0.003,0.237,0.25,-0.013,2.91,2.55,0.362
"Salas, Fernando",477569,2015,269,180,0.249,0.227,0.0219999999999999,0.429,0.402,0.0269999999999999,0.3,0.291,0.009,4.24,3.48,0.761
"Geltz, Steve",544993,2015,268,179,0.189,0.204,-0.0149999999999999,0.319,0.371,-0.0519999999999999,0.262,0.291,-0.0289999999999999,3.74,3.48,0.263
"Boyer, Blaine",430641,2015,268,216,0.254,0.259,-0.005,0.385,0.386,-0.001,0.296,0.302,-0.006,2.49,3.77,-1.278
"Cotts, Neal",425840,2015,268,184,0.245,0.236,0.009,0.43,0.401,0.0289999999999999,0.323,0.313,0.01,3.41,4.07,-0.659
"Wilhelmsen, Tom",452666,2015,266,175,0.246,0.209,0.037,0.364,0.302,0.062,0.304,0.272,0.0319999999999999,3.19,3.03,0.164
"Shaw, Bryan",543766,2015,265,191,0.242,0.246,-0.004,0.393,0.415,-0.0219999999999999,0.302,0.315,-0.013,2.95,4.13,-1.177
"Fernández, José",605228,2015,265,170,0.249,0.231,0.0179999999999999,0.347,0.341,0.0059999999999999,0.279,0.274,0.005,2.92,3.07,-0.147
"Hardy, Blaine",543278,2015,265,187,0.26,0.228,0.032,0.383,0.354,0.029,0.304,0.293,0.011,3.08,3.53,-0.448
"Hoover, J.J.",543331,2015,264,179,0.196,0.216,-0.0199999999999999,0.366,0.36,0.006,0.292,0.305,-0.013,2.94,3.85,-0.912
"Smith, Will",519293,2015,264,148,0.22,0.171,0.0489999999999999,0.356,0.281,0.0749999999999999,0.285,0.244,0.0409999999999999,2.7,2.43,0.27
"Ziegler, Brad",446899,2015,262,208,0.198,0.234,-0.036,0.272,0.327,-0.0549999999999999,0.231,0.275,-0.044,1.85,3.1,-1.247
"Hendriks, Liam",521230,2015,261,177,0.24,0.233,0.0069999999999999,0.329,0.341,-0.012,0.264,0.271,-0.007,2.92,3.0,-0.077
"Diekman, Jake",518617,2015,260,157,0.235,0.198,0.0369999999999999,0.354,0.302,0.0519999999999999,0.31,0.28,0.0299999999999999,4.01,3.21,0.801
"Nicasio, Juan",504379,2015,260,162,0.263,0.235,0.028,0.384,0.334,0.0499999999999999,0.321,0.297,0.024,3.86,3.64,0.217
"Papelbon, Jonathan",449097,2015,259,184,0.225,0.22,0.005,0.36,0.335,0.0249999999999999,0.278,0.272,0.006,2.13,3.03,-0.898
"Ross Jr., Robbie",543726,2015,259,183,0.254,0.25,0.004,0.409,0.39,0.0189999999999999,0.315,0.311,0.004,3.86,4.02,-0.163
"Oberg, Scott",623184,2015,259,178,0.266,0.247,0.019,0.468,0.401,0.067,0.364,0.34,0.0239999999999999,5.09,4.9,0.191
"Morales, Franklin",462985,2015,258,199,0.246,0.251,-0.005,0.39,0.377,0.013,0.299,0.301,-0.002,3.18,3.74,-0.564
"O'Day, Darren",503285,2015,257,156,0.198,0.184,0.014,0.283,0.269,0.0139999999999999,0.241,0.233,0.0079999999999999,1.51,2.22,-0.705
"Fien, Casey",502272,2015,257,208,0.25,0.261,-0.011,0.377,0.423,-0.0459999999999999,0.279,0.312,-0.0329999999999999,3.55,4.05,-0.497
"Broxton, Jonathan",455009,2015,257,172,0.266,0.228,0.038,0.437,0.368,0.069,0.331,0.296,0.035,4.62,3.61,1.014
"Machi, Jean",466948,2015,257,192,0.258,0.253,0.005,0.45,0.46,-0.01,0.332,0.347,-0.0149999999999999,5.12,5.13,-0.009
"Street, Huston",434718,2015,255,178,0.226,0.21,0.016,0.357,0.337,0.0199999999999999,0.273,0.262,0.011,3.18,2.8,0.376
"Lyons, Tyler",544928,2015,255,179,0.252,0.261,-0.009,0.453,0.467,-0.014,0.323,0.336,-0.013,3.75,4.77,-1.02
"Diaz, Jumbo",471822,2015,255,164,0.253,0.222,0.031,0.441,0.395,0.0459999999999999,0.322,0.294,0.028,4.18,3.56,0.617
"Severino, Luis",622663,2015,255,175,0.229,0.235,-0.0059999999999999,0.403,0.388,0.015,0.309,0.309,0.0,2.89,3.96,-1.072
"Duke, Zach",435043,2015,254,153,0.218,0.206,0.012,0.398,0.346,0.052,0.314,0.299,0.015,3.41,3.69,-0.278
"Benoit, Joaquín",276542,2015,254,166,0.159,0.194,-0.035,0.305,0.328,-0.023,0.243,0.271,-0.028,2.34,3.0,-0.658
"Mattheus, Ryan",458919,2015,253,196,0.296,0.24,0.0559999999999999,0.398,0.335,0.063,0.325,0.285,0.04,4.02,3.33,0.688
"Britton, Zack",502154,2015,253,159,0.214,0.167,0.0469999999999999,0.286,0.234,0.0519999999999999,0.242,0.209,0.033,1.92,1.8,0.119
"Boyd, Matthew",571510,2015,252,188,0.313,0.259,0.0539999999999999,0.612,0.514,0.0979999999999999,0.412,0.362,0.0499999999999999,7.54,5.66,1.875
"Norris, Daniel",596057,2015,251,185,0.236,0.237,-0.001,0.436,0.409,0.027,0.314,0.312,0.002,3.75,4.05,-0.3
"Tomlin, Josh",458708,2015,251,184,0.195,0.242,-0.0469999999999999,0.415,0.48,-0.065,0.275,0.324,-0.0489999999999999,3.02,4.4,-1.385
"Davis, Wade",451584,2015,251,153,0.144,0.191,-0.047,0.24,0.301,-0.061,0.202,0.251,-0.0489999999999999,0.94,2.57,-1.634
"Shreve, Chasen",592741,2015,251,153,0.228,0.209,0.019,0.405,0.368,0.037,0.324,0.307,0.017,3.09,3.91,-0.824
"Sampson, Keyvius",572102,2015,251,183,0.303,0.28,0.0229999999999999,0.48,0.462,0.0179999999999999,0.369,0.361,0.008,6.54,5.63,0.905
"Villanueva, Carlos",453646,2015,250,172,0.223,0.229,-0.006,0.384,0.357,0.027,0.293,0.292,0.001,2.95,3.51,-0.559
"Robertson, David",502085,2015,250,149,0.196,0.226,-0.03,0.332,0.367,-0.0349999999999999,0.247,0.278,-0.031,3.41,3.17,0.241
"Brooks, Aaron",605156,2015,250,194,0.322,0.296,0.026,0.52,0.51,0.01,0.381,0.373,0.008,6.67,6.08,0.589
"Axford, John",446099,2015,250,156,0.259,0.223,0.036,0.352,0.346,0.006,0.31,0.301,0.009,4.2,3.74,0.464
"Hunter, Tommy",488984,2015,249,187,0.265,0.253,0.012,0.404,0.398,0.006,0.305,0.306,-0.001,4.18,3.88,0.297
"Madson, Ryan",425492,2015,248,174,0.205,0.201,0.0039999999999999,0.319,0.327,-0.008,0.25,0.255,-0.005,2.13,2.65,-0.518
"Tazawa, Junichi",547749,2015,247,177,0.28,0.241,0.039,0.431,0.418,0.013,0.323,0.305,0.018,4.14,3.85,0.292
"Miller, Andrew",453192,2015,246,121,0.151,0.157,-0.006,0.239,0.243,-0.004,0.218,0.225,-0.007,2.04,2.07,-0.027
"Holland, Derek",502706,2015,245,182,0.269,0.286,-0.0169999999999999,0.493,0.488,0.005,0.353,0.363,-0.01,4.91,5.7,-0.791
"Gomes, Brandon",460156,2015,245,183,0.248,0.238,0.01,0.437,0.432,0.005,0.316,0.316,0.0,4.27,4.16,0.111
"Jennings, Dan",543359,2015,244,174,0.256,0.223,0.033,0.335,0.291,0.044,0.288,0.264,0.0239999999999999,3.99,2.85,1.144
"Wilson, Justin",458677,2015,244,156,0.223,0.229,-0.006,0.309,0.35,-0.0409999999999999,0.271,0.292,-0.0209999999999999,3.1,3.51,-0.412
"Casilla, Santiago",433586,2015,244,157,0.236,0.222,0.0139999999999999,0.366,0.337,0.0289999999999999,0.298,0.291,0.007,2.79,3.48,-0.687
"Quackenbush, Kevin",534812,2015,243,164,0.24,0.237,0.003,0.369,0.371,-0.002,0.289,0.302,-0.013,4.01,3.77,0.241
"Kela, Keone",605309,2015,243,157,0.232,0.207,0.025,0.326,0.297,0.029,0.274,0.255,0.019,2.39,2.65,-0.263
"Torres, Carlos",448614,2015,243,177,0.276,0.249,0.027,0.416,0.373,0.0429999999999999,0.313,0.291,0.022,4.68,3.48,1.202
"Medlen, Kris",450665,2015,243,183,0.252,0.26,-0.008,0.392,0.406,-0.014,0.309,0.322,-0.013,4.01,4.34,-0.329
"Cishek, Steve",518553,2015,243,167,0.259,0.249,0.01,0.377,0.393,-0.016,0.315,0.32,-0.005,3.58,4.28,-0.702
"Duffey, Tyler",608648,2015,242,169,0.256,0.234,0.0219999999999999,0.384,0.381,0.003,0.309,0.303,0.006,3.1,3.8,-0.697
"Rodriguez Jr., Fernando",451775,2015,242,152,0.2,0.219,-0.0189999999999999,0.307,0.385,-0.078,0.263,0.304,-0.0409999999999999,3.83,3.82,0.015
"Reed, Addison",592665,2015,241,171,0.262,0.216,0.046,0.394,0.324,0.07,0.303,0.261,0.0419999999999999,3.38,2.78,0.595
"Bastardo, Antonio",455374,2015,239,146,0.188,0.182,0.006,0.284,0.297,-0.013,0.258,0.264,-0.006,2.98,2.85,0.133
"Kimbrel, Craig",518886,2015,239,129,0.185,0.164,0.0209999999999999,0.306,0.258,0.0479999999999999,0.254,0.232,0.0219999999999999,2.58,2.2,0.379
"Gregerson, Luke",502381,2015,239,168,0.213,0.196,0.0169999999999999,0.32,0.298,0.022,0.249,0.238,0.011,3.1,2.31,0.788
"Scribner, Evan",519267,2015,238,168,0.251,0.253,-0.002,0.489,0.471,0.018,0.322,0.319,0.003,4.35,4.25,0.1
"Perkins, Glen",450282,2015,238,174,0.256,0.23,0.0259999999999999,0.414,0.4,0.0139999999999999,0.301,0.285,0.016,3.32,3.33,-0.014
"Ryan, Kyle",594986,2015,237,186,0.282,0.282,0.0,0.451,0.423,0.028,0.346,0.341,0.0049999999999999,4.47,4.93,-0.457
"Dunn, Mike",445197,2015,235,139,0.227,0.222,0.005,0.384,0.355,0.029,0.314,0.304,0.01,4.5,3.82,0.68
"Gilmartin, Sean",543219,2015,235,161,0.236,0.214,0.0219999999999999,0.325,0.312,0.013,0.27,0.26,0.01,2.67,2.76,-0.091
"Velasquez, Vince",592826,2015,231,150,0.24,0.231,0.0089999999999999,0.404,0.394,0.01,0.315,0.311,0.004,4.37,4.02,0.345
"Romo, Sergio",489265,2015,230,148,0.235,0.201,0.0339999999999999,0.35,0.287,0.063,0.268,0.232,0.036,2.98,2.2,0.783
"Storen, Drew",519322,2015,228,140,0.22,0.206,0.014,0.312,0.313,-0.001,0.268,0.265,0.003,3.44,2.87,0.566
"Jackson, Edwin",429719,2015,228,166,0.218,0.252,-0.034,0.332,0.381,-0.0489999999999999,0.275,0.314,-0.0389999999999999,3.07,4.1,-1.028
"García, Yimi",554340,2015,225,145,0.209,0.196,0.0129999999999999,0.346,0.357,-0.011,0.258,0.26,-0.002,3.33,2.76,0.575
"Neshek, Pat",450212,2015,223,158,0.24,0.222,0.0179999999999999,0.422,0.362,0.06,0.305,0.277,0.0279999999999999,3.62,3.14,0.482
"Blazek, Michael",518468,2015,222,156,0.2,0.222,-0.0219999999999999,0.29,0.319,-0.029,0.248,0.275,-0.027,2.42,3.1,-0.675
"Ramos, Cesár",459987,2015,221,160,0.279,0.268,0.011,0.35,0.359,-0.009,0.304,0.311,-0.007,2.75,4.02,-1.268
"Avilán, Luis",501593,2015,220,155,0.239,0.228,0.0109999999999999,0.373,0.34,0.0329999999999999,0.287,0.278,0.0089999999999999,4.05,3.17,0.88
"Lamb, John",543424,2015,220,141,0.296,0.221,0.0749999999999999,0.49,0.372,0.118,0.368,0.296,0.072,5.8,3.61,2.189
"Petricka, Jake",502593,2015,220,168,0.284,0.248,0.0359999999999999,0.371,0.326,0.0449999999999999,0.311,0.284,0.027,3.63,3.31,0.325
"Farquhar, Danny",543144,2015,219,153,0.266,0.24,0.026,0.492,0.417,0.075,0.348,0.319,0.0289999999999999,5.12,4.25,0.868
"Sipp, Tony",448609,2015,216,138,0.208,0.191,0.0169999999999999,0.34,0.297,0.043,0.265,0.247,0.018,1.99,2.49,-0.502
"Rodríguez, Francisco",408061,2015,216,142,0.189,0.225,-0.036,0.318,0.338,-0.02,0.237,0.266,-0.029,2.21,2.89,-0.679
"Robles, Hansel",570663,2015,216,136,0.19,0.185,0.005,0.395,0.314,0.081,0.282,0.255,0.0269999999999999,3.67,2.65,1.017
"Marquis, Jason",150302,2015,216,164,0.33,0.259,0.071,0.546,0.381,0.165,0.387,0.309,0.078,6.46,3.96,2.505
"Hochevar, Luke",460024,2015,214,148,0.25,0.219,0.031,0.429,0.358,0.071,0.319,0.284,0.035,3.73,3.31,0.42
"Villarreal, Pedro",543881,2015,214,170,0.294,0.267,0.0269999999999999,0.438,0.399,0.0389999999999999,0.334,0.31,0.024,3.42,3.99,-0.57
"Lowe, Mark",450275,2015,214,140,0.231,0.205,0.026,0.337,0.284,0.053,0.267,0.238,0.029,1.96,2.31,-0.346
"Cecil, Brett",446399,2015,214,129,0.197,0.189,0.008,0.308,0.285,0.023,0.243,0.235,0.008,2.48,2.26,0.225
"Putnam, Zach",474029,2015,212,120,0.239,0.206,0.033,0.398,0.354,0.044,0.314,0.295,0.019,4.07,3.59,0.478
"Lyles, Jordan",543475,2015,212,160,0.29,0.265,0.0249999999999999,0.387,0.371,0.016,0.332,0.318,0.014,5.14,4.22,0.923
"Feliz, Neftalí",491703,2015,212,154,0.298,0.255,0.0429999999999999,0.461,0.386,0.075,0.346,0.307,0.0389999999999999,6.38,3.91,2.465
"Fields, Josh",451661,2015,209,122,0.21,0.171,0.0389999999999999,0.317,0.274,0.0429999999999999,0.263,0.232,0.031,3.55,2.2,1.353
"Duensing, Brian",488846,2015,209,160,0.254,0.268,-0.014,0.398,0.42,-0.0219999999999999,0.321,0.341,-0.02,4.25,4.93,-0.677
"Knebel, Corey",608349,2015,209,132,0.232,0.21,0.022,0.442,0.361,0.081,0.32,0.283,0.037,3.22,3.29,-0.071
"Báez, Pedro",520980,2015,208,136,0.247,0.198,0.0489999999999999,0.405,0.334,0.071,0.296,0.257,0.0389999999999999,3.35,2.7,0.653
"Layne, Tommy",518927,2015,207,133,0.234,0.237,-0.0029999999999999,0.343,0.334,0.009,0.306,0.31,-0.004,3.96,3.99,-0.025
"Motte, Jason",435400,2015,206,159,0.255,0.238,0.017,0.388,0.382,0.006,0.29,0.282,0.008,3.91,3.26,0.65
"Maurer, Brandon",543506,2015,206,151,0.209,0.231,-0.022,0.299,0.311,-0.012,0.251,0.268,-0.017,3.0,2.94,0.06
"Matusz, Brian",451085,2015,206,127,0.211,0.207,0.004,0.339,0.37,-0.0309999999999999,0.28,0.294,-0.0139999999999999,2.94,3.56,-0.621
"Kelley, Shawn",518875,2015,205,127,0.22,0.209,0.011,0.323,0.313,0.01,0.254,0.251,0.003,2.46,2.57,-0.115
"Grimm, Justin",518748,2015,205,110,0.178,0.206,-0.0279999999999999,0.287,0.359,-0.072,0.261,0.307,-0.0459999999999999,1.99,3.91,-1.917
"Abad, Fernando",472551,2015,205,140,0.251,0.223,0.0279999999999999,0.492,0.425,0.067,0.342,0.311,0.031,4.15,4.02,0.134
"Otero, Dan",519096,2015,204,168,0.333,0.306,0.027,0.531,0.489,0.042,0.374,0.351,0.023,6.75,5.27,1.48
"Wright Jr., Mike",605541,2015,204,155,0.291,0.275,0.0159999999999999,0.52,0.447,0.073,0.376,0.351,0.025,6.04,5.27,0.775
"Webb, Ryan",444436,2015,204,159,0.245,0.251,-0.006,0.383,0.347,0.036,0.292,0.29,0.002,3.2,3.46,-0.263
"Eickhoff, Jerad",595191,2015,203,141,0.212,0.229,-0.017,0.36,0.407,-0.0469999999999999,0.27,0.302,-0.0319999999999999,2.65,3.77,-1.123
"Qualls, Chad",430589,2015,202,145,0.247,0.222,0.0249999999999999,0.398,0.359,0.039,0.291,0.275,0.0159999999999999,4.38,3.1,1.278
"Gott, Trevor",641627,2015,202,156,0.242,0.232,0.0099999999999999,0.315,0.329,-0.014,0.274,0.279,-0.005,3.02,3.19,-0.169
"Jansen, Kenley",445276,2015,200,110,0.176,0.155,0.0209999999999999,0.298,0.285,0.013,0.225,0.213,0.012,2.41,1.87,0.538
"Barnes, Matt",598264,2015,199,143,0.311,0.255,0.0559999999999999,0.517,0.444,0.073,0.383,0.335,0.0479999999999999,5.44,4.74,0.702
"Finnegan, Brandon",605232,2015,197,130,0.216,0.236,-0.0199999999999999,0.409,0.411,-0.002,0.312,0.329,-0.017,3.56,4.55,-0.987
"Capuano, Chris",425626,2015,196,133,0.31,0.256,0.0539999999999999,0.494,0.4,0.0939999999999999,0.385,0.335,0.0499999999999999,7.97,4.74,3.227
"Stults, Eric",445590,2015,196,152,0.268,0.287,-0.0189999999999999,0.52,0.516,0.004,0.353,0.367,-0.014,5.85,5.85,0.003
"Beimel, Joe",346847,2015,196,157,0.283,0.281,0.0019999999999999,0.457,0.489,-0.0319999999999999,0.34,0.355,-0.0149999999999999,3.99,5.41,-1.417
"Mujica, Edward",465629,2015,194,156,0.284,0.234,0.0499999999999999,0.475,0.408,0.067,0.335,0.293,0.042,4.75,3.53,1.224
"Holland, Greg",518813,2015,193,118,0.239,0.211,0.0279999999999999,0.35,0.296,0.0539999999999999,0.309,0.285,0.024,3.83,3.33,0.498
"Cravy, Tyler",572788,2015,193,134,0.281,0.265,0.016,0.479,0.46,0.0189999999999999,0.367,0.359,0.008,5.7,5.55,0.145
"Strickland, Hunter",519326,2015,191,129,0.19,0.208,-0.0179999999999999,0.302,0.35,-0.0479999999999999,0.238,0.268,-0.03,2.46,2.94,-0.485
"Howell, J.P.",434442,2015,190,135,0.272,0.221,0.051,0.341,0.32,0.021,0.299,0.276,0.0229999999999999,1.43,3.12,-1.688
"Verrett, Logan",548337,2015,190,134,0.202,0.219,-0.0169999999999999,0.345,0.388,-0.043,0.262,0.292,-0.0299999999999999,3.59,3.51,0.077
"Vázquez, Felipe",553878,2015,189,134,0.199,0.227,-0.0279999999999999,0.295,0.377,-0.082,0.237,0.283,-0.0459999999999999,2.79,3.29,-0.497
"Cedeño, Xavier",458584,2015,189,126,0.231,0.213,0.018,0.318,0.315,0.003,0.272,0.266,0.006,2.35,2.89,-0.542
"McFarland, T.J.",519008,2015,188,144,0.306,0.257,0.0489999999999999,0.441,0.368,0.073,0.347,0.305,0.0419999999999999,4.91,3.85,1.059
"Cahill, Trevor",502239,2015,187,133,0.267,0.264,0.003,0.388,0.405,-0.017,0.318,0.331,-0.013,5.4,4.61,0.79
"Loup, Aaron",571901,2015,186,127,0.275,0.248,0.027,0.45,0.366,0.084,0.337,0.298,0.039,4.46,3.66,0.805
"Farmer, Buck",571656,2015,186,142,0.323,0.273,0.0499999999999999,0.591,0.495,0.0959999999999999,0.416,0.371,0.0449999999999999,7.36,6.0,1.364
"Gray, Jon",592351,2015,185,129,0.319,0.255,0.064,0.485,0.367,0.118,0.364,0.308,0.0559999999999999,5.53,3.93,1.603
"Vargas, Jason",450306,2015,183,143,0.271,0.261,0.01,0.418,0.437,-0.019,0.323,0.329,-0.006,3.98,4.55,-0.573
"Pérez, Oliver",424144,2015,183,113,0.239,0.209,0.03,0.362,0.302,0.06,0.299,0.269,0.0299999999999999,4.17,2.96,1.211
"Gee, Dillon",518716,2015,183,146,0.329,0.29,0.039,0.509,0.424,0.085,0.372,0.327,0.0449999999999999,5.9,4.49,1.409
"Richard, Clayton",453385,2015,181,151,0.272,0.26,0.012,0.41,0.375,0.0349999999999999,0.307,0.294,0.013,3.83,3.56,0.267
"Gorzelanny, Tom",452733,2015,181,120,0.292,0.27,0.0219999999999999,0.487,0.446,0.0409999999999999,0.378,0.359,0.019,5.95,5.55,0.399
"Roe, Chaz",475054,2015,177,121,0.28,0.227,0.053,0.446,0.335,0.1109999999999999,0.343,0.287,0.056,4.14,3.38,0.757
"Scheppers, Tanner",489294,2015,176,119,0.25,0.21,0.04,0.426,0.352,0.074,0.335,0.302,0.033,5.63,3.77,1.865
"Germen, Gonzalez",542674,2015,176,117,0.275,0.233,0.042,0.45,0.404,0.0459999999999999,0.359,0.335,0.0239999999999999,4.42,4.74,-0.318
"Betancourt, Rafael",429783,2015,175,123,0.267,0.221,0.046,0.435,0.349,0.086,0.314,0.266,0.0479999999999999,6.18,2.89,3.288
"Schultz, Bo",544759,2015,173,127,0.205,0.254,-0.049,0.365,0.405,-0.04,0.279,0.321,-0.0419999999999999,3.56,4.31,-0.752
"Nolasco, Ricky",445060,2015,173,123,0.321,0.279,0.0419999999999999,0.481,0.437,0.0439999999999999,0.366,0.341,0.0249999999999999,6.75,4.93,1.82
"Garces, Frank",571057,2015,172,119,0.281,0.287,-0.0059999999999999,0.5,0.469,0.031,0.375,0.372,0.003,5.21,6.04,-0.829
"Oberholtzer, Brett",519085,2015,171,126,0.293,0.261,0.0319999999999999,0.447,0.376,0.071,0.353,0.323,0.0299999999999999,4.46,4.37,0.091
"Freeman, Sam",518693,2015,171,103,0.218,0.215,0.003,0.338,0.302,0.036,0.311,0.302,0.009,3.05,3.77,-0.718
"Thornton, Matt",407819,2015,171,136,0.212,0.272,-0.06,0.314,0.4,-0.086,0.249,0.313,-0.064,2.18,4.07,-1.893
"Neris, Héctor",593576,2015,170,115,0.245,0.219,0.0259999999999999,0.465,0.416,0.049,0.334,0.307,0.027,3.79,3.91,-0.117
"Logan, Boone",457429,2015,168,102,0.28,0.242,0.038,0.385,0.36,0.025,0.335,0.319,0.016,4.33,4.25,0.08
"Janssen, Casey",445163,2015,167,130,0.248,0.251,-0.003,0.431,0.434,-0.003,0.305,0.314,-0.009,4.95,4.1,0.85
"Hatcher, Chris",501822,2015,166,105,0.238,0.215,0.0229999999999999,0.374,0.334,0.0399999999999999,0.298,0.277,0.0209999999999999,3.69,3.14,0.552
"Billingsley, Chad",451532,2015,165,141,0.346,0.315,0.0309999999999999,0.497,0.487,0.01,0.379,0.365,0.014,5.84,5.77,0.068
"Affeldt, Jeremy",346793,2015,163,126,0.293,0.298,-0.005,0.456,0.456,0.0,0.353,0.362,-0.009,5.86,5.66,0.198
"Carroll, Scott",453222,2015,162,119,0.28,0.242,0.038,0.427,0.333,0.0939999999999999,0.333,0.295,0.038,3.44,3.59,-0.154
"Hawkins, LaTroy",115629,2015,162,121,0.286,0.247,0.0389999999999999,0.416,0.38,0.0359999999999999,0.316,0.288,0.028,3.26,3.41,-0.151
"Bradley, Archie",605151,2015,161,114,0.267,0.263,0.004,0.393,0.405,-0.012,0.34,0.351,-0.0109999999999999,5.8,5.27,0.534
"Smith, Josh A.",595001,2015,161,105,0.316,0.261,0.0549999999999999,0.504,0.435,0.069,0.396,0.363,0.033,6.89,5.7,1.188
"Tropeano, Nick",607374,2015,161,113,0.27,0.253,0.017,0.385,0.38,0.005,0.306,0.299,0.007,3.82,3.69,0.133
"Wolf, Randy",150116,2015,161,117,0.319,0.304,0.015,0.521,0.481,0.04,0.387,0.376,0.011,6.23,6.2,0.031
"Uehara, Koji",493157,2015,160,104,0.188,0.179,0.009,0.329,0.284,0.045,0.241,0.224,0.0169999999999999,2.23,2.05,0.181
"O'Flaherty, Eric",447714,2015,159,118,0.343,0.262,0.081,0.482,0.367,0.1149999999999999,0.394,0.326,0.068,8.1,4.46,3.64
"Rzepczynski, Marc",519240,2015,158,100,0.292,0.229,0.0629999999999999,0.394,0.325,0.069,0.327,0.278,0.0489999999999999,5.66,3.17,2.487
"Thayer, Dale",445612,2015,158,118,0.262,0.252,0.01,0.433,0.399,0.0339999999999999,0.323,0.311,0.012,4.06,4.02,0.042
"Bedrosian, Cam",592135,2015,156,101,0.303,0.246,0.0569999999999999,0.439,0.389,0.0499999999999999,0.361,0.332,0.0289999999999999,5.4,4.64,0.76
"Cingrani, Tony",571561,2015,155,88,0.25,0.214,0.036,0.427,0.33,0.0969999999999999,0.351,0.311,0.0399999999999999,5.67,4.02,1.65
"Kahnle, Tommy",592454,2015,155,88,0.25,0.214,0.036,0.395,0.307,0.088,0.345,0.311,0.0339999999999999,4.86,4.02,0.84
"Torres, Alex",456776,2015,154,92,0.206,0.198,0.0079999999999999,0.373,0.343,0.0299999999999999,0.323,0.31,0.013,3.15,3.99,-0.844
"Noesí, Hector",456051,2015,154,114,0.301,0.258,0.0429999999999999,0.537,0.424,0.113,0.393,0.339,0.0539999999999999,6.89,4.87,2.018
"Rogers, Esmil",469134,2015,153,106,0.306,0.255,0.0509999999999999,0.463,0.396,0.067,0.362,0.328,0.0339999999999999,6.27,4.52,1.753
"Thornburg, Tyler",592804,2015,151,102,0.231,0.262,-0.031,0.418,0.423,-0.005,0.312,0.333,-0.021,3.67,4.67,-1.0
"Morin, Mike",573046,2015,151,99,0.265,0.209,0.056,0.404,0.325,0.079,0.308,0.259,0.0489999999999999,6.37,2.74,3.628
"Johnson, Erik",605304,2015,151,103,0.248,0.279,-0.031,0.481,0.535,-0.054,0.349,0.385,-0.036,3.34,6.56,-3.217
"Cunniff, Brandon",594792,2015,151,92,0.213,0.232,-0.019,0.346,0.372,-0.026,0.298,0.321,-0.023,4.63,4.31,0.319
"Godley, Zack",643327,2015,150,96,0.227,0.266,-0.039,0.359,0.454,-0.095,0.306,0.36,-0.0539999999999999,3.19,5.59,-2.399
"Webb, Daniel",543900,2015,150,105,0.325,0.282,0.043,0.46,0.432,0.028,0.388,0.364,0.024,6.3,5.74,0.56
"Araujo, Elvis",542587,2015,150,97,0.225,0.218,0.007,0.295,0.284,0.011,0.281,0.278,0.003,3.38,3.17,0.205
"Albers, Matt",458006,2015,149,111,0.228,0.206,0.022,0.324,0.325,-0.001,0.258,0.261,-0.003,1.21,2.78,-1.575
"Matz, Steven",571927,2015,149,104,0.25,0.213,0.037,0.346,0.282,0.064,0.288,0.25,0.0379999999999999,2.27,2.55,-0.279
"Adams, Austin",542866,2015,149,113,0.276,0.26,0.016,0.425,0.421,0.004,0.334,0.33,0.004,3.78,4.58,-0.8
"Wilson, Tyler",592869,2015,149,124,0.289,0.267,0.0219999999999999,0.415,0.383,0.0319999999999999,0.327,0.321,0.006,3.5,4.31,-0.81
"Belisle, Matt",279571,2015,149,106,0.266,0.238,0.028,0.336,0.32,0.016,0.306,0.297,0.009,2.67,3.64,-0.967
"Russell, James",460701,2015,148,119,0.307,0.269,0.0379999999999999,0.489,0.377,0.1119999999999999,0.354,0.298,0.0559999999999999,5.29,3.66,1.634
"López, Javier",425657,2015,147,105,0.145,0.184,-0.039,0.221,0.225,-0.004,0.204,0.228,-0.024,1.6,2.13,-0.528
"McGee, Jake",459429,2015,147,90,0.197,0.192,0.005,0.299,0.31,-0.011,0.238,0.247,-0.009,2.41,2.49,-0.079
"Brown, Brooks",453156,2015,147,110,0.254,0.244,0.01,0.373,0.33,0.0429999999999999,0.319,0.304,0.015,4.91,3.82,1.089
"Rondón, Bruce",541652,2015,145,88,0.261,0.213,0.048,0.403,0.341,0.062,0.338,0.303,0.035,5.81,3.8,2.006
"Manship, Jeff",453249,2015,144,100,0.155,0.216,-0.061,0.225,0.298,-0.0729999999999999,0.199,0.261,-0.062,0.92,2.78,-1.865
"Hernandez, David",456696,2015,144,97,0.256,0.239,0.017,0.45,0.449,0.001,0.339,0.335,0.004,4.28,4.74,-0.463
"Mitchell, Bryan",571951,2015,143,96,0.296,0.261,0.0349999999999999,0.432,0.374,0.0579999999999999,0.359,0.328,0.0309999999999999,6.37,4.52,1.851
"González, Severino",605894,2015,143,104,0.346,0.286,0.06,0.528,0.485,0.043,0.39,0.36,0.03,7.92,5.59,2.334
"Scahill, Rob",543746,2015,142,101,0.268,0.243,0.025,0.407,0.364,0.0429999999999999,0.323,0.307,0.016,2.64,3.91,-1.269
"Webster, Allen",543903,2015,142,103,0.271,0.262,0.009,0.585,0.502,0.0829999999999999,0.408,0.382,0.0259999999999999,5.81,6.44,-0.634
"Marcum, Shaun",451788,2015,142,100,0.246,0.266,-0.02,0.515,0.52,-0.005,0.346,0.359,-0.013,5.4,5.55,-0.15
"Martin, Cody",592533,2015,141,100,0.325,0.305,0.02,0.602,0.543,0.0589999999999999,0.418,0.397,0.0209999999999999,7.92,7.08,0.844
"Grilli, Jason",276351,2015,140,85,0.217,0.22,-0.003,0.349,0.358,-0.009,0.269,0.275,-0.006,2.94,3.1,-0.159
"Romero, Enny",544836,2015,140,96,0.312,0.251,0.061,0.424,0.392,0.0319999999999999,0.349,0.316,0.0329999999999999,5.1,4.16,0.94
"Davies, Zach",605200,2015,139,100,0.211,0.249,-0.038,0.317,0.343,-0.026,0.277,0.305,-0.0279999999999999,3.71,3.85,-0.144
"Vizcaíno, Arodys",527055,2015,139,89,0.218,0.237,-0.0189999999999999,0.323,0.387,-0.064,0.268,0.305,-0.0369999999999999,1.6,3.85,-2.246
"Asher, Alec",594742,2015,138,111,0.339,0.276,0.063,0.629,0.495,0.134,0.43,0.363,0.067,9.31,5.7,3.61
"Thompson, Aaron",457744,2015,137,109,0.264,0.275,-0.011,0.364,0.422,-0.0579999999999999,0.293,0.33,-0.037,5.01,4.58,0.43
"Wada, Tsuyoshi",493159,2015,136,93,0.246,0.262,-0.016,0.459,0.402,0.0569999999999999,0.328,0.322,0.006,3.62,4.34,-0.721
"Holmberg, David",571787,2015,136,103,0.321,0.275,0.0459999999999999,0.616,0.523,0.0929999999999999,0.433,0.39,0.0429999999999999,7.62,6.77,0.854
"Nolin, Sean",543594,2015,134,107,0.302,0.263,0.0389999999999999,0.44,0.473,-0.0329999999999999,0.341,0.357,-0.0159999999999999,5.28,5.48,-0.204
"Rea, Colin",607067,2015,133,95,0.246,0.269,-0.023,0.39,0.46,-0.07,0.305,0.345,-0.0399999999999999,4.26,5.07,-0.807
"Goeddel, Erik",592340,2015,132,87,0.203,0.223,-0.0199999999999999,0.288,0.328,-0.04,0.24,0.268,-0.028,2.43,2.94,-0.51
"García, Jason",592329,2015,132,91,0.223,0.238,-0.0149999999999999,0.384,0.351,0.033,0.316,0.317,-0.001,4.25,4.19,0.057
"Cooney, Tim",608641,2015,130,90,0.241,0.262,-0.021,0.397,0.461,-0.064,0.302,0.339,-0.037,3.16,4.87,-1.71
"Parra, Manny",448159,2015,130,101,0.264,0.28,-0.016,0.38,0.419,-0.0389999999999999,0.289,0.319,-0.03,3.9,4.25,-0.353
"Miller, Justin",502522,2015,129,80,0.178,0.189,-0.011,0.305,0.33,-0.025,0.246,0.264,-0.018,4.05,2.85,1.2
"Delabar, Steve",447755,2015,129,84,0.25,0.207,0.043,0.464,0.386,0.078,0.343,0.304,0.039,5.22,3.82,1.396
"Krol, Ian",571871,2015,129,84,0.287,0.216,0.0709999999999999,0.454,0.332,0.122,0.371,0.303,0.068,5.79,3.8,1.986
"McKirahan, Andrew",605374,2015,129,95,0.345,0.269,0.0759999999999999,0.44,0.36,0.08,0.365,0.309,0.0559999999999999,5.93,3.96,1.967
"Aardsma, David",430911,2015,128,78,0.223,0.232,-0.009,0.446,0.449,-0.003,0.32,0.328,-0.008,4.7,4.52,0.176
"Tepera, Ryan",572193,2015,128,97,0.193,0.232,-0.039,0.42,0.428,-0.008,0.29,0.314,-0.024,3.27,4.1,-0.827
"Chamberlain, Joba",501955,2015,128,95,0.325,0.266,0.059,0.581,0.41,0.1709999999999999,0.409,0.326,0.0829999999999999,4.88,4.46,0.42
"Morrow, Brandon",453344,2015,126,96,0.248,0.264,-0.016,0.393,0.388,0.005,0.295,0.303,-0.008,2.73,3.8,-1.073
"Socolovich, Miguel",462515,2015,125,88,0.221,0.216,0.005,0.283,0.298,-0.015,0.253,0.259,-0.006,1.82,2.74,-0.92
"Contreras, Carlos",542266,2015,125,85,0.214,0.213,0.001,0.379,0.357,0.022,0.326,0.321,0.005,4.82,4.31,0.511
"Hagadone, Nick",444935,2015,124,84,0.273,0.247,0.026,0.4,0.383,0.017,0.323,0.311,0.012,4.28,4.02,0.26
"Frasor, Jason",430630,2015,124,84,0.26,0.28,-0.02,0.356,0.439,-0.083,0.316,0.359,-0.0429999999999999,1.29,5.55,-4.264
"Pinder, Branden",572038,2015,122,83,0.262,0.286,-0.0239999999999999,0.486,0.49,-0.004,0.353,0.37,-0.017,2.93,5.96,-3.032
"Harris, Mitch",518771,2015,122,94,0.278,0.259,0.019,0.398,0.434,-0.0359999999999999,0.334,0.343,-0.009,3.67,5.0,-1.333
"Barrett, Aaron",502578,2015,122,78,0.248,0.236,0.012,0.327,0.386,-0.059,0.281,0.301,-0.0199999999999999,4.6,3.74,0.862
"Liberatore, Adam",571893,2015,122,84,0.232,0.223,0.009,0.384,0.351,0.033,0.278,0.267,0.011,4.25,2.91,1.337
"Burgos, Enrique",542609,2015,121,67,0.257,0.225,0.032,0.362,0.347,0.015,0.317,0.302,0.015,4.67,3.77,0.897
"Peralta, Joel",407908,2015,121,89,0.248,0.251,-0.003,0.442,0.454,-0.012,0.317,0.325,-0.008,4.34,4.43,-0.085
"Narveson, Chris",429780,2015,121,80,0.214,0.232,-0.018,0.438,0.477,-0.0389999999999999,0.307,0.332,-0.025,4.45,4.64,-0.189
"Banuelos, Manny",544365,2015,121,87,0.283,0.292,-0.009,0.453,0.479,-0.0259999999999999,0.362,0.377,-0.015,5.13,6.24,-1.113
"Guaipe, Mayckol",515052,2015,121,83,0.33,0.236,0.094,0.534,0.375,0.159,0.407,0.317,0.0899999999999999,5.4,4.19,1.21
"Osich, Josh",592612,2015,120,85,0.218,0.187,0.031,0.364,0.324,0.0399999999999999,0.276,0.251,0.025,2.2,2.57,-0.372
"Peña, Ariel",516414,2015,120,77,0.238,0.246,-0.008,0.416,0.418,-0.002,0.325,0.333,-0.008,4.28,4.67,-0.39
"Pressly, Ryan",519151,2015,119,85,0.257,0.257,0.0,0.314,0.356,-0.0419999999999999,0.287,0.306,-0.019,2.93,3.88,-0.952
"Venditte, Pat",519381,2015,119,84,0.21,0.2,0.0099999999999999,0.39,0.362,0.028,0.296,0.291,0.005,4.39,3.48,0.915
"Rollins, David",543716,2015,118,87,0.346,0.314,0.0319999999999999,0.523,0.456,0.067,0.397,0.363,0.034,7.56,5.7,1.86
"Capps, Carter",605169,2015,118,51,0.168,0.155,0.013,0.243,0.221,0.0219999999999999,0.216,0.211,0.005,1.16,1.83,-0.669
"McGowan, Dustin",430661,2015,118,77,0.296,0.283,0.013,0.531,0.472,0.059,0.407,0.384,0.0229999999999999,6.94,6.52,0.423
"Givens, Mychal",571710,2015,117,72,0.185,0.221,-0.036,0.306,0.301,0.005,0.236,0.256,-0.02,1.8,2.67,-0.87
"Choate, Randy",329092,2015,117,84,0.279,0.228,0.051,0.375,0.339,0.0359999999999999,0.32,0.294,0.026,3.95,3.56,0.391
"Marimon, Sugar Ray",516970,2015,117,89,0.3,0.248,0.0519999999999999,0.54,0.41,0.13,0.389,0.329,0.06,7.36,4.55,2.814
"Rosscup, Zac",573127,2015,117,76,0.252,0.241,0.011,0.524,0.426,0.098,0.364,0.331,0.0329999999999999,4.39,4.61,-0.222
"Leon, Arnold",504186,2015,115,87,0.291,0.27,0.0209999999999999,0.437,0.448,-0.011,0.327,0.341,-0.014,4.39,4.93,-0.542
"Correia, Kevin",429781,2015,114,92,0.363,0.34,0.0229999999999999,0.578,0.505,0.0729999999999999,0.416,0.384,0.0319999999999999,6.56,6.52,0.037
"Mateo, Marcos",456496,2015,113,68,0.222,0.189,0.033,0.434,0.368,0.066,0.316,0.283,0.033,4.0,3.29,0.71
"Parnell, Bobby",458730,2015,113,82,0.323,0.276,0.0469999999999999,0.366,0.356,0.01,0.357,0.339,0.0179999999999999,6.38,4.87,1.505
"Masset, Nick",434665,2015,113,84,0.3,0.309,-0.009,0.45,0.473,-0.0229999999999999,0.344,0.362,-0.018,4.68,5.66,-0.98
"Wainwright, Adam",425794,2015,111,87,0.238,0.239,-0.001,0.324,0.33,-0.006,0.258,0.265,-0.007,1.61,2.87,-1.263
"Goforth, David",592341,2015,111,79,0.323,0.254,0.069,0.495,0.381,0.1139999999999999,0.364,0.298,0.066,4.01,3.66,0.354
"Chacín, Jhoulys",468504,2015,111,80,0.24,0.303,-0.063,0.42,0.567,-0.1469999999999999,0.318,0.402,-0.084,3.38,7.3,-3.925
"Weber, Ryan",543901,2015,109,82,0.248,0.244,0.004,0.396,0.372,0.024,0.306,0.303,0.003,4.76,3.8,0.965
"Patton, Spencer",607359,2015,109,65,0.261,0.266,-0.005,0.5,0.492,0.008,0.378,0.38,-0.002,9.0,6.36,2.64
"Marksberry, Matt",621408,2015,108,70,0.247,0.214,0.033,0.416,0.374,0.0419999999999999,0.334,0.316,0.018,5.01,4.16,0.854
"Carpenter, David",502304,2015,107,82,0.269,0.262,0.007,0.473,0.365,0.1079999999999999,0.345,0.314,0.0309999999999999,4.01,4.1,-0.086
"VerHagen, Drew",572403,2015,106,78,0.2,0.253,-0.0529999999999999,0.244,0.336,-0.092,0.256,0.314,-0.0579999999999999,2.05,4.1,-2.049
"Ramírez, JC",500724,2015,106,78,0.266,0.244,0.022,0.415,0.404,0.0109999999999999,0.327,0.316,0.011,5.32,4.16,1.164
"Hembree, Heath",592390,2015,106,82,0.258,0.26,-0.002,0.474,0.437,0.0369999999999999,0.336,0.326,0.01,3.55,4.46,-0.907
"Liz, Radhames",467785,2015,106,64,0.286,0.247,0.0389999999999999,0.451,0.371,0.08,0.363,0.323,0.0399999999999999,4.24,4.37,-0.127
"Hill, Rich",448179,2015,106,63,0.141,0.175,-0.034,0.212,0.258,-0.046,0.188,0.222,-0.034,1.55,2.02,-0.468
"Ellington, Brian",623395,2015,105,72,0.193,0.231,-0.038,0.307,0.362,-0.0549999999999999,0.27,0.309,-0.0389999999999999,2.88,3.96,-1.08
"Stroman, Marcus",573186,2015,103,78,0.208,0.236,-0.0279999999999999,0.292,0.326,-0.034,0.248,0.278,-0.03,1.67,3.17,-1.503
"Hinojosa, Dalier",648737,2015,102,67,0.167,0.192,-0.0249999999999999,0.222,0.314,-0.092,0.225,0.27,-0.045,0.73,2.98,-2.25
"Alvarez, Henderson",506693,2015,102,86,0.311,0.303,0.008,0.411,0.416,-0.005,0.332,0.336,-0.004,6.45,4.77,1.678
"Matzek, Tyler",554431,2015,102,65,0.269,0.245,0.024,0.397,0.347,0.05,0.372,0.352,0.02,4.09,5.3,-1.209
"Thatcher, Joe",491159,2015,100,62,0.274,0.236,0.038,0.369,0.311,0.0579999999999999,0.322,0.291,0.031,3.18,3.48,-0.304
"Frieri, Ernesto",457117,2015,100,69,0.233,0.219,0.014,0.477,0.424,0.0529999999999999,0.341,0.32,0.021,4.63,4.28,0.349
"Alvarez, R.J.",571439,2015,100,64,0.318,0.281,0.0369999999999999,0.635,0.613,0.022,0.43,0.411,0.019,9.9,7.72,2.18
"Francis, Jeff",433585,2015,100,69,0.3,0.277,0.0229999999999999,0.444,0.424,0.02,0.357,0.343,0.0139999999999999,6.14,5.0,1.136
"Stauffer, Tim",431162,2015,100,76,0.36,0.289,0.071,0.685,0.456,0.229,0.458,0.349,0.109,6.97,5.2,1.768
"Vincent, Nick",543883,2015,100,68,0.281,0.229,0.052,0.348,0.329,0.0189999999999999,0.308,0.288,0.02,2.35,3.41,-1.062
"Tonkin, Michael",543859,2015,99,70,0.239,0.246,-0.007,0.386,0.379,0.007,0.3,0.305,-0.005,3.47,3.85,-0.379
"Martin, Chris",455119,2015,99,74,0.304,0.282,0.022,0.424,0.468,-0.044,0.337,0.349,-0.0119999999999999,5.66,5.2,0.461
"Barraclough, Kyle",607457,2015,98,50,0.154,0.234,-0.08,0.256,0.376,-0.12,0.256,0.34,-0.084,2.59,4.9,-2.311
"Nesbitt, Angel",553970,2015,98,72,0.265,0.277,-0.012,0.386,0.385,0.001,0.322,0.338,-0.016,5.4,4.83,0.57
"Medina, Yoervis",500721,2015,97,70,0.267,0.245,0.022,0.442,0.402,0.0399999999999999,0.346,0.329,0.0169999999999999,4.71,4.55,0.164
"O'Rourke, Ryan",594951,2015,97,58,0.2,0.215,-0.0149999999999999,0.338,0.367,-0.0289999999999999,0.291,0.308,-0.017,6.14,3.93,2.206
"Thomas, Ian",621962,2015,97,63,0.235,0.221,0.0139999999999999,0.365,0.317,0.0479999999999999,0.306,0.285,0.021,3.86,3.33,0.527
"Deduno, Samuel",465679,2015,96,67,0.293,0.3,-0.007,0.524,0.474,0.05,0.386,0.388,-0.002,6.86,6.69,0.167
"Bellatti, Andrew",571479,2015,95,66,0.198,0.244,-0.0459999999999999,0.395,0.516,-0.121,0.3,0.366,-0.066,2.31,5.81,-3.496
"Solís, Sammy",519301,2015,94,72,0.291,0.244,0.0469999999999999,0.395,0.34,0.0549999999999999,0.303,0.265,0.0379999999999999,3.38,2.87,0.505
"McCarthy, Brandon",435221,2015,94,61,0.267,0.233,0.034,0.6,0.466,0.1339999999999999,0.38,0.316,0.064,5.87,4.16,1.71
"Loewen, Adam",429400,2015,93,51,0.282,0.269,0.0129999999999999,0.465,0.447,0.018,0.393,0.388,0.005,6.98,6.69,0.293
"Yates, Kirby",489446,2015,92,63,0.274,0.266,0.008,0.667,0.577,0.09,0.421,0.387,0.0339999999999999,7.97,6.65,1.317
"Jimenez, Cesar",462945,2015,91,58,0.205,0.208,-0.003,0.301,0.343,-0.042,0.259,0.278,-0.019,3.13,3.17,-0.04
"Rienzo, André",516589,2015,89,60,0.23,0.233,-0.003,0.392,0.399,-0.007,0.328,0.335,-0.007,5.95,4.74,1.209
"Rasmus, Cory",474284,2015,88,49,0.2,0.196,0.004,0.387,0.381,0.006,0.301,0.298,0.003,5.23,3.66,1.566
"Atchison, Scott",425786,2015,87,70,0.287,0.329,-0.042,0.575,0.572,0.003,0.376,0.397,-0.021,6.86,7.08,-0.216
"Klein, Phil",607309,2015,86,64,0.303,0.279,0.0239999999999999,0.513,0.474,0.039,0.388,0.366,0.022,6.75,5.81,0.94
"Ohlendorf, Ross",456027,2015,85,59,0.273,0.253,0.02,0.468,0.411,0.057,0.334,0.309,0.025,3.72,3.96,-0.236
"Whitley, Chase",595032,2015,84,61,0.26,0.24,0.02,0.442,0.428,0.014,0.332,0.321,0.011,4.19,4.31,-0.12
"Grace, Matt",594840,2015,84,61,0.356,0.262,0.0939999999999999,0.438,0.327,0.1109999999999999,0.366,0.299,0.067,4.24,3.69,0.545
"Brigham, Jake",502010,2015,84,63,0.384,0.314,0.07,0.548,0.416,0.132,0.419,0.346,0.073,8.64,5.1,3.54
"Adcock, Nate",502264,2015,83,57,0.221,0.271,-0.05,0.456,0.434,0.022,0.345,0.364,-0.019,6.0,5.74,0.26
"Castro, Miguel",612434,2015,83,55,0.296,0.291,0.005,0.563,0.592,-0.029,0.387,0.408,-0.0209999999999999,6.11,7.58,-1.467
"LeCure, Sam",459967,2015,83,61,0.216,0.24,-0.0239999999999999,0.392,0.338,0.0539999999999999,0.291,0.29,0.001,3.15,3.46,-0.31
"Furbush, Charlie",518703,2015,82,58,0.122,0.208,-0.086,0.216,0.351,-0.1349999999999999,0.179,0.27,-0.091,2.08,2.98,-0.903
"Pino, Yohan",464416,2015,82,66,0.291,0.27,0.0209999999999999,0.418,0.461,-0.043,0.319,0.327,-0.008,3.26,4.49,-1.231
"Rondon, Jorge",504083,2015,81,63,0.389,0.351,0.038,0.639,0.567,0.072,0.465,0.428,0.037,13.19,8.58,4.606
"Rasmussen, Rob",519169,2015,79,54,0.366,0.301,0.065,0.521,0.478,0.043,0.413,0.371,0.0419999999999999,9.98,6.0,3.978
"Wojciechowski, Asher",592879,2015,79,56,0.329,0.28,0.0489999999999999,0.586,0.44,0.1459999999999999,0.403,0.342,0.061,7.16,4.96,2.203
"Díaz, Jairo",545064,2015,78,54,0.222,0.214,0.008,0.333,0.315,0.018,0.274,0.266,0.008,2.37,2.89,-0.522
"Balester, Collin",444446,2015,77,50,0.274,0.238,0.036,0.516,0.412,0.104,0.395,0.352,0.043,7.47,5.3,2.168
"Jordan, Taylor",518863,2015,77,60,0.29,0.325,-0.035,0.362,0.499,-0.137,0.311,0.382,-0.071,5.29,6.44,-1.146
"Broadway, Mike",458678,2015,77,56,0.294,0.258,0.0359999999999999,0.471,0.38,0.0909999999999999,0.359,0.315,0.0439999999999999,5.19,4.13,1.062
"Straily, Dan",573185,2015,76,53,0.239,0.259,-0.02,0.418,0.44,-0.022,0.327,0.347,-0.0199999999999999,5.4,5.13,0.27
"Zych, Tony",543964,2015,76,47,0.239,0.166,0.0729999999999999,0.338,0.279,0.059,0.278,0.228,0.05,2.46,2.13,0.325
"Edwards, Jon",457754,2015,75,37,0.211,0.174,0.037,0.456,0.365,0.091,0.361,0.322,0.0389999999999999,4.32,4.34,-0.02
"Guerra, Deolis",500610,2015,74,53,0.371,0.288,0.083,0.671,0.511,0.16,0.458,0.362,0.096,6.48,5.66,0.82
"Kelly, Ryan",502462,2015,74,58,0.313,0.248,0.065,0.582,0.454,0.1279999999999999,0.406,0.332,0.074,7.02,4.64,2.38
"Crockett, Kyle",641490,2015,74,51,0.266,0.262,0.004,0.359,0.362,-0.003,0.308,0.321,-0.013,4.08,4.31,-0.235
"Leone, Dominic",608678,2015,74,55,0.302,0.298,0.004,0.492,0.519,-0.027,0.373,0.395,-0.022,8.4,6.99,1.41
"Ranaudo, Anthony",519168,2015,73,53,0.295,0.248,0.0469999999999999,0.475,0.363,0.1119999999999999,0.37,0.314,0.0559999999999999,7.63,4.1,3.53
"Santos, Sergio",435045,2015,73,48,0.246,0.272,-0.026,0.477,0.434,0.0429999999999999,0.333,0.336,-0.003,4.96,4.77,0.189
"House, TJ",543334,2015,73,52,0.362,0.327,0.0349999999999999,0.466,0.505,-0.0389999999999999,0.414,0.416,-0.002,13.15,7.97,5.184
"Coulombe, Danny",543056,2015,72,52,0.27,0.268,0.002,0.381,0.332,0.0489999999999999,0.33,0.317,0.013,5.63,4.19,1.435
"Redmond, Todd",445170,2015,72,51,0.266,0.26,0.006,0.5,0.537,-0.037,0.365,0.378,-0.013,7.31,6.28,1.033
"Jones, Nate",518858,2015,72,39,0.188,0.195,-0.007,0.438,0.367,0.071,0.3,0.28,0.0199999999999999,3.32,3.21,0.106
"Drake, Oliver",543118,2015,72,46,0.262,0.236,0.026,0.361,0.367,-0.006,0.314,0.309,0.005,2.87,3.96,-1.088
"Copeland, Scott",571577,2015,69,61,0.369,0.352,0.017,0.523,0.454,0.069,0.387,0.36,0.027,6.46,5.59,0.867
"Harrison, Matt",457448,2015,69,58,0.306,0.279,0.0269999999999999,0.516,0.43,0.086,0.375,0.335,0.0399999999999999,6.75,4.74,2.01
"Rumbelow, Nick",592705,2015,68,48,0.254,0.217,0.037,0.413,0.369,0.0439999999999999,0.309,0.28,0.0289999999999999,4.02,3.21,0.811
"Olmos, Edgar",543607,2015,67,54,0.281,0.286,-0.0049999999999999,0.404,0.44,-0.0359999999999999,0.338,0.355,-0.0169999999999999,4.5,5.41,-0.91
"Wagner, Tyler",621281,2015,67,55,0.386,0.314,0.072,0.596,0.464,0.1319999999999999,0.441,0.384,0.0569999999999999,7.24,6.52,0.724
"Claudio, Alex",592222,2015,66,46,0.211,0.225,-0.014,0.474,0.352,0.122,0.31,0.289,0.021,2.87,3.43,-0.558
"Montas, Frankie",593423,2015,66,37,0.246,0.183,0.063,0.351,0.282,0.069,0.31,0.261,0.0489999999999999,4.8,2.78,2.02
"Dull, Ryan",623430,2015,66,44,0.203,0.193,0.01,0.441,0.426,0.015,0.3,0.299,0.001,4.24,3.69,0.545
"Olson, Tyler",621397,2015,65,46,0.346,0.244,0.1019999999999999,0.596,0.362,0.2339999999999999,0.421,0.294,0.127,5.4,3.56,1.84
"Erlin, Robbie",572362,2015,65,52,0.258,0.271,-0.013,0.371,0.379,-0.008,0.29,0.304,-0.014,4.76,3.82,0.945
"Roberts, Ken",594977,2015,65,55,0.379,0.26,0.119,0.483,0.394,0.0889999999999999,0.381,0.316,0.065,7.24,4.16,3.084
"Tuivailala, Sam",592815,2015,65,37,0.228,0.186,0.042,0.421,0.325,0.0959999999999999,0.32,0.275,0.0449999999999999,3.07,3.1,-0.032
"Kensing, Logan",434137,2015,64,44,0.214,0.253,-0.039,0.375,0.452,-0.077,0.295,0.349,-0.0539999999999999,5.87,5.2,0.67
"Riefenhauser, C.J.",592677,2015,62,48,0.283,0.251,0.0319999999999999,0.509,0.49,0.019,0.372,0.357,0.015,5.52,5.48,0.043
"Reynolds, Matt",519186,2015,62,36,0.259,0.167,0.092,0.593,0.364,0.2289999999999999,0.393,0.275,0.118,4.61,3.1,1.51
"Swarzak, Anthony",461872,2015,61,44,0.316,0.316,0.0,0.439,0.472,-0.0329999999999999,0.343,0.358,-0.0149999999999999,3.38,5.52,-2.145
"Ramirez, Noé",598287,2015,61,39,0.25,0.245,0.005,0.442,0.468,-0.026,0.354,0.363,-0.009,4.15,5.7,-1.546
"Marshall, Evan",605359,2015,61,49,0.357,0.301,0.0559999999999999,0.589,0.518,0.0709999999999999,0.424,0.378,0.0459999999999999,6.08,6.28,-0.205
"Pestano, Vinnie",502260,2015,60,38,0.306,0.218,0.088,0.551,0.43,0.121,0.392,0.326,0.066,5.4,4.46,0.94
"Axelrod, Dylan",518420,2015,59,39,0.22,0.194,0.0259999999999999,0.54,0.433,0.107,0.359,0.311,0.0479999999999999,7.3,4.02,3.277
"Ramírez, Neil",519166,2015,59,39,0.231,0.254,-0.0229999999999999,0.385,0.468,-0.083,0.289,0.335,-0.046,3.21,4.74,-1.526
"Mendez, Roman",542669,2015,58,39,0.286,0.267,0.0189999999999999,0.49,0.531,-0.041,0.381,0.39,-0.009,5.27,6.77,-1.502
"Achter, A.J.",592091,2015,58,38,0.231,0.279,-0.048,0.481,0.595,-0.1139999999999999,0.335,0.402,-0.067,6.75,7.3,-0.55
"Hessler, Keith",594857,2015,57,41,0.302,0.288,0.014,0.623,0.589,0.034,0.406,0.391,0.015,8.03,6.82,1.207
"Doolittle, Sean",448281,2015,57,37,0.235,0.202,0.0329999999999999,0.353,0.325,0.0279999999999999,0.286,0.265,0.0209999999999999,3.95,2.87,1.081
"Flores, Kendry",572309,2015,57,43,0.314,0.3,0.014,0.373,0.458,-0.085,0.321,0.357,-0.0359999999999999,4.97,5.48,-0.506
"Kelly, Casey",543391,2015,56,45,0.365,0.337,0.0279999999999999,0.5,0.559,-0.059,0.396,0.409,-0.0129999999999999,7.94,7.63,0.311
"Coke, Phil",457435,2015,56,39,0.3,0.265,0.0349999999999999,0.52,0.446,0.074,0.361,0.322,0.0389999999999999,5.68,4.34,1.344
"Martín, Rafael",514669,2015,56,25,0.245,0.237,0.008,0.531,0.497,0.034,0.361,0.356,0.005,5.11,5.45,-0.342
"Cordier, Erik",449170,2015,56,42,0.271,0.282,-0.0109999999999999,0.375,0.475,-0.0999999999999999,0.319,0.373,-0.0539999999999999,5.84,6.08,-0.242
"Floyd, Gavin",425856,2015,55,43,0.22,0.238,-0.0179999999999999,0.26,0.351,-0.0909999999999999,0.253,0.296,-0.0429999999999999,2.7,3.61,-0.91
"Mazzaro, Vin",476570,2015,55,43,0.319,0.29,0.029,0.468,0.442,0.026,0.356,0.343,0.0129999999999999,3.75,5.0,-1.25
"Cook, Ryan",475857,2015,54,41,0.426,0.309,0.1169999999999999,0.723,0.545,0.1779999999999999,0.517,0.407,0.11,18.69,7.53,11.162
"Burawa, Danny",592181,2015,54,37,0.239,0.216,0.0229999999999999,0.391,0.353,0.038,0.307,0.292,0.015,6.23,3.51,2.721
"Mazzoni, Cory",543508,2015,53,40,0.489,0.334,0.1549999999999999,0.787,0.457,0.33,0.548,0.371,0.177,20.77,6.0,14.769
"Ramírez, José",542432,2015,52,34,0.385,0.243,0.142,0.615,0.39,0.2249999999999999,0.487,0.372,0.1149999999999999,12.91,6.04,6.873
"Leathersich, Jack",605333,2015,52,30,0.273,0.206,0.067,0.341,0.267,0.074,0.331,0.281,0.0499999999999999,2.31,3.24,-0.926
"Bailey, Homer",456701,2015,51,44,0.34,0.35,-0.0099999999999999,0.617,0.642,-0.025,0.419,0.437,-0.018,5.56,9.06,-3.501
"Hill, Taylor",592398,2015,51,37,0.304,0.318,-0.014,0.522,0.453,0.069,0.385,0.369,0.016,3.75,5.93,-2.18
"Schugel, A.J.",519263,2015,51,41,0.37,0.288,0.082,0.587,0.486,0.1009999999999999,0.427,0.36,0.067,5.0,5.59,-0.59
"Varvaro, Anthony",460008,2015,51,37,0.311,0.291,0.02,0.422,0.415,0.007,0.352,0.345,0.007,4.09,5.07,-0.979
"Gregg, Kevin",276514,2015,51,32,0.289,0.294,-0.005,0.489,0.558,-0.069,0.369,0.396,-0.027,10.13,7.03,3.095
"Ferrell, Jeff",594815,2015,50,40,0.267,0.313,-0.0459999999999999,0.511,0.537,-0.026,0.352,0.388,-0.036,6.35,6.69,-0.337
"Bracho, Silvino",611093,2015,50,28,0.2,0.188,0.012,0.4,0.368,0.032,0.29,0.275,0.0149999999999999,1.46,3.1,-1.641
"Moscot, Jon",621209,2015,50,39,0.25,0.241,0.009,0.409,0.341,0.0679999999999999,0.317,0.294,0.023,4.63,3.56,1.069
"Aro, Jonathan",608167,2015,49,37,0.341,0.308,0.033,0.614,0.531,0.0829999999999999,0.42,0.38,0.0399999999999999,6.97,6.36,0.608
"Castro, Simon",501563,2015,47,32,0.282,0.248,0.0339999999999999,0.359,0.395,-0.036,0.333,0.333,0.0,6.1,4.67,1.427
"Ravin, Josh",502051,2015,47,30,0.31,0.263,0.0469999999999999,0.524,0.466,0.0579999999999999,0.393,0.356,0.037,6.75,5.45,1.3
"López, Jorge",605347,2015,46,30,0.35,0.267,0.0829999999999999,0.425,0.35,0.075,0.382,0.327,0.0549999999999999,5.4,4.49,0.91
"Montero, Rafael",606160,2015,46,28,0.225,0.179,0.046,0.35,0.27,0.0799999999999999,0.265,0.219,0.046,4.5,1.97,2.53
"Beeler, Dallas",542923,2015,46,32,0.359,0.25,0.1089999999999999,0.462,0.332,0.13,0.392,0.303,0.089,9.72,3.8,5.92
"Pimentel, Stolmy",516935,2015,46,36,0.268,0.287,-0.0189999999999999,0.341,0.391,-0.0499999999999999,0.287,0.318,-0.031,3.97,4.22,-0.249
"Brothers, Rex",571521,2015,46,33,0.243,0.259,-0.016,0.378,0.406,-0.028,0.331,0.368,-0.0369999999999999,1.74,5.89,-4.148
"Cotham, Caleb",571584,2015,45,33,0.326,0.304,0.022,0.651,0.599,0.052,0.421,0.393,0.0279999999999999,6.52,6.9,-0.383
"Moreno, Diego",514981,2015,45,32,0.225,0.194,0.031,0.375,0.281,0.0939999999999999,0.305,0.263,0.0419999999999999,5.23,2.82,2.406
"Baker, Scott",435044,2015,45,34,0.262,0.216,0.046,0.643,0.377,0.266,0.4,0.284,0.116,5.73,3.31,2.417
"Stites, Matt",592781,2015,44,33,0.368,0.307,0.061,0.526,0.392,0.134,0.41,0.359,0.0509999999999999,12.46,5.55,6.912
"Moylan, Peter",493247,2015,44,36,0.273,0.243,0.03,0.364,0.41,-0.0459999999999999,0.276,0.283,-0.0069999999999999,3.48,3.29,0.194
"Cole, A.J.",595918,2015,44,34,0.341,0.289,0.052,0.463,0.412,0.051,0.34,0.317,0.023,5.79,4.19,1.596
"Walden, Jordan",477229,2015,42,26,0.189,0.222,-0.033,0.243,0.281,-0.038,0.219,0.247,-0.0279999999999999,0.87,2.49,-1.619
"Rodríguez, Paco",572089,2015,42,31,0.263,0.235,0.028,0.316,0.295,0.021,0.277,0.261,0.016,2.61,2.78,-0.167
"Almonte, Miguel",602083,2015,41,23,0.212,0.199,0.0129999999999999,0.576,0.453,0.1229999999999999,0.401,0.359,0.042,6.23,5.55,0.681
"Bailey, Andrew",457732,2015,41,30,0.265,0.259,0.006,0.471,0.456,0.0149999999999999,0.335,0.361,-0.0259999999999999,5.19,5.63,-0.438
"Hall, Cody",595235,2015,41,29,0.278,0.216,0.062,0.389,0.365,0.024,0.337,0.308,0.029,6.48,3.93,2.55
"Faulkner, Andrew",605226,2015,40,27,0.216,0.227,-0.011,0.405,0.416,-0.0109999999999999,0.286,0.296,-0.01,2.79,3.61,-0.817
"Wieland, Joe",543921,2015,40,31,0.294,0.303,-0.009,0.618,0.477,0.141,0.404,0.381,0.023,8.31,6.4,1.908
"Váldez, José A.",572308,2015,39,31,0.286,0.282,0.004,0.543,0.633,-0.0899999999999999,0.385,0.418,-0.0329999999999999,4.0,8.06,-4.06
"Gurka, Jason",543261,2015,39,30,0.432,0.309,0.123,0.676,0.497,0.179,0.485,0.365,0.12,9.39,5.77,3.621
"Beachy, Brandon",545404,2015,39,28,0.313,0.316,-0.003,0.531,0.555,-0.024,0.396,0.41,-0.0139999999999999,7.88,7.68,0.195
"Feliz, Michael",593140,2015,38,26,0.273,0.261,0.012,0.515,0.466,0.0489999999999999,0.382,0.361,0.021,7.88,5.63,2.245
"Zito, Barry",217096,2015,37,29,0.387,0.329,0.0579999999999999,0.839,0.692,0.147,0.545,0.475,0.07,10.29,11.4,-1.114
"Murray, Colton",605396,2015,37,26,0.314,0.251,0.063,0.543,0.43,0.113,0.383,0.317,0.066,5.87,4.19,1.68
"Tsao, Chin-hui",425835,2015,37,27,0.441,0.299,0.142,0.824,0.539,0.2849999999999999,0.546,0.377,0.169,10.29,6.24,4.046
"Buchanan, Jake",594772,2015,37,27,0.161,0.235,-0.0739999999999999,0.387,0.351,0.036,0.293,0.314,-0.021,2.0,4.1,-2.1
"Schlitter, Brian",489295,2015,36,29,0.364,0.302,0.062,0.606,0.479,0.127,0.438,0.368,0.07,7.36,5.89,1.474
"Belisario, Ronald",430613,2015,36,26,0.25,0.24,0.01,0.344,0.324,0.0199999999999999,0.292,0.286,0.006,7.88,3.36,4.515
"Kintzler, Brandon",445213,2015,36,24,0.387,0.296,0.091,0.548,0.45,0.098,0.443,0.378,0.065,6.43,6.28,0.149
"McGough, Scott",543518,2015,35,27,0.387,0.317,0.07,0.484,0.396,0.0879999999999999,0.413,0.356,0.0569999999999999,9.45,5.45,4.0
"Chen, Bruce",136600,2015,35,30,0.5,0.413,0.087,0.853,0.806,0.0469999999999999,0.578,0.524,0.0539999999999999,12.79,15.3,-2.511
"Rucinski, Drew",607968,2015,35,24,0.357,0.338,0.0189999999999999,0.536,0.51,0.026,0.445,0.435,0.01,7.71,8.95,-1.236
"Ottavino, Adam",493603,2015,35,19,0.094,0.104,-0.0099999999999999,0.094,0.154,-0.06,0.135,0.171,-0.036,0.0,1.24,-1.24
"Guilmet, Preston",543258,2015,35,25,0.31,0.302,0.008,0.552,0.526,0.026,0.383,0.396,-0.013,11.04,7.03,4.015
"Laffey, Aaron",444836,2015,33,26,0.296,0.277,0.0189999999999999,0.444,0.392,0.0519999999999999,0.357,0.349,0.008,3.68,5.2,-1.518
"Carlyle, Buddy",234194,2015,32,25,0.276,0.275,0.001,0.379,0.382,-0.003,0.277,0.299,-0.0219999999999999,5.63,3.69,1.935
"Beck, Chris",571476,2015,31,24,0.385,0.247,0.138,0.577,0.347,0.2299999999999999,0.447,0.317,0.13,6.0,4.19,1.81
"Wright, Wesley",449079,2015,31,23,0.231,0.225,0.006,0.385,0.449,-0.064,0.274,0.303,-0.0289999999999999,3.68,3.8,-0.118
"Knudson, Guido",605317,2015,31,22,0.464,0.352,0.112,1.143,0.834,0.309,0.674,0.515,0.159,18.0,14.5,3.5
"Huff, David",453307,2015,30,24,0.407,0.307,0.0999999999999999,0.63,0.495,0.135,0.464,0.38,0.084,9.0,6.36,2.64
"Armstrong, Shawn",542888,2015,30,17,0.179,0.182,-0.003,0.357,0.337,0.0199999999999999,0.257,0.253,0.004,2.25,2.61,-0.36
"Wooten, Rob",543942,2015,30,17,0.227,0.278,-0.051,0.545,0.524,0.021,0.41,0.425,-0.015,12.0,8.42,3.58
"Johnson, Steve",489002,2015,29,21,0.333,0.306,0.027,0.708,0.606,0.1019999999999999,0.482,0.441,0.0409999999999999,10.13,9.28,0.845
"LaFromboise, Bobby",489039,2015,29,20,0.179,0.17,0.0089999999999999,0.357,0.25,0.1069999999999999,0.242,0.2,0.0419999999999999,1.13,1.66,-0.535
"Lindgren, Jacob",605338,2015,29,17,0.208,0.214,-0.006,0.625,0.411,0.214,0.382,0.32,0.062,5.14,4.28,0.863
"Mejia, Jenrry",516769,2015,27,18,0.167,0.149,0.018,0.25,0.225,0.0249999999999999,0.198,0.181,0.017,0.0,1.38,-1.38
"Jackson, Luke",592426,2015,27,19,0.2,0.293,-0.0929999999999999,0.36,0.567,-0.2069999999999999,0.272,0.39,-0.118,4.26,6.77,-2.507
"Drabek, Kyle",475138,2015,26,21,0.375,0.243,0.132,0.542,0.58,-0.0379999999999999,0.418,0.391,0.0269999999999999,5.06,6.82,-1.757
"Goody, Nick",580792,2015,26,19,0.273,0.177,0.096,0.409,0.253,0.1559999999999999,0.353,0.265,0.0879999999999999,4.76,2.87,1.895
"Soriano, Rafael",400089,2015,25,20,0.333,0.29,0.043,0.708,0.454,0.2539999999999999,0.449,0.335,0.1139999999999999,6.35,4.74,1.613
"Alexander, Scott",518397,2015,25,18,0.238,0.247,-0.009,0.238,0.313,-0.075,0.287,0.323,-0.036,4.5,4.37,0.13
"Lee, Zach",545346,2015,24,20,0.478,0.415,0.063,0.739,0.602,0.137,0.529,0.45,0.079,13.5,9.81,3.69
"Lazo, Raudel",612272,2015,24,17,0.238,0.211,0.0269999999999999,0.524,0.392,0.132,0.335,0.292,0.043,3.18,3.51,-0.334
"Teaford, Everett",501870,2015,24,16,0.25,0.201,0.0489999999999999,0.4,0.257,0.143,0.331,0.272,0.059,1.59,3.03,-1.442
"Veal, Donnie",453264,2015,24,18,0.4,0.299,0.101,0.95,0.659,0.2909999999999999,0.584,0.443,0.1409999999999999,14.54,9.4,5.138
"Mills, Brad",502166,2015,23,20,0.333,0.337,-0.004,0.524,0.509,0.015,0.397,0.396,0.001,5.4,7.03,-1.63
"Aumont, Phillippe",518418,2015,23,13,0.313,0.305,0.008,0.813,0.507,0.3059999999999999,0.536,0.449,0.087,13.5,9.75,3.75
"Castro, Angel",502162,2015,22,15,0.444,0.223,0.221,0.611,0.366,0.245,0.49,0.329,0.1609999999999999,2.25,4.55,-2.3
"Peacock, Brad",502748,2015,22,16,0.278,0.215,0.063,0.444,0.243,0.201,0.346,0.266,0.0799999999999999,5.4,2.89,2.51
"Chapman, Kevin",502087,2015,22,11,0.211,0.186,0.0249999999999999,0.421,0.346,0.075,0.325,0.29,0.035,3.38,3.46,-0.085
"Barrios, Yhonathan",553872,2015,22,15,0.136,0.163,-0.0269999999999999,0.182,0.244,-0.062,0.137,0.177,-0.0399999999999999,0.0,1.32,-1.32
"Ogando, Nefi",596331,2015,21,17,0.368,0.288,0.08,0.474,0.441,0.0329999999999999,0.393,0.35,0.043,9.0,5.24,3.76
"Balfour, Grant",346797,2015,21,16,0.2,0.31,-0.1099999999999999,0.467,0.676,-0.209,0.365,0.466,-0.101,6.23,10.8,-4.569
"Pazos, James",572021,2015,21,15,0.176,0.236,-0.06,0.176,0.467,-0.291,0.235,0.358,-0.123,0.0,5.52,-5.52
"Jackson, Jay",543351,2015,20,15,0.368,0.317,0.0509999999999999,0.474,0.576,-0.1019999999999999,0.38,0.403,-0.023,6.23,7.35,-1.119
"Thielbar, Caleb",573204,2015,20,15,0.263,0.153,0.11,0.316,0.183,0.133,0.252,0.146,0.106,5.4,0.94,4.46
"Ibarra, Edgar",500891,2015,19,13,0.25,0.315,-0.065,0.313,0.458,-0.145,0.314,0.389,-0.075,2.25,6.73,-4.48
"Domínguez, José",523848,2015,19,12,0.125,0.222,-0.097,0.188,0.251,-0.063,0.195,0.265,-0.07,0.0,2.87,-2.87
"Kohn, Michael",543409,2015,19,9,0.0,0.08,-0.08,0.0,0.143,-0.143,0.217,0.283,-0.0659999999999999,0.0,3.29,-3.29
"Edwards Jr., Carl",605218,2015,19,12,0.188,0.222,-0.034,0.25,0.336,-0.086,0.267,0.311,-0.0439999999999999,3.86,4.02,-0.163
"Alvarez, Dario",516714,2015,19,14,0.333,0.282,0.051,0.733,0.598,0.135,0.494,0.431,0.063,12.27,8.74,3.533
"Johnson, Brian",598271,2015,19,12,0.214,0.256,-0.042,0.214,0.409,-0.1949999999999999,0.284,0.403,-0.119,8.31,7.35,0.958
"Sadler, Casey",594987,2015,19,13,0.222,0.247,-0.0249999999999999,0.5,0.503,-0.003,0.323,0.342,-0.019,3.6,4.96,-1.36
"Eveland, Dana",445968,2015,18,11,0.357,0.288,0.069,0.857,0.529,0.3279999999999999,0.498,0.371,0.127,5.4,6.0,-0.6
"Roach, Donn",543698,2015,18,16,0.471,0.276,0.1949999999999999,0.529,0.388,0.141,0.45,0.311,0.139,10.8,4.02,6.78
"Reed, Chris",607068,2015,18,16,0.375,0.343,0.0319999999999999,0.375,0.458,-0.083,0.351,0.368,-0.017,4.5,5.89,-1.39
"Hynes, Colt",518833,2015,18,12,0.5,0.322,0.178,0.563,0.415,0.1479999999999999,0.477,0.341,0.1359999999999999,6.0,4.93,1.07
"Guerra, Junior",448855,2015,18,14,0.412,0.286,0.126,0.588,0.343,0.2449999999999999,0.432,0.276,0.1559999999999999,6.75,3.12,3.63
"Stammen, Craig",489334,2015,17,11,0.154,0.19,-0.036,0.231,0.233,-0.002,0.219,0.241,-0.0219999999999999,0.0,2.37,-2.37
"Jenkins, Chad",554432,2015,17,12,0.214,0.2,0.0139999999999999,0.429,0.346,0.083,0.346,0.315,0.0309999999999999,4.91,4.13,0.779
"Carpenter, David",518526,2015,17,12,0.353,0.269,0.0839999999999999,0.765,0.539,0.2259999999999999,0.472,0.346,0.126,7.36,5.1,2.264
"Murata, Toru",538506,2015,16,13,0.267,0.227,0.04,0.733,0.504,0.2289999999999999,0.435,0.335,0.0999999999999999,8.1,4.74,3.36
"Surkamp, Eric",474668,2015,16,9,0.308,0.328,-0.02,0.769,0.537,0.2319999999999999,0.501,0.444,0.0569999999999999,10.8,9.46,1.34
"Rearick, Chris",595371,2015,16,10,0.462,0.301,0.161,1.154,0.606,0.5479999999999999,0.674,0.428,0.246,12.0,8.58,3.42
"Gonzales, Marco",594835,2015,16,14,0.5,0.495,0.005,0.786,0.884,-0.0979999999999999,0.526,0.565,-0.0389999999999999,13.5,19.61,-6.11
"Meyer, Alex",543542,2015,15,9,0.364,0.208,0.156,0.909,0.536,0.373,0.568,0.396,0.1719999999999999,16.88,7.03,9.845
"Beliveau, Jeff",542924,2015,15,12,0.429,0.323,0.1059999999999999,0.786,0.554,0.2319999999999999,0.527,0.398,0.129,13.5,7.12,6.38
"Blevins, Jerry",460283,2015,15,11,0.0,0.25,-0.25,0.0,0.365,-0.365,0.0,0.267,-0.267,0.0,2.91,-2.91
"De Paula, Jose",517059,2015,15,9,0.182,0.139,0.0429999999999999,0.455,0.197,0.258,0.38,0.29,0.09,2.7,3.46,-0.76
"Rosin, Seth",519229,2015,14,12,0.636,0.354,0.282,1.091,0.564,0.527,0.679,0.437,0.242,22.5,9.06,13.44
"Smith, Chad",605477,2015,13,7,0.556,0.417,0.139,0.667,0.515,0.152,0.581,0.495,0.0859999999999999,33.75,12.86,20.89
"Soto, Giovanni",543803,2015,13,13,0.231,0.255,-0.0239999999999999,0.231,0.42,-0.1889999999999999,0.203,0.296,-0.0929999999999999,0.0,3.61,-3.61
"Hand, Donovan",518764,2015,13,8,0.182,0.254,-0.072,0.273,0.296,-0.0229999999999999,0.272,0.312,-0.0399999999999999,0.0,4.05,-4.05
"Gearrin, Cory",518715,2015,13,7,0.083,0.089,-0.0059999999999999,0.083,0.094,-0.0109999999999999,0.121,0.13,-0.009,4.91,0.77,4.139
"Bochy, Brett",594762,2015,12,7,0.1,0.21,-0.1099999999999999,0.1,0.242,-0.142,0.19,0.281,-0.091,0.0,3.24,-3.24
"Mariot, Michael",592527,2015,12,9,0.2,0.385,-0.185,0.5,0.721,-0.2209999999999999,0.36,0.508,-0.148,3.0,13.9,-10.9
"Francoeur, Jeff",425796,2015,11,6,0.167,0.193,-0.0259999999999999,0.667,0.668,-0.001,0.44,0.5,-0.06,9.0,13.25,-4.25
"Albers, Andrew",452027,2015,11,8,0.111,0.346,-0.235,0.444,0.762,-0.318,0.313,0.514,-0.201,3.38,14.41,-11.035
"Coleman, Louis",488786,2015,11,8,0.111,0.195,-0.084,0.222,0.248,-0.0259999999999999,0.239,0.285,-0.0459999999999999,0.0,3.33,-3.33
"West, Matt",519411,2015,11,8,0.2,0.221,-0.0209999999999999,0.3,0.303,-0.003,0.257,0.27,-0.013,0.0,2.98,-2.98
"Sucre, Jesús",491696,2015,11,11,0.545,0.368,0.177,0.909,0.648,0.261,0.622,0.437,0.185,13.5,9.06,4.44
"Tracy, Matt",595441,2015,11,8,0.222,0.174,0.048,0.333,0.217,0.116,0.319,0.265,0.0539999999999999,0.0,2.87,-2.87
"Lee, C.C.",547348,2015,10,6,0.444,0.306,0.138,0.556,0.515,0.041,0.459,0.392,0.067,5.4,6.86,-1.46
"Wilk, Adam",573244,2015,10,6,0.25,0.315,-0.065,0.625,0.656,-0.031,0.435,0.469,-0.0339999999999999,4.5,11.0,-6.5
"Rosales, Adam",489267,2015,10,7,0.25,0.41,-0.1599999999999999,1.0,1.319,-0.3189999999999999,0.535,0.714,-0.1789999999999999,9.0,52.27,-43.27
"Davies, Kyle",434678,2015,10,8,0.3,0.173,0.127,0.3,0.201,0.0989999999999999,0.264,0.165,0.099,0.0,1.16,-1.16
"Ryan, Brendan",453895,2015,8,8,0.25,0.442,-0.192,0.25,0.586,-0.3359999999999999,0.22,0.447,-0.227,0.0,9.63,-9.63
"Houser, Adrian",605288,2015,8,6,0.167,0.195,-0.0279999999999999,0.167,0.251,-0.0839999999999999,0.282,0.327,-0.045,0.0,4.49,-4.49
"Davis, Ike",477195,2015,8,6,0.143,0.39,-0.247,0.286,0.465,-0.179,0.243,0.407,-0.1639999999999999,0.0,7.53,-7.53
"Winkler, Dan",595465,2015,8,5,0.286,0.304,-0.018,1.143,0.923,0.2199999999999999,0.602,0.529,0.0729999999999999,10.8,15.77,-4.97
"Morris, Akeel",592570,2015,8,5,0.6,0.162,0.4379999999999999,1.2,0.427,0.7729999999999999,0.736,0.469,0.267,67.5,11.0,56.5
"Jaime, Juan",462089,2015,8,3,0.0,0.006,-0.006,0.0,0.011,-0.011,0.343,0.416,-0.0729999999999999,6.75,7.97,-1.22
"Fujikawa, Kyuji",493117,2015,8,6,0.286,0.308,-0.022,0.714,0.578,0.136,0.458,0.421,0.037,16.2,8.22,7.98
"De Los Santos, Abel",593582,2015,8,4,0.286,0.215,0.0709999999999999,0.714,0.651,0.0629999999999999,0.454,0.404,0.0499999999999999,5.4,7.39,-1.99
"Luetge, Lucas",476595,2015,8,4,0.0,0.132,-0.132,0.0,0.242,-0.242,0.172,0.299,-0.127,0.0,3.69,-3.69
"Guerra, Javy",457915,2015,7,6,0.333,0.322,0.011,0.333,0.359,-0.0259999999999999,0.35,0.352,-0.002,0.0,5.3,-5.3
"Volstad, Chris",458690,2015,7,7,0.286,0.305,-0.019,0.286,0.366,-0.08,0.252,0.298,-0.0459999999999999,0.0,3.66,-3.66
"Cornely, John",607405,2015,7,5,0.5,0.287,0.213,1.0,0.622,0.378,0.645,0.427,0.218,36.0,8.52,27.48
"Franklin, Nick",545338,2015,7,6,0.5,0.298,0.202,1.167,0.573,0.5940000000000001,0.703,0.421,0.282,18.0,8.22,9.78
"Hatley, Marcus",502281,2015,7,3,0.2,0.076,0.124,0.2,0.087,0.113,0.322,0.249,0.073,0.0,2.53,-2.53
"Murphy, David",461815,2015,6,4,0.5,0.707,-0.2069999999999999,1.25,2.068,-0.8180000000000001,0.725,0.977,-0.252,0.0,3668.31,-3668.31
"Elmore, Jake",518653,2015,6,6,0.5,0.321,0.179,1.0,0.814,0.186,0.638,0.477,0.161,9.0,11.54,-2.54
"Ross, David",424325,2015,6,6,0.0,0.341,-0.341,0.0,0.404,-0.404,0.0,0.326,-0.326,0.0,4.46,-4.46
"Gomes, Jonny",430404,2015,6,5,0.6,0.513,0.0869999999999999,1.6,1.368,0.2319999999999999,0.763,0.672,0.0909999999999999,18.0,38.86,-20.86
"García, Leury",544725,2015,5,3,0.25,0.314,-0.064,0.25,0.324,-0.074,0.32,0.37,-0.0499999999999999,0.0,5.96,-5.96
"Ramirez, Alexei",493351,2015,5,4,0.25,0.217,0.033,0.5,0.358,0.142,0.395,0.343,0.0519999999999999,0.0,5.0,-5.0
"Decker, Jaff",543094,2015,5,5,0.4,0.312,0.088,0.6,0.431,0.1689999999999999,0.427,0.312,0.1149999999999999,0.0,4.05,-4.05
"Campos, Leonel",599998,2015,5,3,0.25,0.238,0.012,0.5,0.332,0.1679999999999999,0.389,0.333,0.0559999999999999,9.0,4.67,4.33
"Suzuki, Ichiro",400085,2015,5,5,0.4,0.536,-0.136,0.8,1.293,-0.4929999999999999,0.503,0.769,-0.266,9.0,80.48,-71.48
"Wilson, Josh",425543,2015,4,4,0.5,0.359,0.141,1.25,0.709,0.541,0.737,0.452,0.285,9.0,9.93,-0.93
"Raburn, Ryan",430605,2015,4,3,0.333,0.372,-0.0389999999999999,0.333,0.613,-0.2799999999999999,0.392,0.496,-0.1039999999999999,0.0,12.94,-12.94
"Robinson, Shane",453203,2015,4,2,0.0,0.064,-0.064,0.0,0.071,-0.071,0.172,0.216,-0.044,0.0,1.92,-1.92
"Jones, Garrett",434540,2015,4,2,0.0,0.071,-0.071,0.0,0.075,-0.075,0.351,0.383,-0.032,0.0,6.48,-6.48
"Robinson, Clint",519208,2015,4,3,0.25,0.121,0.129,0.25,0.132,0.118,0.22,0.12,0.1,0.0,0.67,-0.67
"Cabral, Cesar",501627,2015,3,1,0.0,0.163,-0.163,0.0,0.174,-0.174,0.229,0.328,-0.099,0.0,4.52,-4.52
"Moore, Tyler",489138,2015,3,2,0.0,0.395,-0.395,0.0,0.446,-0.446,0.239,0.49,-0.251,0.0,12.48,-12.48
"LaRoche, Adam",425560,2015,3,2,0.0,0.03,-0.03,0.0,0.035,-0.035,0.0,0.033,-0.033,0.0,0.08,-0.08
"Greenwood, Nick",572889,2015,2,2,1.0,0.796,0.2039999999999999,2.5,1.837,0.663,1.473,1.121,0.3520000000000001,,,
"Denorfia, Chris",456121,2015,1,1,0.0,0.403,-0.403,0.0,0.45,-0.45,0.0,0.379,-0.379,0.0,6.32,-6.32
"Reyes, Jo-Jo",457456,2015,1,1,0.0,0.567,-0.567,0.0,0.603,-0.603,0.0,0.51,-0.51,0.0,14.07,-14.07
"Nathan, Joe",150274,2015,1,0,0.0,,,0.0,,,0.0,0.0,0.0,0.0,0.0,0.0
"Amarista, Alexi",506560,2015,1,1,0.0,0.013,-0.013,0.0,0.023,-0.023,0.0,0.017,-0.017,0.0,0.03,-0.03
