"last_name, first_name",player_id,year,pa,bip,ba,est_ba,est_ba_minus_ba_diff,slg,est_slg,est_slg_minus_slg_diff,woba,est_woba,est_woba_minus_woba_diff
"Semien, Marcus",543760,2022,724,547,0.248,0.243,0.005,0.429,0.411,0.018,0.317,0.311,0.006
"Freeman, Freddie",518692,2022,708,517,0.325,0.308,0.017,0.511,0.559,-0.048,0.393,0.406,-0.013
"Turner, Trea",607208,2022,708,527,0.298,0.275,0.0229999999999999,0.466,0.446,0.02,0.35,0.338,0.0119999999999999
"Lindor, Francisco",596019,2022,706,504,0.27,0.253,0.017,0.449,0.439,0.01,0.342,0.333,0.009
"Guerrero Jr., Vladimir",665489,2022,706,526,0.274,0.276,-0.002,0.48,0.482,-0.002,0.351,0.354,-0.003
"Olson, Matt",621566,2022,699,450,0.24,0.243,-0.003,0.477,0.481,-0.004,0.344,0.347,-0.003
"Bichette, Bo",666182,2022,697,499,0.29,0.271,0.0189999999999999,0.469,0.456,0.0129999999999999,0.347,0.334,0.0129999999999999
"Judge, Aaron",592450,2022,696,400,0.311,0.304,0.007,0.686,0.732,-0.0459999999999999,0.458,0.468,-0.01
"Swanson, Dansby",621020,2022,696,462,0.277,0.256,0.021,0.447,0.479,-0.0319999999999999,0.337,0.342,-0.005
"Riley, Austin",663586,2022,693,451,0.273,0.271,0.002,0.528,0.558,-0.03,0.377,0.385,-0.008
"Ramírez, José",608070,2022,685,528,0.28,0.254,0.026,0.514,0.427,0.087,0.363,0.325,0.0379999999999999
"Alonso, Pete",624413,2022,685,478,0.271,0.258,0.013,0.518,0.506,0.012,0.366,0.357,0.009
"Cronenworth, Jake",630105,2022,684,464,0.239,0.218,0.0209999999999999,0.39,0.366,0.024,0.318,0.304,0.014
"Abreu, José",547989,2022,679,495,0.304,0.292,0.012,0.446,0.496,-0.0499999999999999,0.361,0.374,-0.013
"Nimmo, Brandon",607043,2022,673,470,0.274,0.254,0.02,0.433,0.405,0.0279999999999999,0.353,0.337,0.0159999999999999
"Hoskins, Rhys",656555,2022,672,424,0.246,0.238,0.008,0.462,0.465,-0.003,0.345,0.342,0.0029999999999999
"Mullins, Cedric",656775,2022,672,488,0.258,0.233,0.0249999999999999,0.403,0.363,0.04,0.315,0.292,0.023
"Yelich, Christian",592885,2022,671,416,0.252,0.253,-0.001,0.383,0.415,-0.0319999999999999,0.328,0.34,-0.012
"Rosario, Amed",642708,2022,670,530,0.283,0.274,0.0089999999999999,0.403,0.402,0.001,0.311,0.311,0.0
"Schwarber, Kyle",656941,2022,669,379,0.218,0.236,-0.0179999999999999,0.504,0.561,-0.057,0.355,0.381,-0.026
"Walker, Christian",572233,2022,667,459,0.242,0.256,-0.014,0.477,0.497,-0.02,0.346,0.362,-0.016
"Ohtani, Shohei",660271,2022,666,428,0.273,0.274,-0.001,0.519,0.569,-0.0499999999999999,0.37,0.387,-0.017
"Soto, Juan",665742,2022,664,428,0.242,0.263,-0.021,0.452,0.516,-0.064,0.376,0.403,-0.027
"Seager, Corey",608369,2022,663,495,0.245,0.278,-0.033,0.455,0.524,-0.069,0.331,0.373,-0.0419999999999999
"Profar, Jurickson",595777,2022,658,478,0.243,0.25,-0.007,0.391,0.371,0.02,0.32,0.318,0.002
"García, Adolis",666969,2022,657,428,0.25,0.242,0.008,0.456,0.467,-0.011,0.324,0.326,-0.002
"Bregman, Alex",608324,2022,656,481,0.259,0.256,0.003,0.454,0.442,0.012,0.358,0.357,0.001
"Goldschmidt, Paul",502671,2022,651,424,0.317,0.262,0.0549999999999999,0.578,0.503,0.0749999999999999,0.419,0.372,0.0469999999999999
"Santander, Anthony",623993,2022,647,457,0.24,0.255,-0.015,0.455,0.492,-0.0369999999999999,0.336,0.356,-0.0199999999999999
"Bell, Josh",605137,2022,647,456,0.266,0.267,-0.001,0.422,0.428,-0.006,0.344,0.347,-0.003
"Arozarena, Randy",668227,2022,645,432,0.263,0.228,0.035,0.445,0.386,0.059,0.336,0.299,0.037
"Lowe, Nathaniel",663993,2022,645,446,0.302,0.273,0.0289999999999999,0.492,0.47,0.022,0.368,0.346,0.022
"Machado, Manny",592518,2022,644,447,0.298,0.263,0.0349999999999999,0.531,0.469,0.062,0.382,0.345,0.037
"Verdugo, Alex",657077,2022,644,513,0.28,0.275,0.005,0.405,0.443,-0.0379999999999999,0.319,0.332,-0.013
"Happ, Ian",664023,2022,641,428,0.271,0.239,0.032,0.44,0.396,0.0439999999999999,0.339,0.312,0.027
"Betts, Mookie",605141,2022,639,472,0.269,0.252,0.017,0.533,0.484,0.049,0.373,0.348,0.025
"Kwan, Steven",680757,2022,638,509,0.298,0.269,0.0289999999999999,0.4,0.35,0.05,0.341,0.315,0.026
"Witt Jr., Bobby",677951,2022,632,461,0.254,0.252,0.002,0.428,0.444,-0.016,0.311,0.318,-0.007
"Cron, C.J.",543068,2022,632,416,0.257,0.239,0.018,0.468,0.441,0.027,0.335,0.319,0.016
"Bogaerts, Xander",593428,2022,631,446,0.307,0.258,0.0489999999999999,0.456,0.393,0.063,0.363,0.325,0.0379999999999999
"Bohm, Alec",664761,2022,631,486,0.28,0.287,-0.0069999999999999,0.398,0.445,-0.0469999999999999,0.31,0.334,-0.024
"Edman, Tommy",669242,2022,630,468,0.265,0.257,0.008,0.4,0.398,0.002,0.318,0.314,0.004
"Suárez, Eugenio",553993,2022,629,352,0.236,0.22,0.0159999999999999,0.459,0.473,-0.0139999999999999,0.344,0.344,0.0
"Pham, Tommy",502054,2022,622,392,0.236,0.236,0.0,0.374,0.394,-0.02,0.304,0.314,-0.01
"Chapman, Matt",656305,2022,621,373,0.229,0.233,-0.004,0.433,0.456,-0.023,0.331,0.345,-0.0139999999999999
"Arenado, Nolan",571448,2022,620,489,0.293,0.263,0.0299999999999999,0.533,0.464,0.069,0.381,0.343,0.0379999999999999
"Adames, Willy",642715,2022,617,401,0.238,0.237,0.001,0.458,0.469,-0.0109999999999999,0.325,0.329,-0.004
"Hernández, César",514917,2022,617,451,0.248,0.249,-0.001,0.318,0.342,-0.024,0.283,0.295,-0.012
"Reynolds, Bryan",668804,2022,614,403,0.262,0.249,0.013,0.461,0.43,0.031,0.349,0.332,0.0169999999999999
"Devers, Rafael",646240,2022,614,444,0.295,0.28,0.0149999999999999,0.521,0.514,0.007,0.373,0.365,0.008
"France, Ty",664034,2022,613,462,0.274,0.26,0.014,0.436,0.409,0.027,0.337,0.323,0.014
"Murphy, Sean",669221,2022,612,418,0.25,0.252,-0.002,0.426,0.453,-0.027,0.331,0.346,-0.0149999999999999
"Tucker, Kyle",663656,2022,609,451,0.257,0.263,-0.006,0.478,0.51,-0.032,0.348,0.362,-0.014
"Mountcastle, Ryan",663624,2022,609,408,0.25,0.274,-0.024,0.423,0.522,-0.099,0.316,0.363,-0.0469999999999999
"Altuve, Jose",514888,2022,604,441,0.3,0.268,0.0319999999999999,0.533,0.452,0.081,0.397,0.356,0.041
"Arraez, Luis",650333,2022,603,507,0.316,0.289,0.027,0.42,0.429,-0.009,0.35,0.341,0.0089999999999999
"Crawford, J.P.",641487,2022,603,445,0.243,0.256,-0.013,0.336,0.346,-0.0099999999999999,0.306,0.318,-0.012
"Flores, Wilmer",527038,2022,602,429,0.229,0.231,-0.002,0.394,0.381,0.013,0.312,0.312,0.0
"Frazier, Adam",624428,2022,602,478,0.238,0.262,-0.024,0.311,0.347,-0.0359999999999999,0.274,0.3,-0.0259999999999999
"Tellez, Rowdy",642133,2022,599,411,0.219,0.249,-0.03,0.461,0.492,-0.0309999999999999,0.327,0.351,-0.0239999999999999
"McMahon, Ryan",641857,2022,597,374,0.246,0.244,0.002,0.414,0.435,-0.021,0.326,0.333,-0.007
"Straw, Myles",664702,2022,596,454,0.221,0.239,-0.0179999999999999,0.273,0.316,-0.0429999999999999,0.257,0.281,-0.024
"Martinez, J.D.",502110,2022,596,393,0.274,0.256,0.018,0.448,0.486,-0.0379999999999999,0.343,0.352,-0.0089999999999999
"Varsho, Daulton",662139,2022,592,393,0.235,0.213,0.0219999999999999,0.443,0.401,0.0419999999999999,0.323,0.301,0.022
"Correa, Carlos",621043,2022,590,405,0.291,0.268,0.0229999999999999,0.467,0.49,-0.0229999999999999,0.362,0.361,0.001
"Báez, Javier",595879,2022,590,411,0.238,0.225,0.0129999999999999,0.393,0.387,0.006,0.291,0.285,0.006
"McNeil, Jeff",643446,2022,589,477,0.326,0.279,0.0469999999999999,0.454,0.399,0.0549999999999999,0.365,0.326,0.0389999999999999
"Mancini, Trey",641820,2022,587,389,0.239,0.244,-0.005,0.391,0.438,-0.0469999999999999,0.312,0.335,-0.023
"Gurriel, Yuli",493329,2022,584,475,0.242,0.239,0.003,0.36,0.329,0.0309999999999999,0.285,0.275,0.0099999999999999
"Farmer, Kyle",571657,2022,583,435,0.255,0.257,-0.002,0.386,0.396,-0.01,0.309,0.316,-0.007
"Springer, George",543807,2022,583,418,0.267,0.262,0.005,0.472,0.452,0.0199999999999999,0.352,0.345,0.007
"Hays, Austin",669720,2022,582,424,0.25,0.239,0.011,0.413,0.383,0.0299999999999999,0.314,0.301,0.013
"Kim, Ha-Seong",673490,2022,582,424,0.251,0.25,0.001,0.383,0.382,0.001,0.313,0.314,-0.001
"Rodgers, Brendan",663898,2022,581,431,0.266,0.262,0.004,0.408,0.413,-0.005,0.321,0.326,-0.005
"McCutchen, Andrew",457705,2022,580,395,0.237,0.246,-0.009,0.384,0.418,-0.0339999999999999,0.309,0.325,-0.016
"Smith, Will",669257,2022,578,416,0.26,0.256,0.004,0.465,0.498,-0.0329999999999999,0.349,0.358,-0.009
"Andrus, Elvis",462101,2022,577,443,0.249,0.245,0.004,0.404,0.37,0.034,0.31,0.296,0.014
"Blackmon, Charlie",453568,2022,577,428,0.264,0.257,0.007,0.419,0.387,0.0319999999999999,0.317,0.304,0.013
"Torres, Gleyber",650402,2022,572,401,0.257,0.242,0.015,0.451,0.46,-0.009,0.328,0.325,0.003
"Voit, Luke",572228,2022,568,327,0.226,0.221,0.005,0.402,0.455,-0.0529999999999999,0.311,0.328,-0.017
"Drury, Brandon",592273,2022,568,396,0.263,0.24,0.023,0.492,0.439,0.0529999999999999,0.35,0.321,0.0289999999999999
"Muncy, Max",571970,2022,565,329,0.196,0.207,-0.0109999999999999,0.384,0.443,-0.059,0.318,0.346,-0.0279999999999999
"Ward, Taylor",621493,2022,564,380,0.281,0.265,0.016,0.473,0.488,-0.015,0.362,0.363,-0.001
"Realmuto, J.T.",592663,2022,562,390,0.276,0.273,0.003,0.478,0.476,0.002,0.354,0.354,0.0
"Alvarez, Yordan",670541,2022,561,371,0.306,0.319,-0.013,0.613,0.686,-0.073,0.427,0.459,-0.032
"Rodríguez, Julio",677594,2022,560,367,0.284,0.252,0.0319999999999999,0.509,0.478,0.031,0.366,0.342,0.0239999999999999
"Hayes, Ke'Bryan",663647,2022,560,385,0.244,0.246,-0.002,0.345,0.363,-0.018,0.294,0.304,-0.01
"Díaz, Yandy",650490,2022,558,414,0.296,0.284,0.012,0.423,0.432,-0.009,0.366,0.365,0.001
"Yastrzemski, Mike",573262,2022,558,351,0.214,0.218,-0.004,0.392,0.402,-0.01,0.307,0.314,-0.007
"Peña, Jeremy",665161,2022,558,392,0.253,0.251,0.002,0.426,0.418,0.008,0.309,0.307,0.002
"Marte, Ketel",606466,2022,558,396,0.24,0.247,-0.007,0.407,0.388,0.0189999999999999,0.317,0.317,0.0
"Kemp, Tony",643393,2022,558,436,0.235,0.222,0.0129999999999999,0.334,0.306,0.028,0.287,0.273,0.0139999999999999
"Castellanos, Nick",592206,2022,558,396,0.263,0.25,0.013,0.389,0.408,-0.0189999999999999,0.304,0.306,-0.002
"Giménez, Andrés",665926,2022,557,386,0.297,0.259,0.0379999999999999,0.466,0.415,0.051,0.364,0.332,0.0319999999999999
"Brown, Seth",664913,2022,555,355,0.23,0.249,-0.0189999999999999,0.444,0.472,-0.0279999999999999,0.323,0.342,-0.019
"Vaughn, Andrew",683734,2022,555,419,0.271,0.251,0.02,0.429,0.431,-0.002,0.327,0.322,0.005
"Urshela, Gio",570482,2022,551,412,0.285,0.267,0.0179999999999999,0.429,0.431,-0.002,0.332,0.327,0.005
"Bellinger, Cody",641355,2022,550,360,0.21,0.213,-0.003,0.389,0.37,0.019,0.284,0.284,0.0
"Merrifield, Whit",593160,2022,550,427,0.25,0.242,0.008,0.375,0.381,-0.006,0.294,0.297,-0.003
"Thomas, Lane",657041,2022,548,371,0.241,0.222,0.0189999999999999,0.404,0.371,0.033,0.308,0.291,0.017
"Rizzo, Anthony",519203,2022,548,366,0.224,0.236,-0.0119999999999999,0.48,0.47,0.01,0.352,0.352,0.0
"Winker, Jesse",608385,2022,547,356,0.219,0.247,-0.0279999999999999,0.344,0.411,-0.067,0.313,0.346,-0.0329999999999999
"Donaldson, Josh",518626,2022,546,336,0.222,0.212,0.01,0.374,0.382,-0.008,0.302,0.302,0.0
"Canha, Mark",592192,2022,542,369,0.266,0.246,0.02,0.403,0.379,0.024,0.343,0.328,0.015
"Escobar, Eduardo",500871,2022,542,372,0.24,0.243,-0.003,0.43,0.449,-0.019,0.311,0.321,-0.01
"LeMahieu, DJ",518934,2022,541,399,0.261,0.271,-0.01,0.377,0.416,-0.0389999999999999,0.329,0.347,-0.0179999999999999
"Kirk, Alejandro",672386,2022,541,416,0.285,0.275,0.0099999999999999,0.415,0.447,-0.032,0.347,0.354,-0.007
"Estrada, Thairo",642731,2022,541,405,0.26,0.246,0.014,0.4,0.362,0.038,0.317,0.302,0.015
"Grichuk, Randal",545341,2022,538,381,0.259,0.23,0.0289999999999999,0.425,0.388,0.0369999999999999,0.315,0.288,0.027
"Hernández, Teoscar",606192,2022,535,347,0.267,0.263,0.004,0.491,0.523,-0.032,0.348,0.357,-0.009
"Wisdom, Patrick",621550,2022,534,289,0.207,0.187,0.0199999999999999,0.426,0.395,0.0309999999999999,0.316,0.298,0.018
"Melendez, MJ",669004,2022,534,336,0.217,0.237,-0.0199999999999999,0.393,0.427,-0.0339999999999999,0.31,0.336,-0.026
"Mateo, Jorge",622761,2022,533,352,0.221,0.222,-0.001,0.379,0.356,0.023,0.281,0.276,0.005
"Acuña Jr., Ronald",660670,2022,533,344,0.266,0.27,-0.004,0.413,0.496,-0.083,0.335,0.368,-0.0329999999999999
"Turner, Justin",457759,2022,532,387,0.278,0.266,0.012,0.438,0.447,-0.009,0.343,0.345,-0.0019999999999999
"Kiner-Falefa, Isiah",643396,2022,531,419,0.261,0.261,0.0,0.327,0.339,-0.012,0.285,0.292,-0.007
"Pollock, AJ",572041,2022,527,395,0.245,0.259,-0.014,0.389,0.44,-0.0509999999999999,0.297,0.324,-0.027
"Grisham, Trent",663757,2022,524,310,0.184,0.203,-0.019,0.341,0.37,-0.0289999999999999,0.28,0.298,-0.0179999999999999
"Renfroe, Hunter",592669,2022,522,358,0.255,0.237,0.018,0.492,0.448,0.0439999999999999,0.347,0.324,0.0229999999999999
"Benintendi, Andrew",643217,2022,521,390,0.304,0.273,0.0309999999999999,0.399,0.423,-0.0239999999999999,0.342,0.34,0.002
"Hoerner, Nico",663538,2022,517,426,0.281,0.273,0.008,0.41,0.384,0.0259999999999999,0.32,0.309,0.011
"Rengifo, Luis",650859,2022,511,411,0.264,0.254,0.01,0.429,0.403,0.0259999999999999,0.314,0.299,0.015
"Rojas, Josh",668942,2022,510,355,0.269,0.239,0.03,0.391,0.373,0.018,0.326,0.308,0.018
"Schoop, Jonathan",570731,2022,510,378,0.202,0.228,-0.0259999999999999,0.322,0.356,-0.0339999999999999,0.245,0.275,-0.03
"Ozuna, Marcell",542303,2022,507,352,0.226,0.25,-0.0239999999999999,0.413,0.49,-0.077,0.298,0.337,-0.039
"Rojas, Miguel",500743,2022,507,414,0.236,0.259,-0.023,0.323,0.354,-0.0309999999999999,0.268,0.292,-0.0239999999999999
"Cruz, Nelson",443558,2022,507,332,0.234,0.239,-0.0049999999999999,0.337,0.41,-0.0729999999999999,0.292,0.322,-0.03
"Aguilar, Jesús",542583,2022,507,350,0.235,0.239,-0.004,0.379,0.409,-0.0299999999999999,0.288,0.302,-0.014
"Santana, Carlos",467793,2022,506,345,0.202,0.252,-0.0499999999999999,0.376,0.456,-0.08,0.308,0.356,-0.0479999999999999
"Marte, Starling",516782,2022,505,369,0.292,0.275,0.0169999999999999,0.468,0.436,0.032,0.355,0.337,0.0179999999999999
"Perdomo, Geraldo",672695,2022,500,342,0.195,0.215,-0.0199999999999999,0.262,0.294,-0.0319999999999999,0.253,0.274,-0.021
"Dozier, Hunter",641531,2022,500,338,0.236,0.242,-0.006,0.387,0.401,-0.014,0.298,0.306,-0.008
"Trout, Mike",545361,2022,499,300,0.283,0.263,0.0199999999999999,0.63,0.604,0.026,0.418,0.398,0.0199999999999999
"Naylor, Josh",647304,2022,498,374,0.256,0.254,0.002,0.452,0.441,0.011,0.331,0.329,0.002
"Wong, Kolten",543939,2022,497,349,0.251,0.234,0.0169999999999999,0.43,0.366,0.064,0.336,0.309,0.027
"Gurriel Jr., Lourdes",666971,2022,493,372,0.291,0.271,0.0199999999999999,0.4,0.412,-0.0119999999999999,0.327,0.325,0.002
"Espinal, Santiago",669289,2022,491,385,0.267,0.26,0.007,0.37,0.354,0.016,0.305,0.298,0.007
"Peralta, David",444482,2022,490,331,0.251,0.248,0.003,0.415,0.418,-0.003,0.315,0.317,-0.002
"Carlson, Dylan",666185,2022,488,342,0.236,0.234,0.0019999999999999,0.38,0.367,0.013,0.306,0.304,0.002
"Contreras, Willson",575929,2022,487,315,0.243,0.255,-0.012,0.466,0.48,-0.0139999999999999,0.357,0.369,-0.012
"Miranda, Jose",669304,2022,483,354,0.268,0.252,0.016,0.426,0.426,0.0,0.329,0.321,0.008
"Lopez, Nicky",670032,2022,480,384,0.227,0.246,-0.0189999999999999,0.273,0.325,-0.0519999999999999,0.251,0.279,-0.028
"Grossman, Robbie",543257,2022,477,286,0.209,0.205,0.004,0.311,0.322,-0.011,0.283,0.287,-0.004
"Perez, Salvador",521692,2022,473,339,0.254,0.239,0.015,0.465,0.481,-0.0159999999999999,0.324,0.324,0.0
"Reyes, Franmil",614177,2022,473,284,0.221,0.202,0.0189999999999999,0.365,0.378,-0.013,0.28,0.28,0.0
"Urías, Luis",649966,2022,472,312,0.239,0.235,0.004,0.404,0.41,-0.0059999999999999,0.327,0.328,-0.001
"Miller, Owen",680911,2022,472,340,0.243,0.248,-0.005,0.351,0.353,-0.002,0.287,0.296,-0.009
"Odor, Rougned",596059,2022,472,321,0.207,0.207,0.0,0.357,0.35,0.007,0.278,0.28,-0.002
"Sánchez, Gary",596142,2022,471,288,0.205,0.216,-0.011,0.377,0.448,-0.071,0.29,0.321,-0.031
"Lux, Gavin",666158,2022,471,329,0.276,0.243,0.033,0.399,0.382,0.017,0.328,0.315,0.013
"Rutschman, Adley",668939,2022,470,315,0.254,0.243,0.011,0.445,0.417,0.028,0.354,0.341,0.0129999999999999
"Cooper, Garrett",643265,2022,469,300,0.261,0.258,0.003,0.415,0.454,-0.039,0.33,0.345,-0.0149999999999999
"Donovan, Brendan",680977,2022,468,324,0.281,0.266,0.015,0.379,0.378,0.001,0.349,0.342,0.0069999999999999
"Iglesias, Jose",578428,2022,467,386,0.292,0.266,0.0259999999999999,0.38,0.325,0.0549999999999999,0.312,0.282,0.03
"Joe, Connor",656582,2022,467,308,0.238,0.24,-0.002,0.359,0.348,0.011,0.314,0.313,0.001
"Candelario, Jeimer",600869,2022,467,324,0.217,0.226,-0.009,0.361,0.392,-0.031,0.277,0.295,-0.0179999999999999
"Stott, Bryson",681082,2022,466,340,0.234,0.237,-0.0029999999999999,0.358,0.352,0.006,0.289,0.288,0.001
"Walls, Taylor",670764,2022,466,291,0.172,0.194,-0.022,0.285,0.317,-0.032,0.252,0.274,-0.022
"Marsh, Brandon",669016,2022,461,272,0.245,0.227,0.0179999999999999,0.384,0.387,-0.003,0.296,0.292,0.004
"Vogelbach, Daniel",596129,2022,461,273,0.238,0.235,0.003,0.433,0.447,-0.014,0.349,0.354,-0.005
"Crawford, Brandon",543063,2022,458,313,0.231,0.218,0.013,0.344,0.358,-0.014,0.289,0.292,-0.003
"Taylor, Michael A.",572191,2022,456,310,0.254,0.225,0.0289999999999999,0.357,0.372,-0.015,0.297,0.294,0.003
"Walsh, Jared",665120,2022,454,285,0.215,0.219,-0.004,0.374,0.383,-0.009,0.278,0.282,-0.0039999999999999
"Taylor, Chris",621035,2022,454,245,0.221,0.195,0.0259999999999999,0.373,0.352,0.021,0.298,0.28,0.0179999999999999
"Hicks, Aaron",543305,2022,453,278,0.216,0.217,-0.001,0.313,0.338,-0.025,0.292,0.302,-0.01
"Stanton, Giancarlo",519317,2022,452,264,0.211,0.236,-0.0249999999999999,0.462,0.487,-0.0249999999999999,0.327,0.35,-0.0229999999999999
"Heim, Jonah",641680,2022,450,321,0.227,0.22,0.007,0.399,0.37,0.029,0.306,0.292,0.014
"Suzuki, Seiya",673548,2022,446,290,0.262,0.243,0.019,0.433,0.429,0.004,0.334,0.328,0.006
"Kepler, Max",596146,2022,446,326,0.227,0.264,-0.037,0.348,0.428,-0.08,0.298,0.342,-0.044
"Urías, Ramón",602104,2022,445,312,0.248,0.247,0.001,0.414,0.432,-0.018,0.313,0.322,-0.009
"Polanco, Jorge",593871,2022,445,284,0.235,0.249,-0.014,0.405,0.47,-0.0649999999999999,0.333,0.363,-0.0299999999999999
"Gordon, Nick",624503,2022,443,309,0.272,0.259,0.013,0.427,0.479,-0.0519999999999999,0.321,0.336,-0.015
"Castro, Harold",605612,2022,443,346,0.271,0.272,-0.001,0.381,0.433,-0.0519999999999999,0.297,0.317,-0.02
"Harris II, Michael",671739,2022,441,308,0.297,0.266,0.0309999999999999,0.514,0.475,0.039,0.368,0.339,0.0289999999999999
"Ramírez, Harold",623912,2022,435,335,0.3,0.276,0.0239999999999999,0.404,0.397,0.007,0.327,0.315,0.012
"Ruiz, Keibert",660688,2022,433,347,0.251,0.275,-0.024,0.36,0.414,-0.0539999999999999,0.299,0.329,-0.03
"Tapia, Raimel",606132,2022,433,334,0.265,0.256,0.009,0.38,0.376,0.004,0.293,0.288,0.005
"Pederson, Joc",592626,2022,433,284,0.274,0.26,0.014,0.521,0.514,0.007,0.373,0.367,0.006
"Moncada, Yoán",660162,2022,433,285,0.212,0.217,-0.005,0.353,0.389,-0.036,0.275,0.291,-0.0159999999999999
"Cabrera, Miguel",408234,2022,433,301,0.254,0.233,0.0209999999999999,0.317,0.34,-0.023,0.275,0.277,-0.002
"India, Jonathan",663697,2022,431,292,0.249,0.24,0.009,0.378,0.367,0.011,0.314,0.306,0.008
"Chavis, Michael",656308,2022,426,279,0.229,0.215,0.014,0.389,0.345,0.044,0.282,0.263,0.0189999999999999
"d'Arnaud, Travis",518595,2022,426,306,0.268,0.245,0.023,0.472,0.429,0.0429999999999999,0.343,0.316,0.027
"Harper, Bryce",547180,2022,426,290,0.286,0.284,0.002,0.514,0.542,-0.028,0.369,0.381,-0.012
"Vázquez, Christian",543877,2022,426,332,0.274,0.257,0.017,0.399,0.38,0.019,0.312,0.3,0.012
"Morel, Christopher",666624,2022,425,247,0.235,0.228,0.0069999999999999,0.433,0.445,-0.012,0.322,0.324,-0.002
"Harrison, Josh",543281,2022,425,319,0.256,0.233,0.0229999999999999,0.37,0.348,0.022,0.305,0.289,0.016
"Calhoun, Kole",594777,2022,424,255,0.196,0.221,-0.0249999999999999,0.33,0.401,-0.071,0.26,0.298,-0.0379999999999999
"Gamel, Ben",592325,2022,423,274,0.232,0.244,-0.0119999999999999,0.369,0.388,-0.019,0.308,0.321,-0.013
"Senzel, Nick",669222,2022,420,300,0.231,0.25,-0.0189999999999999,0.306,0.366,-0.06,0.272,0.303,-0.0309999999999999
"Choi, Ji Man",596847,2022,419,236,0.233,0.233,0.0,0.388,0.422,-0.0339999999999999,0.322,0.338,-0.016
"Hosmer, Eric",543333,2022,419,317,0.268,0.253,0.015,0.382,0.377,0.005,0.313,0.308,0.005
"Greene, Riley",682985,2022,418,259,0.253,0.246,0.007,0.362,0.402,-0.04,0.303,0.32,-0.017
"Raleigh, Cal",663728,2022,415,253,0.211,0.214,-0.003,0.489,0.485,0.004,0.33,0.329,0.001
"Thomas, Alek",677950,2022,411,312,0.231,0.237,-0.0059999999999999,0.344,0.345,-0.001,0.272,0.28,-0.008
"Gallo, Joey",608336,2022,410,188,0.16,0.168,-0.008,0.357,0.398,-0.041,0.286,0.302,-0.016
"Sheets, Gavin",657757,2022,410,294,0.241,0.221,0.0199999999999999,0.411,0.365,0.0459999999999999,0.308,0.284,0.024
"Daza, Yonathan",602074,2022,408,320,0.301,0.286,0.015,0.384,0.368,0.016,0.323,0.316,0.007
"McCormick, Chas",676801,2022,407,254,0.245,0.23,0.0149999999999999,0.407,0.423,-0.016,0.326,0.326,0.0
"Robles, Victor",645302,2022,407,277,0.224,0.206,0.018,0.311,0.295,0.016,0.26,0.251,0.009
"Taylor, Tyrone",621438,2022,405,274,0.233,0.236,-0.0029999999999999,0.442,0.43,0.012,0.314,0.312,0.002
"Torkelson, Spencer",679529,2022,404,263,0.203,0.221,-0.0179999999999999,0.319,0.391,-0.072,0.272,0.306,-0.0339999999999999
"Berti, Jon",542932,2022,404,270,0.24,0.238,0.002,0.338,0.37,-0.0319999999999999,0.298,0.311,-0.013
"Hernández, Enrique",571771,2022,402,294,0.222,0.235,-0.0129999999999999,0.338,0.366,-0.0279999999999999,0.28,0.298,-0.0179999999999999
"Robert Jr., Luis",673357,2022,401,304,0.284,0.277,0.0069999999999999,0.426,0.47,-0.0439999999999999,0.324,0.336,-0.012
"Nola, Austin",543592,2022,397,297,0.251,0.257,-0.006,0.329,0.369,-0.0399999999999999,0.29,0.312,-0.022
"Story, Trevor",596115,2022,396,239,0.238,0.22,0.0179999999999999,0.434,0.416,0.018,0.316,0.306,0.01
"Castro, Willi",650489,2022,392,287,0.241,0.255,-0.014,0.367,0.344,0.023,0.285,0.288,-0.003
"Ruf, Darin",573131,2022,388,232,0.204,0.218,-0.014,0.338,0.386,-0.0479999999999999,0.291,0.315,-0.024
"Franco, Maikel",596748,2022,388,299,0.229,0.243,-0.0139999999999999,0.342,0.363,-0.0209999999999999,0.261,0.275,-0.014
"Segura, Jean",516416,2022,387,297,0.277,0.252,0.025,0.387,0.368,0.019,0.32,0.303,0.017
"Stallings, Jacob",607732,2022,384,266,0.223,0.221,0.002,0.292,0.324,-0.032,0.265,0.277,-0.012
"Laureano, Ramón",657656,2022,383,242,0.211,0.217,-0.006,0.376,0.411,-0.0349999999999999,0.294,0.308,-0.014
"O'Neill, Tyler",641933,2022,383,238,0.228,0.233,-0.005,0.392,0.43,-0.0379999999999999,0.307,0.329,-0.022
"Anderson, Brian",605119,2022,383,238,0.222,0.228,-0.006,0.346,0.393,-0.047,0.293,0.312,-0.019
"Buxton, Byron",621439,2022,382,225,0.224,0.24,-0.0159999999999999,0.526,0.521,0.005,0.356,0.359,-0.003
"Gonzalez, Oscar",660757,2022,382,289,0.296,0.279,0.0169999999999999,0.461,0.438,0.023,0.339,0.325,0.014
"Paredes, Isaac",670623,2022,381,266,0.205,0.21,-0.005,0.435,0.362,0.073,0.323,0.301,0.022
"Díaz, Elias",553869,2022,381,272,0.228,0.217,0.011,0.368,0.344,0.024,0.284,0.273,0.0109999999999999
"García, Avisaíl",541645,2022,380,250,0.224,0.231,-0.007,0.317,0.379,-0.062,0.258,0.286,-0.0279999999999999
"Maldonado, Martín",455117,2022,379,234,0.186,0.18,0.006,0.352,0.34,0.0119999999999999,0.264,0.257,0.007
"Pinder, Chad",640461,2022,379,246,0.235,0.234,0.0009999999999999,0.385,0.385,0.0,0.281,0.28,0.001
"García Jr., Luis",671277,2022,377,281,0.275,0.256,0.019,0.408,0.416,-0.008,0.303,0.305,-0.002
"Grandal, Yasmani",518735,2022,376,250,0.202,0.213,-0.0109999999999999,0.269,0.323,-0.0539999999999999,0.263,0.288,-0.0249999999999999
"Contreras, William",661388,2022,376,232,0.278,0.24,0.038,0.506,0.486,0.02,0.37,0.346,0.024
"Votto, Joey",458015,2022,376,225,0.205,0.217,-0.012,0.37,0.409,-0.0389999999999999,0.31,0.327,-0.017
"Stassi, Max",545358,2022,375,223,0.18,0.177,0.003,0.303,0.333,-0.03,0.258,0.267,-0.009
"Suwinski, Jack",669261,2022,372,213,0.202,0.206,-0.0039999999999999,0.411,0.416,-0.005,0.311,0.313,-0.002
"Wendle, Joey",621563,2022,371,301,0.259,0.25,0.009,0.36,0.344,0.016,0.289,0.28,0.0089999999999999
"Ortega, Rafael",542364,2022,371,250,0.241,0.246,-0.005,0.358,0.365,-0.007,0.305,0.318,-0.013
"Bradley Jr., Jackie",598265,2022,370,269,0.203,0.222,-0.0189999999999999,0.311,0.344,-0.0329999999999999,0.252,0.272,-0.02
"Davis, J.D.",605204,2022,365,198,0.248,0.239,0.009,0.418,0.481,-0.063,0.333,0.352,-0.0189999999999999
"Margot, Manuel",622534,2022,363,269,0.274,0.264,0.01,0.375,0.363,0.012,0.308,0.301,0.007
"Cruz, Oneil",665833,2022,361,206,0.233,0.217,0.016,0.45,0.417,0.033,0.32,0.303,0.017
"Rivera, Emmanuel",656896,2022,359,248,0.233,0.234,-0.001,0.409,0.418,-0.009,0.306,0.309,-0.003
"Vierling, Matt",663837,2022,357,261,0.246,0.273,-0.027,0.351,0.409,-0.0579999999999999,0.285,0.325,-0.04
"De La Cruz, Bryan",650559,2022,355,243,0.252,0.285,-0.0329999999999999,0.432,0.516,-0.084,0.313,0.36,-0.0469999999999999
"McCarthy, Jake",664983,2022,354,249,0.283,0.253,0.0299999999999999,0.427,0.374,0.0529999999999999,0.337,0.305,0.032
"Kelly, Carson",608348,2022,354,250,0.211,0.225,-0.014,0.334,0.362,-0.0279999999999999,0.275,0.293,-0.0179999999999999
"Dalbec, Bobby",666915,2022,353,203,0.215,0.216,-0.001,0.369,0.398,-0.029,0.287,0.302,-0.015
"Trevino, Jose",624431,2022,353,274,0.248,0.235,0.013,0.388,0.368,0.02,0.293,0.28,0.0129999999999999
"Toro, Abraham",647351,2022,352,263,0.185,0.225,-0.04,0.324,0.376,-0.0519999999999999,0.246,0.284,-0.0379999999999999
"Haase, Eric",606992,2022,351,229,0.254,0.238,0.016,0.443,0.412,0.031,0.322,0.304,0.018
"Pujols, Albert",405395,2022,351,258,0.27,0.26,0.01,0.55,0.517,0.033,0.38,0.367,0.013
"Anderson, Tim",641313,2022,351,277,0.301,0.298,0.003,0.395,0.45,-0.0549999999999999,0.323,0.342,-0.019
"González, Luis",670768,2022,350,241,0.251,0.217,0.034,0.357,0.314,0.0429999999999999,0.299,0.272,0.0269999999999999
"Velazquez, Andrew",623205,2022,349,212,0.196,0.203,-0.007,0.304,0.331,-0.027,0.239,0.253,-0.014
"Celestino, Gilberto",665482,2022,347,236,0.238,0.222,0.0159999999999999,0.302,0.303,-0.001,0.28,0.275,0.005
"Nootbaar, Lars",663457,2022,347,224,0.228,0.246,-0.0179999999999999,0.448,0.432,0.016,0.342,0.352,-0.0099999999999999
"Franco, Wander",677551,2022,344,285,0.277,0.288,-0.0109999999999999,0.417,0.429,-0.012,0.323,0.339,-0.016
"Sánchez, Jesús",660821,2022,343,222,0.214,0.22,-0.006,0.403,0.39,0.013,0.298,0.296,0.002
"Taveras, Leody",665750,2022,341,230,0.261,0.226,0.035,0.366,0.325,0.0409999999999999,0.297,0.269,0.0279999999999999
"Hedges, Austin",595978,2022,338,229,0.163,0.181,-0.0179999999999999,0.248,0.272,-0.024,0.225,0.242,-0.0169999999999999
"Reyes, Victor",622682,2022,336,242,0.254,0.261,-0.007,0.362,0.382,-0.02,0.284,0.297,-0.013
"Guillorme, Luis",641645,2022,335,253,0.273,0.254,0.019,0.34,0.344,-0.0039999999999999,0.311,0.304,0.007
"Naquin, Tyler",571980,2022,334,218,0.229,0.248,-0.0189999999999999,0.423,0.456,-0.033,0.303,0.325,-0.022
"Bethancourt, Christian",542194,2022,333,239,0.252,0.251,0.001,0.409,0.46,-0.051,0.301,0.319,-0.018
"Peterson, Jace",607054,2022,328,208,0.236,0.233,0.0029999999999999,0.382,0.383,-0.001,0.306,0.307,-0.001
"Jiménez, Eloy",650391,2022,327,224,0.295,0.264,0.0309999999999999,0.5,0.534,-0.034,0.37,0.37,0.0
"Díaz, Aledmys",649557,2022,327,254,0.243,0.26,-0.017,0.403,0.405,-0.002,0.301,0.31,-0.009
"Hernandez, Yadiel",628450,2022,327,233,0.269,0.245,0.024,0.41,0.423,-0.013,0.315,0.315,0.0
"Allen, Nick",669397,2022,326,242,0.207,0.213,-0.006,0.291,0.278,0.0129999999999999,0.245,0.244,0.001
"Slater, Austin",596103,2022,325,190,0.264,0.254,0.01,0.408,0.438,-0.03,0.344,0.351,-0.007
"Siri, Jose",642350,2022,325,194,0.213,0.207,0.006,0.339,0.337,0.002,0.268,0.266,0.002
"García, Leury",544725,2022,315,240,0.21,0.235,-0.0249999999999999,0.267,0.34,-0.073,0.221,0.264,-0.043
"Duvall, Adam",594807,2022,315,188,0.213,0.207,0.006,0.401,0.408,-0.0069999999999999,0.295,0.296,-0.001
"Caratini, Victor",605170,2022,314,207,0.199,0.232,-0.033,0.342,0.358,-0.0159999999999999,0.289,0.311,-0.022
"Gorman, Nolan",669357,2022,313,180,0.226,0.237,-0.0109999999999999,0.42,0.493,-0.073,0.316,0.345,-0.0289999999999999
"Nido, Tomás",621512,2022,313,222,0.239,0.235,0.004,0.324,0.383,-0.059,0.265,0.285,-0.0199999999999999
"Bader, Harrison",664056,2022,313,232,0.25,0.232,0.0179999999999999,0.356,0.333,0.0229999999999999,0.286,0.272,0.0139999999999999
"Newman, Kevin",621028,2022,309,243,0.274,0.26,0.014,0.372,0.34,0.0319999999999999,0.303,0.287,0.016
"Barnhart, Tucker",571466,2022,308,208,0.221,0.2,0.0209999999999999,0.267,0.268,-0.001,0.253,0.244,0.009
"Soler, Jorge",624585,2022,306,181,0.207,0.225,-0.018,0.4,0.449,-0.0489999999999999,0.305,0.329,-0.024
"Solano, Donovan",456781,2022,304,219,0.284,0.263,0.0209999999999999,0.385,0.406,-0.021,0.319,0.317,0.002
"Biggio, Cavan",624415,2022,303,174,0.202,0.192,0.01,0.35,0.332,0.0179999999999999,0.302,0.291,0.011
"Abrams, CJ",682928,2022,302,238,0.246,0.244,0.002,0.324,0.327,-0.003,0.267,0.272,-0.005
"Arroyo, Christian",624414,2022,300,235,0.286,0.291,-0.005,0.414,0.438,-0.024,0.319,0.332,-0.013
"Mejía, Francisco",642336,2022,299,225,0.242,0.24,0.002,0.381,0.339,0.0419999999999999,0.279,0.263,0.016
"Belt, Brandon",474832,2022,298,174,0.213,0.212,0.001,0.35,0.427,-0.077,0.303,0.328,-0.025
"Longoria, Evan",446334,2022,298,186,0.244,0.233,0.0109999999999999,0.451,0.461,-0.01,0.33,0.33,0.0
"Pasquantino, Vinnie",686469,2022,298,226,0.295,0.289,0.006,0.45,0.495,-0.0449999999999999,0.365,0.379,-0.014
"Dickerson, Corey",572816,2022,297,235,0.267,0.262,0.005,0.399,0.379,0.02,0.303,0.294,0.009
"Narváez, Omar",553882,2022,296,207,0.206,0.205,0.001,0.305,0.301,0.004,0.269,0.269,0.0
"Knizner, Andrew",668800,2022,293,199,0.215,0.216,-0.001,0.3,0.31,-0.01,0.275,0.279,-0.004
"Neuse, Sheldon",641914,2022,293,191,0.214,0.214,0.0,0.288,0.3,-0.012,0.253,0.258,-0.005
"Gomes, Yan",543228,2022,293,235,0.235,0.25,-0.015,0.365,0.384,-0.019,0.271,0.288,-0.0169999999999999
"Schwindel, Frank",643524,2022,292,215,0.229,0.228,0.001,0.358,0.363,-0.005,0.278,0.28,-0.002
"Bart, Joey",663698,2022,291,149,0.215,0.211,0.004,0.364,0.379,-0.015,0.294,0.298,-0.004
"Rivas III, Alfonso",663845,2022,287,167,0.235,0.222,0.0129999999999999,0.307,0.319,-0.012,0.285,0.285,0.0
"Myers, Wil",571976,2022,286,178,0.261,0.222,0.039,0.398,0.379,0.019,0.311,0.289,0.022
"Moustakas, Mike",519058,2022,285,180,0.214,0.195,0.0189999999999999,0.345,0.323,0.0219999999999999,0.286,0.275,0.0109999999999999
"Adell, Jo",666176,2022,285,162,0.224,0.195,0.0289999999999999,0.373,0.32,0.0529999999999999,0.278,0.249,0.029
"Castillo, Diego",660636,2022,283,191,0.206,0.224,-0.018,0.382,0.405,-0.023,0.272,0.296,-0.0239999999999999
"Isbel, Kyle",664728,2022,278,184,0.211,0.22,-0.009,0.34,0.334,0.006,0.265,0.269,-0.004
"Brantley, Michael",488726,2022,277,215,0.288,0.304,-0.016,0.416,0.477,-0.061,0.345,0.374,-0.029
"Smith, Pavin",656976,2022,277,181,0.22,0.212,0.008,0.367,0.38,-0.013,0.294,0.301,-0.007
"Castro, Rodolfo",666801,2022,277,180,0.233,0.214,0.019,0.427,0.375,0.0519999999999999,0.314,0.288,0.026
"Aquino, Aristides",606157,2022,276,158,0.197,0.181,0.016,0.363,0.326,0.0369999999999999,0.267,0.246,0.021
"Cordero, Franchy",614173,2022,275,154,0.219,0.226,-0.007,0.397,0.419,-0.0219999999999999,0.304,0.317,-0.013
"Yepez, Juan",660766,2022,274,196,0.253,0.216,0.037,0.447,0.414,0.033,0.319,0.292,0.027
"Alfaro, Jorge",595751,2022,274,161,0.246,0.236,0.01,0.383,0.411,-0.0279999999999999,0.291,0.298,-0.007
"McGuire, Reese",624512,2022,274,202,0.269,0.234,0.035,0.369,0.335,0.0339999999999999,0.297,0.27,0.0269999999999999
"Reynolds, Matt",608703,2022,272,167,0.246,0.218,0.0279999999999999,0.332,0.328,0.004,0.293,0.282,0.011
"Rosario, Eddie",592696,2022,270,185,0.212,0.2,0.0119999999999999,0.328,0.331,-0.003,0.258,0.254,0.004
"Molina, Yadier",425877,2022,270,223,0.214,0.232,-0.018,0.302,0.345,-0.0429999999999999,0.235,0.26,-0.025
"Albies, Ozzie",645277,2022,269,204,0.247,0.238,0.009,0.409,0.396,0.0129999999999999,0.305,0.299,0.006
"Hiura, Keston",669374,2022,266,124,0.226,0.203,0.0229999999999999,0.449,0.439,0.01,0.334,0.32,0.014
"Lowe, Brandon",664040,2022,266,175,0.221,0.229,-0.008,0.383,0.412,-0.0289999999999999,0.306,0.319,-0.013
"Dubón, Mauricio",643289,2022,265,221,0.214,0.244,-0.03,0.313,0.351,-0.0379999999999999,0.248,0.279,-0.031
"Engel, Adam",641553,2022,260,169,0.224,0.22,0.004,0.31,0.293,0.017,0.256,0.249,0.007
"Pache, Cristian",665506,2022,260,174,0.166,0.228,-0.062,0.241,0.312,-0.071,0.207,0.264,-0.057
"Friedl, TJ",670770,2022,258,191,0.24,0.215,0.0249999999999999,0.436,0.343,0.0929999999999999,0.323,0.286,0.037
"Moore, Dylan",664238,2022,255,132,0.224,0.199,0.0249999999999999,0.385,0.377,0.008,0.338,0.327,0.011
"Thompson, Trayce",572204,2022,255,128,0.256,0.25,0.006,0.507,0.511,-0.004,0.37,0.37,0.0
"Machín, Vimael",605353,2022,253,179,0.22,0.243,-0.0229999999999999,0.287,0.363,-0.076,0.268,0.307,-0.0389999999999999
"Smith, Josh",669701,2022,253,168,0.197,0.224,-0.0269999999999999,0.249,0.326,-0.077,0.262,0.3,-0.0379999999999999
"Wade Jr., LaMonte",664774,2022,251,169,0.207,0.216,-0.009,0.359,0.417,-0.0579999999999999,0.298,0.32,-0.022
"Jansen, Danny",643376,2022,248,176,0.26,0.26,0.0,0.516,0.525,-0.009,0.364,0.368,-0.004
"Higashioka, Kyle",543309,2022,248,183,0.227,0.253,-0.0259999999999999,0.389,0.462,-0.073,0.282,0.321,-0.039
"Duffy, Matt",622110,2022,247,178,0.25,0.236,0.014,0.311,0.349,-0.0379999999999999,0.279,0.286,-0.0069999999999999
"Fraley, Jake",641584,2022,247,164,0.259,0.249,0.01,0.468,0.423,0.045,0.352,0.335,0.0169999999999999
"Haniger, Mitch",571745,2022,247,161,0.246,0.241,0.005,0.429,0.467,-0.038,0.319,0.331,-0.012
"Chisholm Jr., Jazz",665862,2022,241,150,0.254,0.243,0.011,0.535,0.491,0.044,0.365,0.35,0.015
"Miller, Brad",543543,2022,241,153,0.212,0.203,0.0089999999999999,0.32,0.348,-0.0279999999999999,0.263,0.269,-0.006
"Meneses, Joey",608841,2022,240,172,0.324,0.266,0.0579999999999999,0.563,0.478,0.0849999999999999,0.395,0.337,0.0579999999999999
"Fortes, Nick",663743,2022,240,172,0.23,0.249,-0.0189999999999999,0.392,0.418,-0.0259999999999999,0.308,0.325,-0.017
"Bleday, JJ",668709,2022,238,139,0.167,0.185,-0.0179999999999999,0.309,0.328,-0.019,0.266,0.28,-0.014
"DeJong, Paul",657557,2022,237,133,0.157,0.183,-0.0259999999999999,0.286,0.344,-0.0579999999999999,0.241,0.272,-0.031
"Jeffers, Ryan",680777,2022,236,151,0.208,0.217,-0.009,0.363,0.457,-0.094,0.287,0.324,-0.037
"Almora Jr., Albert",546991,2022,235,171,0.223,0.234,-0.011,0.349,0.313,0.0359999999999999,0.279,0.273,0.006
"Luplow, Jordan",656669,2022,234,146,0.176,0.198,-0.022,0.361,0.368,-0.007,0.281,0.292,-0.0109999999999999
"Arcia, Orlando",606115,2022,234,160,0.244,0.252,-0.008,0.416,0.437,-0.021,0.321,0.333,-0.012
"Mitchell, Cal",668751,2022,232,162,0.226,0.236,-0.0099999999999999,0.349,0.376,-0.027,0.281,0.296,-0.0149999999999999
"Gregorius, Didi",544369,2022,232,180,0.21,0.239,-0.0289999999999999,0.304,0.344,-0.0399999999999999,0.251,0.282,-0.0309999999999999
"Higgins, P.J.",664731,2022,229,147,0.229,0.206,0.023,0.383,0.298,0.085,0.306,0.268,0.0379999999999999
"Madrigal, Nick",663611,2022,228,184,0.249,0.257,-0.008,0.282,0.314,-0.032,0.267,0.284,-0.0169999999999999
"Fletcher, David",664058,2022,228,202,0.255,0.286,-0.0309999999999999,0.333,0.345,-0.0119999999999999,0.275,0.295,-0.0199999999999999
"Hampson, Garrett",641658,2022,226,141,0.211,0.203,0.0079999999999999,0.307,0.301,0.006,0.267,0.265,0.002
"Baddoo, Akil",668731,2022,225,137,0.204,0.192,0.0119999999999999,0.269,0.279,-0.01,0.256,0.256,0.0
"Phillips, Brett",621433,2022,225,112,0.144,0.159,-0.015,0.249,0.26,-0.011,0.213,0.226,-0.013
"Alcántara, Sergio",642727,2022,224,154,0.22,0.212,0.008,0.356,0.301,0.0549999999999999,0.269,0.25,0.019
"Duran, Jarren",680776,2022,223,142,0.221,0.22,0.001,0.363,0.367,-0.004,0.284,0.286,-0.002
"Vargas, Ildemaro",545121,2022,222,188,0.263,0.228,0.035,0.392,0.318,0.074,0.302,0.259,0.0429999999999999
"Kiermaier, Kevin",595281,2022,221,145,0.228,0.252,-0.0239999999999999,0.369,0.402,-0.033,0.286,0.31,-0.024
"Duran, Ezequiel",677649,2022,220,154,0.236,0.215,0.0209999999999999,0.365,0.322,0.0429999999999999,0.282,0.257,0.0249999999999999
"Villar, Jonathan",542340,2022,220,146,0.208,0.209,-0.001,0.302,0.291,0.011,0.25,0.251,-0.001
"Chirinos, Robinson",455139,2022,220,130,0.179,0.165,0.0139999999999999,0.287,0.291,-0.004,0.251,0.246,0.005
"Azocar, José",640492,2022,216,160,0.257,0.243,0.014,0.332,0.33,0.002,0.278,0.278,0.0
"Garver, Mitch",641598,2022,215,137,0.207,0.222,-0.015,0.404,0.423,-0.0189999999999999,0.308,0.324,-0.016
"Barnes, Austin",605131,2022,212,145,0.212,0.209,0.003,0.38,0.333,0.0469999999999999,0.315,0.298,0.017
"Gonzalez, Marwin",503556,2022,207,135,0.185,0.215,-0.03,0.321,0.351,-0.0299999999999999,0.257,0.283,-0.0259999999999999
"Velázquez, Nelson",676369,2022,206,120,0.205,0.207,-0.002,0.373,0.415,-0.0419999999999999,0.291,0.307,-0.016
"Maile, Luke",571912,2022,206,130,0.221,0.192,0.0289999999999999,0.326,0.313,0.013,0.281,0.266,0.015
"Zavala, Seby",664874,2022,205,119,0.27,0.209,0.061,0.382,0.346,0.036,0.323,0.29,0.033
"Serven, Brian",661531,2022,205,146,0.203,0.214,-0.0109999999999999,0.332,0.311,0.021,0.263,0.262,0.001
"Haggerty, Sam",664059,2022,201,126,0.256,0.229,0.0269999999999999,0.403,0.336,0.067,0.32,0.285,0.035
"Hummel, Cooper",669450,2022,201,113,0.176,0.211,-0.035,0.307,0.347,-0.0399999999999999,0.262,0.296,-0.0339999999999999
"Hilliard, Sam",656541,2022,200,119,0.184,0.212,-0.0279999999999999,0.264,0.37,-0.1059999999999999,0.251,0.304,-0.0529999999999999
"Lowe, Josh",666139,2022,198,116,0.221,0.209,0.012,0.343,0.343,0.0,0.276,0.271,0.005
"Herrera, Odúbel",546318,2022,197,144,0.238,0.224,0.0139999999999999,0.378,0.353,0.025,0.287,0.272,0.0149999999999999
"La Stella, Tommy",600303,2022,195,153,0.239,0.232,0.0069999999999999,0.35,0.348,0.002,0.277,0.273,0.004
"Massey, Michael",686681,2022,194,131,0.243,0.241,0.002,0.376,0.461,-0.085,0.302,0.334,-0.032
"Rendon, Anthony",543685,2022,193,133,0.229,0.238,-0.0089999999999999,0.38,0.405,-0.025,0.314,0.332,-0.018
"Tsutsugo, Yoshi",660294,2022,193,124,0.171,0.194,-0.0229999999999999,0.229,0.297,-0.0679999999999999,0.221,0.257,-0.036
"VanMeter, Josh",642165,2022,192,128,0.187,0.224,-0.037,0.292,0.351,-0.059,0.251,0.292,-0.0409999999999999
"Vogt, Stephen",519390,2022,191,126,0.161,0.21,-0.0489999999999999,0.321,0.364,-0.0429999999999999,0.249,0.286,-0.0369999999999999
"McCann, James",543510,2022,191,130,0.195,0.237,-0.0419999999999999,0.282,0.429,-0.147,0.243,0.313,-0.07
"Chang, Yu",644374,2022,190,111,0.208,0.207,0.001,0.315,0.364,-0.0489999999999999,0.273,0.288,-0.0149999999999999
"Sosa, Edmundo",624641,2022,190,128,0.227,0.24,-0.0129999999999999,0.369,0.363,0.006,0.282,0.287,-0.005
"Bride, Jonah",681146,2022,187,132,0.204,0.215,-0.011,0.247,0.311,-0.064,0.257,0.285,-0.0279999999999999
"Plawecki, Kevin",608700,2022,186,138,0.22,0.228,-0.008,0.286,0.316,-0.03,0.259,0.275,-0.016
"McKinstry, Zach",656716,2022,185,116,0.199,0.227,-0.0279999999999999,0.361,0.345,0.016,0.28,0.288,-0.0079999999999999
"Montero, Elehuris",660707,2022,185,116,0.233,0.209,0.024,0.432,0.342,0.0899999999999999,0.303,0.258,0.0449999999999999
"Nevin, Tyler",663527,2022,184,114,0.197,0.214,-0.0169999999999999,0.261,0.329,-0.068,0.261,0.293,-0.0319999999999999
"Lowrie, Jed",476704,2022,184,130,0.18,0.195,-0.015,0.263,0.291,-0.0279999999999999,0.23,0.25,-0.0199999999999999
"Burger, Jake",669394,2022,183,114,0.25,0.225,0.0249999999999999,0.458,0.48,-0.0219999999999999,0.327,0.324,0.003
"Stephenson, Tyler",663886,2022,183,121,0.319,0.254,0.065,0.482,0.397,0.0849999999999999,0.37,0.316,0.0539999999999999
"Pratto, Nick",668472,2022,182,96,0.184,0.169,0.0149999999999999,0.386,0.329,0.0569999999999999,0.287,0.269,0.0179999999999999
"Kelenic, Jarred",672284,2022,181,103,0.141,0.172,-0.031,0.313,0.37,-0.0569999999999999,0.238,0.274,-0.036
"Bryant, Kris",592178,2022,181,135,0.306,0.277,0.0289999999999999,0.475,0.436,0.0389999999999999,0.37,0.345,0.025
"Villar, David",681584,2022,181,99,0.231,0.191,0.04,0.455,0.353,0.102,0.344,0.294,0.0499999999999999
"Thompson, Bubba",669352,2022,181,116,0.265,0.179,0.086,0.312,0.248,0.064,0.274,0.212,0.062
"Larnach, Trevor",663616,2022,180,105,0.231,0.222,0.009,0.406,0.447,-0.0409999999999999,0.309,0.322,-0.013
"Clement, Ernie",676391,2022,179,140,0.184,0.24,-0.0559999999999999,0.209,0.347,-0.1379999999999999,0.209,0.286,-0.0769999999999999
"Marcano, Tucupita",672779,2022,177,122,0.206,0.175,0.031,0.306,0.252,0.0539999999999999,0.249,0.217,0.032
"Refsnyder, Rob",608701,2022,177,110,0.307,0.283,0.024,0.497,0.493,0.004,0.381,0.378,0.003
"Wynns, Austin",642851,2022,177,126,0.259,0.217,0.042,0.358,0.317,0.0409999999999999,0.298,0.263,0.0349999999999999
"Cave, Jake",595909,2022,177,117,0.213,0.215,-0.002,0.384,0.427,-0.0429999999999999,0.278,0.296,-0.0179999999999999
"Casali, Curt",592200,2022,176,100,0.203,0.187,0.016,0.331,0.33,0.001,0.295,0.288,0.007
"Díaz, Lewin",650331,2022,174,108,0.169,0.166,0.003,0.287,0.27,0.0169999999999999,0.228,0.223,0.005
"Olivares, Edward",658668,2022,174,126,0.286,0.29,-0.004,0.41,0.448,-0.038,0.326,0.345,-0.0189999999999999
"Barrero, José",676480,2022,174,89,0.152,0.14,0.0119999999999999,0.206,0.218,-0.012,0.183,0.182,0.001
"Heineman, Tyler",623168,2022,174,144,0.217,0.247,-0.03,0.268,0.296,-0.0279999999999999,0.248,0.272,-0.024
"McKenna, Ryan",663630,2022,172,104,0.237,0.208,0.0289999999999999,0.34,0.338,0.002,0.279,0.267,0.012
"Cabrera, Oswaldo",665828,2022,171,112,0.247,0.219,0.0279999999999999,0.429,0.373,0.0559999999999999,0.322,0.29,0.032
"Mazara, Nomar",608577,2022,171,119,0.264,0.249,0.015,0.352,0.369,-0.017,0.297,0.297,0.0
"Leblanc, Charles",641779,2022,169,103,0.263,0.216,0.047,0.404,0.377,0.027,0.318,0.287,0.031
"Delay, Jason",641511,2022,167,106,0.213,0.199,0.0139999999999999,0.271,0.253,0.018,0.243,0.23,0.0129999999999999
"Torrens, Luis",620443,2022,166,103,0.225,0.239,-0.0139999999999999,0.298,0.354,-0.0559999999999999,0.261,0.293,-0.0319999999999999
"Camargo, Johan",622666,2022,166,116,0.237,0.224,0.0129999999999999,0.316,0.314,0.002,0.276,0.269,0.007
"Wade, Tyler",642180,2022,163,119,0.218,0.218,0.0,0.272,0.286,-0.0139999999999999,0.247,0.254,-0.007
"Garlick, Kyle",664247,2022,162,103,0.233,0.229,0.004,0.433,0.443,-0.01,0.311,0.311,0.0
"Bruján, Vidal",660644,2022,162,112,0.163,0.19,-0.0269999999999999,0.259,0.272,-0.013,0.22,0.241,-0.0209999999999999
"Meyers, Jake",676694,2022,160,97,0.227,0.203,0.0239999999999999,0.313,0.299,0.014,0.258,0.25,0.008
"Brosseau, Mike",670712,2022,160,93,0.255,0.214,0.041,0.418,0.375,0.0429999999999999,0.338,0.304,0.034
"Alberto, Hanser",593643,2022,159,131,0.244,0.216,0.0279999999999999,0.365,0.316,0.0489999999999999,0.27,0.239,0.031
"Suzuki, Kurt",435559,2022,159,113,0.18,0.194,-0.014,0.295,0.31,-0.015,0.254,0.268,-0.014
"Cain, Lorenzo",456715,2022,156,110,0.179,0.201,-0.022,0.234,0.26,-0.0259999999999999,0.212,0.234,-0.022
"Kirilloff, Alex",666135,2022,156,110,0.25,0.23,0.0199999999999999,0.361,0.383,-0.022,0.286,0.285,0.001
"Lopez, Alejo",664670,2022,156,124,0.262,0.251,0.011,0.331,0.337,-0.006,0.286,0.284,0.002
"Grissom, Vaughn",687093,2022,156,108,0.291,0.261,0.0299999999999999,0.44,0.432,0.008,0.345,0.333,0.0119999999999999
"Adams, Riley",656180,2022,155,96,0.176,0.198,-0.022,0.31,0.369,-0.059,0.249,0.28,-0.031
"Carpenter, Matt",572761,2022,154,95,0.305,0.231,0.0739999999999999,0.727,0.508,0.2189999999999999,0.472,0.367,0.1049999999999999
"Langeliers, Shea",669127,2022,153,91,0.218,0.194,0.0239999999999999,0.43,0.349,0.081,0.296,0.26,0.0359999999999999
"Smith, Dominic",642086,2022,152,99,0.194,0.22,-0.0259999999999999,0.284,0.375,-0.091,0.254,0.298,-0.0439999999999999
"Smith, Kevin",675656,2022,151,102,0.18,0.184,-0.004,0.302,0.334,-0.032,0.226,0.24,-0.0139999999999999
"Heyward, Jason",518792,2022,151,105,0.204,0.215,-0.011,0.277,0.329,-0.0519999999999999,0.253,0.278,-0.025
"Ford, Mike",645801,2022,149,91,0.206,0.209,-0.003,0.313,0.308,0.005,0.28,0.279,0.001
"Meadows, Austin",640457,2022,147,111,0.25,0.299,-0.0489999999999999,0.328,0.464,-0.136,0.307,0.375,-0.068
"O'Hearn, Ryan",656811,2022,145,100,0.239,0.274,-0.035,0.321,0.45,-0.129,0.272,0.336,-0.064
"Hall, Darick",669742,2022,142,92,0.25,0.227,0.0229999999999999,0.522,0.476,0.046,0.343,0.313,0.03
"Andujar, Miguel",609280,2022,140,108,0.235,0.25,-0.015,0.311,0.357,-0.0459999999999999,0.247,0.284,-0.0369999999999999
"Piscotty, Stephen",572039,2022,139,80,0.19,0.214,-0.0239999999999999,0.341,0.36,-0.0189999999999999,0.258,0.277,-0.019
"Romine, Austin",519222,2022,136,85,0.155,0.157,-0.002,0.248,0.251,-0.003,0.193,0.195,-0.002
"Williams, Luke",663897,2022,136,83,0.236,0.198,0.0379999999999999,0.315,0.278,0.0369999999999999,0.265,0.235,0.03
"Allen, Greg",656185,2022,134,80,0.186,0.175,0.011,0.271,0.255,0.016,0.242,0.233,0.0089999999999999
"Huff, Sam",669087,2022,132,79,0.24,0.224,0.0159999999999999,0.372,0.395,-0.023,0.296,0.296,0.0
"Henderson, Gunnar",683002,2022,132,82,0.259,0.247,0.012,0.44,0.442,-0.002,0.343,0.339,0.004
"Pérez, Michael",605421,2022,132,90,0.149,0.201,-0.052,0.298,0.363,-0.065,0.228,0.274,-0.046
"Call, Alex",669743,2022,131,84,0.237,0.211,0.0259999999999999,0.412,0.302,0.1099999999999999,0.332,0.284,0.048
"Escobar, Alcides",444876,2022,131,92,0.218,0.209,0.009,0.282,0.266,0.0159999999999999,0.242,0.234,0.0079999999999999
"Ibáñez, Andy",628451,2022,128,98,0.218,0.214,0.004,0.277,0.363,-0.0859999999999999,0.249,0.276,-0.027
"Mercado, Óscar",640458,2022,128,93,0.207,0.204,0.003,0.372,0.367,0.005,0.266,0.263,0.003
"Moran, Colin",592567,2022,128,82,0.211,0.235,-0.0239999999999999,0.376,0.405,-0.029,0.3,0.325,-0.025
"Clemens, Kody",665019,2022,127,86,0.145,0.2,-0.055,0.308,0.351,-0.0429999999999999,0.22,0.26,-0.04
"Bote, David",623520,2022,127,72,0.259,0.226,0.033,0.431,0.354,0.077,0.325,0.284,0.041
"Beer, Seth",666179,2022,126,81,0.189,0.211,-0.0219999999999999,0.243,0.331,-0.088,0.239,0.28,-0.041
"Trejo, Alan",676701,2022,125,87,0.271,0.241,0.03,0.424,0.385,0.0389999999999999,0.321,0.293,0.028
"Garcia, Dérmis",660650,2022,125,61,0.207,0.164,0.0429999999999999,0.388,0.334,0.0539999999999999,0.285,0.245,0.0399999999999999
"Culberson, Charlie",518586,2022,124,88,0.252,0.224,0.0279999999999999,0.357,0.313,0.0439999999999999,0.281,0.252,0.029
"Herrera, Jose",645444,2022,124,81,0.189,0.152,0.037,0.207,0.182,0.0249999999999999,0.213,0.186,0.0269999999999999
"Madris, Bligh",676632,2022,123,82,0.177,0.211,-0.034,0.265,0.331,-0.066,0.231,0.27,-0.039
"Palacios, Richie",680700,2022,123,93,0.232,0.243,-0.0109999999999999,0.286,0.306,-0.02,0.258,0.275,-0.017
"Zunino, Mike",572287,2022,123,70,0.148,0.182,-0.034,0.304,0.344,-0.0399999999999999,0.219,0.256,-0.037
"Eaton, Nate",681987,2022,122,80,0.264,0.236,0.028,0.387,0.373,0.014,0.313,0.305,0.008
"Stubbs, Garrett",596117,2022,121,77,0.264,0.206,0.058,0.462,0.308,0.154,0.355,0.277,0.0779999999999999
"Toglia, Michael",669911,2022,120,67,0.216,0.214,0.002,0.378,0.313,0.065,0.285,0.262,0.0229999999999999
"Zimmer, Bradley",605548,2022,117,61,0.124,0.14,-0.016,0.229,0.289,-0.0599999999999999,0.203,0.231,-0.0279999999999999
"Trammell, Taylor",666211,2022,117,71,0.196,0.203,-0.007,0.402,0.36,0.042,0.3,0.289,0.011
"White, Eli",642201,2022,117,65,0.2,0.187,0.013,0.305,0.303,0.002,0.26,0.26,0.0
"Bolt, Skye",621450,2022,116,77,0.198,0.199,-0.001,0.33,0.34,-0.01,0.261,0.266,-0.005
"Carroll, Corbin",682998,2022,115,73,0.26,0.222,0.038,0.5,0.372,0.128,0.358,0.297,0.061
"Garcia, Aramis",605244,2022,115,76,0.213,0.212,0.001,0.259,0.32,-0.061,0.228,0.249,-0.0209999999999999
"Carpenter, Kerry",681481,2022,113,72,0.252,0.212,0.04,0.485,0.42,0.065,0.342,0.301,0.041
"Moniak, Mickey",666160,2022,112,63,0.17,0.156,0.014,0.302,0.267,0.0349999999999999,0.223,0.205,0.018
"Lamb, Jake",571875,2022,111,59,0.216,0.213,0.003,0.392,0.395,-0.003,0.314,0.313,0.001
"Vosler, Jason",613564,2022,111,70,0.265,0.243,0.022,0.469,0.389,0.0799999999999999,0.349,0.314,0.0349999999999999
"Adrianza, Ehire",501303,2022,110,73,0.175,0.224,-0.049,0.206,0.293,-0.087,0.222,0.276,-0.054
"Fairchild, Stuart",656413,2022,110,63,0.247,0.224,0.0229999999999999,0.464,0.415,0.049,0.35,0.323,0.0269999999999999
"Waters, Drew",671221,2022,109,56,0.24,0.196,0.0439999999999999,0.479,0.386,0.0929999999999999,0.347,0.296,0.0509999999999999
"Gonzalez, Romy",663853,2022,109,67,0.238,0.226,0.0119999999999999,0.352,0.364,-0.012,0.264,0.264,0.0
"Steer, Spencer",668715,2022,108,69,0.211,0.206,0.005,0.326,0.308,0.018,0.287,0.278,0.0089999999999999
"Collins, Zack",641470,2022,108,57,0.155,0.183,-0.0279999999999999,0.32,0.349,-0.0289999999999999,0.245,0.27,-0.025
"Mendick, Danny",664901,2022,106,75,0.289,0.23,0.0589999999999999,0.443,0.34,0.1029999999999999,0.344,0.278,0.0659999999999999
"Canó, Robinson",429664,2022,104,75,0.15,0.205,-0.0549999999999999,0.19,0.3,-0.1099999999999999,0.169,0.235,-0.0659999999999999
"Papierski, Michael",657709,2022,103,67,0.143,0.171,-0.028,0.187,0.213,-0.0259999999999999,0.197,0.219,-0.0219999999999999
"Vavra, Terrin",679631,2022,103,72,0.258,0.269,-0.011,0.337,0.368,-0.0309999999999999,0.303,0.326,-0.023
"Burdick, Peyton",680814,2022,102,57,0.207,0.203,0.0039999999999999,0.38,0.401,-0.021,0.294,0.299,-0.005
"Jung, Josh",673962,2022,102,59,0.204,0.225,-0.021,0.418,0.415,0.003,0.28,0.289,-0.0089999999999999
"Stowers, Kyle",669065,2022,98,62,0.253,0.262,-0.009,0.418,0.449,-0.031,0.316,0.332,-0.016
"Bouchard, Sean",656248,2022,97,50,0.297,0.245,0.0519999999999999,0.5,0.362,0.138,0.417,0.364,0.0529999999999999
"Demeritte, Travis",641513,2022,96,58,0.213,0.208,0.005,0.337,0.342,-0.005,0.263,0.264,-0.001
"Sierra, Magneuris",642423,2022,96,67,0.165,0.2,-0.035,0.242,0.235,0.007,0.195,0.213,-0.0179999999999999
"Casas, Triston",671213,2022,95,53,0.197,0.19,0.007,0.408,0.359,0.0489999999999999,0.344,0.323,0.0209999999999999
"Solak, Nick",669256,2022,95,64,0.207,0.243,-0.036,0.329,0.425,-0.0959999999999999,0.291,0.339,-0.048
"Kennedy, Buddy",671083,2022,94,62,0.217,0.196,0.0209999999999999,0.325,0.287,0.038,0.271,0.257,0.014
"Jones, Nolan",666134,2022,94,55,0.244,0.251,-0.007,0.372,0.457,-0.085,0.297,0.33,-0.033
"Hill, Derek",656537,2022,92,59,0.229,0.2,0.0289999999999999,0.289,0.263,0.0259999999999999,0.249,0.239,0.01
"Rios, Edwin",621458,2022,92,50,0.244,0.225,0.0189999999999999,0.5,0.469,0.031,0.338,0.314,0.024
"Mathias, Mark",664029,2022,91,52,0.247,0.213,0.034,0.506,0.393,0.1129999999999999,0.353,0.298,0.0549999999999999
"Davis, Jonathan",641505,2022,91,51,0.224,0.223,0.001,0.237,0.281,-0.044,0.278,0.293,-0.0149999999999999
"Castro, Jason",488771,2022,88,39,0.115,0.157,-0.0419999999999999,0.179,0.276,-0.097,0.183,0.234,-0.051
"Aranda, Jonathan",666018,2022,87,55,0.192,0.205,-0.0129999999999999,0.321,0.364,-0.0429999999999999,0.264,0.284,-0.0199999999999999
"Quinn, Roman",596451,2022,87,43,0.215,0.194,0.0209999999999999,0.304,0.278,0.0259999999999999,0.266,0.25,0.016
"Freeman, Tyler",671289,2022,86,67,0.247,0.228,0.0189999999999999,0.286,0.297,-0.011,0.274,0.275,-0.001
"León, Sandy",506702,2022,86,46,0.169,0.187,-0.0179999999999999,0.211,0.24,-0.0289999999999999,0.246,0.263,-0.017
"Maton, Nick",665155,2022,85,45,0.25,0.219,0.031,0.514,0.371,0.143,0.364,0.311,0.0529999999999999
"Simmons, Andrelton",592743,2022,85,65,0.173,0.16,0.0129999999999999,0.187,0.194,-0.007,0.204,0.203,0.0009999999999999
"Barrera, Luis",642456,2022,85,61,0.234,0.211,0.023,0.338,0.319,0.019,0.28,0.264,0.016
"Garrett, Stone",656448,2022,84,50,0.276,0.198,0.078,0.539,0.383,0.156,0.36,0.271,0.0889999999999999
"Kreidler, Ryan",668952,2022,84,55,0.178,0.21,-0.032,0.233,0.353,-0.1199999999999999,0.218,0.277,-0.059
"Mercedes, Yermín",606213,2022,83,56,0.233,0.253,-0.0199999999999999,0.342,0.419,-0.0769999999999999,0.301,0.335,-0.034
"Pinto, René",650907,2022,83,45,0.212,0.192,0.0199999999999999,0.325,0.298,0.027,0.249,0.228,0.0209999999999999
"Marisnick, Jake",545350,2022,82,54,0.234,0.229,0.005,0.39,0.382,0.008,0.283,0.278,0.0049999999999999
"Heredia, Guillermo",628338,2022,82,44,0.158,0.157,0.001,0.342,0.305,0.037,0.246,0.231,0.0149999999999999
"Encarnacion, Jerar",666464,2022,81,46,0.182,0.18,0.002,0.338,0.302,0.036,0.236,0.231,0.0049999999999999
"Thaiss, Matt",642136,2022,81,46,0.217,0.208,0.009,0.319,0.322,-0.003,0.286,0.284,0.002
"Duggar, Steven",621453,2022,80,32,0.153,0.145,0.008,0.222,0.259,-0.037,0.205,0.222,-0.017
"Walton, Donovan",622268,2022,78,60,0.158,0.186,-0.0279999999999999,0.303,0.305,-0.002,0.208,0.223,-0.015
"Gosselin, Phil",594838,2022,77,50,0.149,0.178,-0.0289999999999999,0.176,0.264,-0.088,0.163,0.211,-0.0479999999999999
"Palacios, Jermaine",650339,2022,77,46,0.143,0.192,-0.049,0.229,0.327,-0.098,0.184,0.242,-0.0579999999999999
"Viloria, Meibrys",650619,2022,75,35,0.159,0.143,0.016,0.27,0.272,-0.002,0.256,0.252,0.004
"Mayfield, Jack",608686,2022,74,53,0.186,0.187,-0.001,0.271,0.255,0.016,0.224,0.219,0.005
"Moreno, Gabriel",672515,2022,73,61,0.319,0.271,0.0479999999999999,0.377,0.356,0.021,0.326,0.296,0.03
"Hermosillo, Michael",641684,2022,73,35,0.115,0.165,-0.05,0.148,0.254,-0.106,0.203,0.26,-0.0569999999999999
"Mazeika, Patrick",664850,2022,72,61,0.191,0.187,0.004,0.294,0.283,0.011,0.222,0.214,0.008
"Raley, Luke",670042,2022,72,38,0.197,0.169,0.0279999999999999,0.279,0.307,-0.0279999999999999,0.271,0.284,-0.0129999999999999
"Stevenson, Cal",670276,2022,71,40,0.167,0.208,-0.0409999999999999,0.217,0.31,-0.093,0.224,0.276,-0.052
"Matijevic, J.J.",656695,2022,71,42,0.209,0.218,-0.009,0.328,0.35,-0.0219999999999999,0.258,0.269,-0.011
"Sanó, Miguel",593934,2022,71,36,0.083,0.174,-0.0909999999999999,0.133,0.377,-0.244,0.176,0.318,-0.142
"Cameron, Daz",663662,2022,70,44,0.219,0.22,-0.001,0.344,0.416,-0.072,0.28,0.306,-0.0259999999999999
"Stefanic, Michael",683021,2022,69,50,0.197,0.218,-0.0209999999999999,0.23,0.29,-0.0599999999999999,0.239,0.27,-0.031
"Pérez, Roberto",547379,2022,69,35,0.233,0.207,0.026,0.367,0.371,-0.004,0.315,0.303,0.012
"Owings, Chris",572008,2022,68,33,0.107,0.148,-0.0409999999999999,0.143,0.21,-0.067,0.204,0.243,-0.039
"Mitchell, Garrett",669003,2022,68,34,0.311,0.186,0.125,0.459,0.348,0.111,0.365,0.268,0.0969999999999999
"Wallner, Matt",670242,2022,65,32,0.228,0.178,0.05,0.386,0.277,0.1089999999999999,0.311,0.251,0.06
"Groshans, Jordan",677954,2022,65,48,0.262,0.231,0.031,0.311,0.305,0.006,0.278,0.261,0.017
"Jankowski, Travis",608671,2022,64,45,0.164,0.206,-0.0419999999999999,0.164,0.24,-0.0759999999999999,0.222,0.267,-0.045
"Tucker, Cole",657061,2022,63,38,0.175,0.182,-0.007,0.222,0.289,-0.0669999999999999,0.172,0.202,-0.03
"Lewis, Kyle",641786,2022,62,37,0.143,0.204,-0.061,0.304,0.4,-0.096,0.239,0.299,-0.06
"Lagares, Juan",501571,2022,62,45,0.183,0.218,-0.035,0.25,0.322,-0.072,0.203,0.248,-0.0449999999999999
"Calhoun, Willie",641432,2022,62,44,0.135,0.217,-0.0819999999999999,0.25,0.349,-0.0989999999999999,0.249,0.317,-0.068
"Contreras, Mark",676628,2022,61,38,0.121,0.196,-0.075,0.293,0.44,-0.147,0.189,0.305,-0.1159999999999999
"Benson, Will",666181,2022,61,37,0.182,0.184,-0.002,0.2,0.237,-0.0369999999999999,0.212,0.229,-0.017
"Park, Hoy",660829,2022,60,40,0.216,0.208,0.008,0.373,0.354,0.019,0.282,0.273,0.0089999999999999
"Robinson, Chuckie",642020,2022,60,43,0.136,0.215,-0.0789999999999999,0.271,0.366,-0.0949999999999999,0.173,0.248,-0.075
"Muñoz, Yairo",622168,2022,60,47,0.211,0.23,-0.019,0.404,0.341,0.063,0.283,0.269,0.0139999999999999
"Capel, Conner",668843,2022,59,44,0.308,0.276,0.0319999999999999,0.519,0.434,0.085,0.371,0.331,0.0399999999999999
"Bemboom, Anthony",621532,2022,59,36,0.115,0.182,-0.0669999999999999,0.212,0.274,-0.062,0.196,0.249,-0.0529999999999999
"Strange-Gordon, Dee",543829,2022,59,51,0.305,0.225,0.0799999999999999,0.356,0.274,0.0819999999999999,0.288,0.219,0.0689999999999999
"Hager, Jake",606993,2022,59,34,0.24,0.167,0.0729999999999999,0.28,0.258,0.022,0.291,0.254,0.0369999999999999
"Soto, Livan",670869,2022,59,44,0.4,0.278,0.122,0.582,0.332,0.2499999999999999,0.424,0.284,0.14
"Peraza, Oswald",672724,2022,57,40,0.306,0.278,0.0279999999999999,0.429,0.379,0.0499999999999999,0.371,0.345,0.026
"Upton, Justin",457708,2022,57,25,0.125,0.155,-0.03,0.208,0.222,-0.014,0.231,0.248,-0.0169999999999999
"MacKinnon, David",676950,2022,57,34,0.14,0.208,-0.0679999999999999,0.14,0.285,-0.1449999999999999,0.181,0.261,-0.08
"Rojas, Jose",670351,2022,57,37,0.125,0.165,-0.04,0.161,0.239,-0.0779999999999999,0.134,0.183,-0.0489999999999999
"Arias, Gabriel",672356,2022,57,32,0.191,0.196,-0.005,0.319,0.301,0.018,0.294,0.291,0.003
"McKinney, Billy",641856,2022,57,37,0.096,0.155,-0.059,0.173,0.251,-0.078,0.144,0.201,-0.057
"Wong, Connor",657136,2022,56,34,0.188,0.171,0.0169999999999999,0.313,0.361,-0.0479999999999999,0.263,0.275,-0.012
"Astudillo, Willians",553902,2022,55,51,0.241,0.26,-0.019,0.296,0.315,-0.019,0.243,0.259,-0.016
"Ahmed, Nick",605113,2022,54,37,0.231,0.192,0.039,0.442,0.311,0.131,0.302,0.233,0.0689999999999999
"Mondesi, Adalberto",609275,2022,54,30,0.14,0.17,-0.03,0.14,0.242,-0.1019999999999999,0.166,0.217,-0.0509999999999999
"Burleson, Alec",676475,2022,53,39,0.188,0.25,-0.062,0.271,0.433,-0.1619999999999999,0.245,0.33,-0.085
"Barrera, Tres",668663,2022,53,35,0.18,0.169,0.0109999999999999,0.2,0.228,-0.0279999999999999,0.187,0.192,-0.005
"Diaz, Jordan",672478,2022,51,42,0.265,0.209,0.056,0.327,0.276,0.0509999999999999,0.275,0.23,0.045
"Vargas, Miguel",678246,2022,50,35,0.17,0.198,-0.0279999999999999,0.255,0.342,-0.087,0.2,0.254,-0.0539999999999999
"Campusano, Luis",669134,2022,50,38,0.25,0.225,0.0249999999999999,0.333,0.356,-0.0229999999999999,0.257,0.255,0.002
"Palacios, Joshua",641943,2022,49,32,0.213,0.206,0.007,0.255,0.249,0.006,0.225,0.22,0.005
"Beaty, Matt",607461,2022,47,35,0.093,0.205,-0.1119999999999999,0.163,0.28,-0.117,0.158,0.253,-0.095
"Quiroz, Esteban",606019,2022,47,32,0.275,0.229,0.046,0.275,0.314,-0.0389999999999999,0.303,0.296,0.007
"Gallagher, Cam",595956,2022,47,31,0.214,0.184,0.03,0.333,0.248,0.085,0.265,0.219,0.046
"Locastro, Tim",641796,2022,46,36,0.186,0.252,-0.066,0.349,0.421,-0.072,0.259,0.316,-0.0569999999999999
"Knapp, Andrew",595284,2022,46,28,0.128,0.191,-0.063,0.154,0.271,-0.117,0.195,0.264,-0.069
"Brennan, Will",686823,2022,45,38,0.357,0.285,0.072,0.5,0.43,0.07,0.385,0.327,0.0579999999999999
"Frazier, Clint",640449,2022,45,26,0.216,0.209,0.007,0.297,0.3,-0.003,0.305,0.304,0.001
"Goodrum, Niko",592348,2022,45,20,0.116,0.179,-0.0629999999999999,0.163,0.256,-0.093,0.146,0.212,-0.066
"Sánchez, Yolmer",570560,2022,44,26,0.108,0.13,-0.022,0.108,0.175,-0.0669999999999999,0.166,0.2,-0.034
"Murphy, Tom",608596,2022,42,20,0.303,0.282,0.021,0.455,0.542,-0.087,0.397,0.416,-0.0189999999999999
"Baty, Brett",683146,2022,42,30,0.184,0.278,-0.094,0.342,0.396,-0.0539999999999999,0.26,0.32,-0.06
"Bernard, Wynton",592144,2022,42,34,0.286,0.235,0.0509999999999999,0.31,0.27,0.0399999999999999,0.262,0.223,0.039
"Nuñez, Dom",624513,2022,41,25,0.121,0.161,-0.04,0.152,0.273,-0.121,0.196,0.257,-0.061
"Araúz, Jonathan",660620,2022,41,28,0.132,0.254,-0.122,0.211,0.388,-0.177,0.157,0.281,-0.124
"Vientos, Mark",668901,2022,41,24,0.167,0.186,-0.0189999999999999,0.278,0.339,-0.061,0.252,0.282,-0.0299999999999999
"Downs, Jeter",669023,2022,41,19,0.154,0.141,0.013,0.256,0.198,0.0579999999999999,0.184,0.161,0.0229999999999999
"Lewis, Royce",668904,2022,41,35,0.3,0.265,0.0349999999999999,0.55,0.448,0.102,0.37,0.314,0.0559999999999999
"González, Erik",570481,2022,41,25,0.189,0.225,-0.036,0.216,0.274,-0.058,0.227,0.265,-0.038
"Wallach, Chad",595453,2022,40,27,0.143,0.248,-0.105,0.257,0.464,-0.207,0.224,0.341,-0.117
"Brinson, Lewis",621446,2022,39,23,0.167,0.175,-0.0079999999999999,0.472,0.382,0.0899999999999999,0.289,0.26,0.0289999999999999
"Bae, Ji Hwan",678225,2022,37,27,0.333,0.25,0.083,0.424,0.28,0.1439999999999999,0.37,0.286,0.084
"Almonte, Abraham",501659,2022,37,23,0.257,0.195,0.062,0.4,0.332,0.068,0.306,0.251,0.0549999999999999
"Davidson, Matt",571602,2022,37,21,0.147,0.183,-0.036,0.324,0.412,-0.0879999999999999,0.24,0.284,-0.0439999999999999
"Sosa, Lenyn",672820,2022,36,23,0.114,0.182,-0.0679999999999999,0.229,0.327,-0.098,0.161,0.231,-0.07
"Rooker, Brent",667670,2022,36,21,0.125,0.182,-0.0569999999999999,0.156,0.303,-0.147,0.186,0.261,-0.075
"Dickerson, Alex",543105,2022,36,24,0.121,0.211,-0.09,0.212,0.408,-0.1959999999999999,0.189,0.295,-0.1059999999999999
"Ruiz, Esteury",665923,2022,36,28,0.171,0.203,-0.032,0.257,0.256,0.001,0.197,0.215,-0.0179999999999999
"Henry, Payton",668721,2022,35,20,0.143,0.193,-0.05,0.143,0.212,-0.069,0.241,0.283,-0.0419999999999999
"Florial, Estevan",664314,2022,35,18,0.097,0.148,-0.0509999999999999,0.097,0.258,-0.161,0.155,0.235,-0.0799999999999999
"Hernandez, Elier",609274,2022,35,19,0.182,0.173,0.009,0.242,0.239,0.003,0.193,0.19,0.003
"Tovar, Ezequiel",678662,2022,35,24,0.212,0.247,-0.035,0.333,0.398,-0.065,0.261,0.302,-0.0409999999999999
"Hensley, David",682073,2022,34,23,0.345,0.253,0.0919999999999999,0.586,0.462,0.1239999999999999,0.44,0.361,0.079
"Padlo, Kevin",656821,2022,34,23,0.121,0.16,-0.039,0.152,0.216,-0.064,0.135,0.178,-0.0429999999999999
"Reks, Zach",676646,2022,34,24,0.265,0.225,0.04,0.294,0.332,-0.038,0.245,0.24,0.005
"Gutiérrez, Kelvin",642721,2022,33,20,0.143,0.203,-0.06,0.179,0.353,-0.174,0.208,0.291,-0.0829999999999999
"Martin Jr., Richie",621006,2022,33,20,0.167,0.183,-0.0159999999999999,0.3,0.266,0.0339999999999999,0.24,0.239,0.001
"Thomas, Cody",642137,2022,32,18,0.267,0.228,0.039,0.267,0.28,-0.013,0.264,0.25,0.014
"Plummer, Nick",663911,2022,31,17,0.138,0.203,-0.065,0.379,0.421,-0.0419999999999999,0.248,0.291,-0.0429999999999999
"Rivero, Sebastián",665861,2022,29,17,0.154,0.163,-0.009,0.154,0.274,-0.12,0.175,0.222,-0.047
"Fox, Lucius",665650,2022,28,18,0.08,0.159,-0.079,0.08,0.224,-0.144,0.094,0.187,-0.093
"Hernández, Yonny",660634,2022,28,22,0.083,0.167,-0.084,0.083,0.208,-0.1249999999999999,0.121,0.204,-0.0829999999999999
"Guthrie, Dalton",656495,2022,28,14,0.333,0.236,0.097,0.476,0.343,0.1329999999999999,0.437,0.362,0.075
"Alvarez, Eddy",657193,2022,27,18,0.16,0.193,-0.033,0.16,0.218,-0.0579999999999999,0.136,0.179,-0.0429999999999999
"Davis, Jaylin",664041,2022,27,13,0.333,0.231,0.102,0.375,0.272,0.1029999999999999,0.352,0.274,0.0779999999999999
"Schrock, Max",621011,2022,27,20,0.154,0.186,-0.032,0.154,0.237,-0.0829999999999999,0.156,0.202,-0.046
"Aguilar, Ryan",666922,2022,26,9,0.136,0.132,0.004,0.182,0.243,-0.061,0.197,0.217,-0.0199999999999999
"Lee, Korey",686676,2022,26,16,0.16,0.107,0.053,0.24,0.127,0.1129999999999999,0.192,0.124,0.068
"Beckham, Tim",542921,2022,25,16,0.08,0.189,-0.109,0.08,0.243,-0.1629999999999999,0.071,0.185,-0.114
"Payton, Mark",592622,2022,25,17,0.143,0.162,-0.019,0.143,0.191,-0.048,0.216,0.242,-0.0259999999999999
"DeLuzio, Ben",641512,2022,25,16,0.15,0.266,-0.116,0.2,0.303,-0.1029999999999999,0.242,0.326,-0.084
"Haseley, Adam",656514,2022,25,15,0.238,0.22,0.0179999999999999,0.238,0.252,-0.014,0.27,0.266,0.004
"Siani, Michael",672279,2022,24,17,0.167,0.156,0.011,0.167,0.208,-0.0409999999999999,0.147,0.157,-0.01
"Garcia, Maikel",672580,2022,23,17,0.318,0.223,0.095,0.364,0.269,0.0949999999999999,0.315,0.234,0.0809999999999999
"Hamilton, Billy",571740,2022,23,9,0.05,0.167,-0.117,0.05,0.211,-0.1609999999999999,0.103,0.214,-0.111
"Hamilton, Caleb",643348,2022,23,5,0.056,0.063,-0.0069999999999999,0.222,0.2,0.0219999999999999,0.219,0.214,0.005
"Ramos, Heliot",671218,2022,22,14,0.1,0.21,-0.1099999999999999,0.1,0.355,-0.255,0.143,0.285,-0.142
"Batten, Matthew",676946,2022,22,13,0.105,0.189,-0.084,0.158,0.253,-0.095,0.193,0.261,-0.068
"Herrera, Iván",671056,2022,22,12,0.111,0.115,-0.004,0.111,0.14,-0.029,0.15,0.165,-0.015
"Young, Jared",676724,2022,22,12,0.263,0.237,0.026,0.368,0.386,-0.018,0.329,0.325,0.004
"Godoy, José",608422,2022,22,11,0.05,0.111,-0.061,0.05,0.13,-0.08,0.103,0.159,-0.056
"Proctor, Ford",665154,2022,22,17,0.111,0.234,-0.123,0.278,0.329,-0.0509999999999999,0.197,0.318,-0.121
"Kolozsvary, Mark",656627,2022,21,11,0.2,0.193,0.007,0.45,0.314,0.136,0.294,0.238,0.0559999999999999
"Severino, Pedro",600474,2022,21,11,0.222,0.142,0.08,0.333,0.19,0.143,0.303,0.22,0.0829999999999999
"Johnson, Bryce",669369,2022,19,11,0.111,0.171,-0.06,0.111,0.2,-0.089,0.129,0.19,-0.061
"Shaw, Travis",543768,2022,19,12,0.0,0.088,-0.088,0.0,0.12,-0.12,0.0,0.092,-0.092
"Souza Jr., Steven",519306,2022,19,11,0.158,0.186,-0.0279999999999999,0.158,0.215,-0.0569999999999999,0.14,0.176,-0.0359999999999999
"Pérez, Carlos",656024,2022,18,16,0.222,0.228,-0.006,0.333,0.287,0.046,0.238,0.225,0.0129999999999999
"Machado, Dixon",553988,2022,17,10,0.2,0.238,-0.0379999999999999,0.2,0.26,-0.06,0.239,0.28,-0.041
"Mastrobuoni, Miles",670156,2022,17,10,0.188,0.177,0.011,0.188,0.208,-0.0199999999999999,0.196,0.198,-0.002
"Bradley, Bobby",656252,2022,17,8,0.118,0.14,-0.022,0.118,0.197,-0.079,0.104,0.144,-0.0399999999999999
"Ellis, Drew",656403,2022,17,9,0.188,0.179,0.009,0.25,0.25,0.0,0.219,0.215,0.004
"Piña, Manny",444489,2022,17,14,0.143,0.19,-0.047,0.143,0.393,-0.25,0.187,0.293,-0.1059999999999999
"Allen, Austin",664119,2022,16,5,0.071,0.071,0.0,0.071,0.133,-0.062,0.143,0.162,-0.019
"Outman, James",681546,2022,16,6,0.462,0.217,0.245,0.846,0.335,0.5109999999999999,0.584,0.321,0.2629999999999999
"Walker, Steele",667727,2022,16,10,0.071,0.215,-0.144,0.286,0.416,-0.13,0.216,0.319,-0.103
"Reyes, Pablo",622569,2022,16,13,0.267,0.153,0.114,0.267,0.17,0.097,0.264,0.178,0.086
"O'Hoppe, Logan",681351,2022,16,11,0.286,0.244,0.0419999999999999,0.286,0.328,-0.042,0.307,0.302,0.005
"Bannon, Rylan",676625,2022,15,9,0.143,0.132,0.0109999999999999,0.143,0.207,-0.064,0.166,0.186,-0.0199999999999999
"Lavastida, Bryan",681526,2022,15,8,0.083,0.11,-0.0269999999999999,0.083,0.119,-0.0359999999999999,0.197,0.219,-0.0219999999999999
"Dixon, Brandon",641525,2022,14,9,0.214,0.244,-0.03,0.286,0.298,-0.012,0.216,0.239,-0.0229999999999999
"Thomas, Dillon",605504,2022,14,5,0.091,0.091,0.0,0.091,0.098,-0.007,0.213,0.215,-0.002
"Harrison, Monte",656509,2022,14,3,0.182,0.123,0.059,0.455,0.277,0.178,0.361,0.282,0.079
"Alvarez, Francisco",682626,2022,14,8,0.167,0.24,-0.0729999999999999,0.5,0.663,-0.163,0.336,0.416,-0.0799999999999999
"Pineda, Israel",672832,2022,14,6,0.077,0.089,-0.0119999999999999,0.077,0.107,-0.03,0.112,0.127,-0.015
"Pillar, Kevin",607680,2022,13,8,0.083,0.189,-0.106,0.167,0.385,-0.218,0.15,0.277,-0.127
"Short, Zack",670097,2022,13,6,0.0,0.097,-0.097,0.0,0.295,-0.295,0.106,0.237,-0.131
"Okey, Chris",608360,2022,13,7,0.167,0.17,-0.003,0.167,0.192,-0.0249999999999999,0.191,0.203,-0.012
"Jackson, Alex",656577,2022,12,5,0.25,0.196,0.0539999999999999,0.25,0.222,0.0279999999999999,0.221,0.182,0.039
"Whitefield, Aaron",664334,2022,11,6,0.0,0.144,-0.144,0.0,0.316,-0.316,0.0,0.192,-0.192
"Davis, Brendon",663478,2022,11,7,0.2,0.244,-0.0439999999999999,0.2,0.421,-0.2209999999999999,0.223,0.32,-0.097
"Dunand, Joe",656388,2022,11,7,0.3,0.133,0.1669999999999999,0.7,0.24,0.4599999999999999,0.449,0.209,0.24
"Katoh, Gosuke",641741,2022,11,7,0.143,0.202,-0.059,0.286,0.24,0.0459999999999999,0.333,0.341,-0.008
"Garneau, Dustin",572863,2022,11,6,0.3,0.238,0.062,0.4,0.444,-0.0439999999999999,0.338,0.329,0.009
"Krizan, Jason",607249,2022,10,5,0.125,0.148,-0.0229999999999999,0.125,0.174,-0.0489999999999999,0.226,0.251,-0.0249999999999999
"Lopez, Otto",672640,2022,10,8,0.667,0.284,0.383,0.667,0.316,0.351,0.599,0.309,0.29
"Lopes, Christian",547173,2022,10,4,0.0,0.176,-0.176,0.0,0.231,-0.231,0.069,0.227,-0.158
"Swaggerty, Travis",680552,2022,9,5,0.111,0.063,0.048,0.111,0.074,0.037,0.098,0.059,0.039
"Dean, Austin",621573,2022,9,8,0.375,0.29,0.085,0.375,0.325,0.0499999999999999,0.371,0.317,0.0539999999999999
"Diaz, Yainer",673237,2022,9,6,0.125,0.157,-0.032,0.25,0.366,-0.1159999999999999,0.217,0.274,-0.057
"Muzziotti, Símon",665922,2022,9,6,0.143,0.173,-0.03,0.143,0.198,-0.055,0.201,0.229,-0.0279999999999999
"Crook, Narciso",643271,2022,9,6,0.25,0.237,0.013,0.375,0.403,-0.028,0.238,0.261,-0.023
"Greiner, Grayson",606988,2022,8,3,0.167,0.076,0.091,0.167,0.094,0.073,0.283,0.224,0.0589999999999999
"Gore, Terrance",605253,2022,8,5,0.143,0.136,0.0069999999999999,0.143,0.158,-0.015,0.126,0.128,-0.002
"Naylor, Bo",666310,2022,8,3,0.0,0.081,-0.081,0.0,0.129,-0.129,0.0,0.089,-0.089
"Inciarte, Ender",542255,2022,8,8,0.125,0.213,-0.088,0.125,0.274,-0.149,0.11,0.214,-0.104
"Blanco, Dairon",680118,2022,7,3,0.286,0.06,0.2259999999999999,0.286,0.062,0.2239999999999999,0.253,0.056,0.197
"Smith-Njigba, Canaan",675986,2022,7,5,0.2,0.209,-0.0089999999999999,0.4,0.545,-0.145,0.381,0.423,-0.0419999999999999
"Capra, Vinny",681962,2022,7,4,0.2,0.26,-0.06,0.2,0.437,-0.237,0.323,0.411,-0.0879999999999999
"Fermin, Freddy",666023,2022,7,4,0.0,0.024,-0.024,0.0,0.032,-0.032,0.0,0.024,-0.024
"Guzmán, Ronald",608597,2022,6,1,0.0,0.007,-0.007,0.0,0.011,-0.011,0.0,0.008,-0.008
"Marrero, Deven",571918,2022,6,3,0.0,0.094,-0.094,0.0,0.118,-0.118,0.0,0.092,-0.092
"Motter, Taylor",600301,2022,6,3,0.167,0.203,-0.036,0.167,0.219,-0.0519999999999999,0.147,0.186,-0.039
"Difo, Wilmer",594694,2022,6,5,0.0,0.218,-0.218,0.0,0.234,-0.234,0.0,0.201,-0.201
"McDonald, Mickey",676782,2022,6,1,0.0,0.119,-0.119,0.0,0.135,-0.135,0.23,0.304,-0.0739999999999999
"Rosario, Eguy",666703,2022,6,3,0.2,0.037,0.163,0.2,0.042,0.158,0.262,0.143,0.119
"Wilson, Marcus",657129,2022,6,1,0.2,0.184,0.016,0.2,0.233,-0.033,0.262,0.269,-0.007
"Lester, Josh",623507,2022,5,2,0.0,0.186,-0.186,0.0,0.244,-0.244,0.0,0.187,-0.187
"Feliciano, Mario",666128,2022,5,3,0.25,0.375,-0.125,0.25,0.514,-0.264,0.315,0.445,-0.13
"Liberato, Luis",642451,2022,5,2,0.0,0.006,-0.006,0.0,0.015,-0.015,0.0,0.009,-0.009
"Tromp, Chadwick",644433,2022,4,4,0.75,0.487,0.263,1.25,0.658,0.592,0.852,0.492,0.36
"Peguero, Liover",678894,2022,4,1,0.333,0.174,0.159,0.333,0.183,0.15,0.393,0.289,0.104
"Sands, Donny",664848,2022,4,2,0.0,0.168,-0.168,0.0,0.198,-0.198,0.172,0.292,-0.12
"Riddle, JT",595375,2022,4,3,0.25,0.151,0.099,0.25,0.168,0.0819999999999999,0.221,0.141,0.08
"Wolters, Tony",547172,2022,4,1,0.0,0.005,-0.005,0.0,0.011,-0.011,0.0,0.007,-0.007
"O'Keefe, Brian",657247,2022,4,1,0.333,0.283,0.05,0.333,0.328,0.005,0.393,0.375,0.018
"Hicklen, Brewer",676551,2022,4,0,0.0,,,0.0,,,0.0,0.0,0.0
"Alford, Anthony",546990,2022,4,2,0.25,0.035,0.215,0.25,0.046,0.204,0.221,0.034,0.187
"Stewart, DJ",621466,2022,3,1,0.0,0.017,-0.017,0.0,0.023,-0.023,0.0,0.017,-0.017
"Brantly, Rob",542963,2022,3,3,0.333,0.355,-0.0219999999999999,0.667,0.46,0.207,0.42,0.354,0.066
"Mondou, Nate",670148,2022,3,1,0.0,0.001,-0.001,0.0,0.001,-0.001,0.23,0.23,0.0
"Blankenhorn, Travis",663905,2022,3,2,0.0,0.03,-0.03,0.0,0.039,-0.039,0.0,0.031,-0.031
"Jackson, Drew",623515,2022,3,2,0.0,0.06,-0.06,0.0,0.075,-0.075,0.0,0.058,-0.058
"Dawson, Ronnie",669008,2022,3,1,0.0,0.121,-0.121,0.0,0.122,-0.122,0.0,0.111,-0.111
"Sanmartin, Reiver",665665,2022,2,1,0.0,0.042,-0.042,0.0,0.042,-0.042,0.0,0.038,-0.038
"Lee, Khalil",666137,2022,2,2,0.5,0.445,0.0549999999999999,2.0,1.666,0.3340000000000001,1.036,0.866,0.17
"Phillips, Evan",623465,2022,1,0,,,,,,,0.689,0.689,0.0
"Robertson, David",502085,2022,1,0,0.0,,,0.0,,,0.0,0.0,0.0
"Alvarado, José",621237,2022,1,0,0.0,,,0.0,,,0.0,0.0,0.0
"Larsen, Jack",677223,2022,1,0,0.0,,,0.0,,,0.0,0.0,0.0
"Anderson, Tyler",542881,2022,1,0,0.0,,,0.0,,,0.0,0.0,0.0
"Robertson, Kramer",670298,2022,1,1,0.0,0.158,-0.158,0.0,0.196,-0.196,0.0,0.163,-0.163
"Jones, Taylor",622100,2022,1,1,0.0,0.106,-0.106,0.0,0.106,-0.106,0.0,0.098,-0.098
"Perez, Joe",669309,2022,1,0,0.0,,,0.0,,,0.0,0.0,0.0
"Tom, Ka'ai",664789,2022,1,1,0.0,0.039,-0.039,0.0,0.115,-0.115,0.0,0.062,-0.062
"Díaz, Yusniel",666783,2022,1,0,0.0,,,0.0,,,0.0,0.0,0.0
