team,start,end,total_war,avg_war,total_wins,avg_wins
LAN,2013,2017,382.7,76.5,473,95
LAN,2014,2018,381.2,76.2,473,95
LAN,2012,2016,374.2,74.8,455,91
ATL,1995,1999,372.7,74.5,496,99
ATL,1996,2000,368.4,73.7,501,100
LAN,2011,2015,365.7,73.1,446,89
LAN,2015,2019,361.5,72.3,485,97
WAS,2012,2016,357.3,71.5,458,92
SLN,2011,2015,351.0,70.2,465,93
ATL,1994,1998,350.5,70.1,461,92
WAS,2013,2017,347.1,69.4,457,91
SLN,2012,2016,347.1,69.4,461,92
SLN,2009,2013,345.1,69.0,452,90
ATL,1997,2001,343.2,68.6,493,99
NYN,1986,1990,340.2,68.0,478,96
ATL,1993,1997,339.8,68.0,459,92
SLN,2010,2014,336.6,67.3,451,90
LAN,2010,2014,331.6,66.3,434,87
WAS,2014,2018,330.6,66.1,453,91
WAS,2011,2015,325.6,65.1,443,89
CHN,2015,2019,325.3,65.1,471,94
ATL,1992,1996,324.1,64.8,456,91
SLN,2013,2017,322.1,64.4,456,91
PHI,2007,2011,321.8,64.4,473,95
LAN,2017,2021,320.8,64.2,451,90
NYN,1985,1989,317.7,63.5,485,97
NYN,1987,1991,317.7,63.5,447,89
SLN,2008,2012,316.5,63.3,441,88
WAS,2015,2019,316.0,63.2,450,90
ATL,1998,2002,313.6,62.7,493,99
LAN,2009,2013,313.2,62.6,435,87
LAN,2018,2022,312.5,62.5,458,92
ATL,1991,1995,306.6,61.3,454,91
PHI,2008,2012,306.6,61.3,465,93
NYN,1984,1988,306.6,61.3,488,98
CHN,2014,2018,304.1,60.8,460,92
ATL,2009,2013,303.8,60.8,456,91
LAN,2016,2020,300.9,60.2,436,87
ATL,2010,2014,300.9,60.2,449,90
LAN,2008,2012,298.4,59.7,427,85
ATL,1999,2003,296.9,59.4,488,98
LAN,2006,2010,294.9,59.0,429,86
LAN,2021,2025,294.8,59.0,508,102
WAS,2010,2014,292.8,58.6,429,86
SLN,2014,2018,292.0,58.4,447,89
HOU,1995,1999,291.0,58.2,441,88
SFN,1964,1968,290.9,58.2,457,91
SFN,2012,2016,289.5,57.9,429,86
CIN,1974,1978,287.8,57.6,488,98
SFN,1965,1969,287.4,57.5,457,91
PHI,2006,2010,286.9,57.4,456,91
PHI,2009,2013,286.5,57.3,446,89
PIT,2012,2016,285.8,57.2,437,87
NYN,1988,1992,285.8,57.2,427,85
CIN,1973,1977,284.4,56.9,495,99
SFN,2011,2015,283.2,56.6,428,86
SFN,2010,2014,282.8,56.6,436,87
ATL,1990,1994,282.4,56.5,429,86
NYA,2002,2006,282.2,56.4,497,99
LAN,2019,2023,282.1,56.4,466,93
LAN,2007,2011,281.8,56.4,423,85
SFN,2000,2004,281.1,56.2,473,95
PIT,2011,2015,280.8,56.2,431,86
LAN,1962,1966,280.3,56.1,473,95
LAN,1965,1969,278.7,55.7,426,85
CHN,2013,2017,277.9,55.6,431,86
PIT,2013,2017,276.9,55.4,433,87
NYA,2005,2009,276.9,55.4,478,96
CIN,1975,1979,276.6,55.3,480,96
MIN,1966,1970,276.6,55.3,454,91
HOU,2015,2019,276.3,55.3,481,96
ATL,2000,2004,276.2,55.2,481,96
HOU,1998,2002,275.8,55.2,448,90
ATL,2007,2011,275.7,55.1,422,84
NYA,2003,2007,275.7,55.1,488,98
LAN,2005,2009,275.7,55.1,420,84
SLN,2015,2019,275.6,55.1,448,90
HOU,1997,2001,275.5,55.1,448,90
DET,2010,2014,274.3,54.9,447,89
SFN,1966,1970,273.9,54.8,448,90
HOU,1996,2000,273.8,54.8,437,87
SLN,1967,1971,273.6,54.7,451,90
SLN,2007,2011,273.5,54.7,431,86
MIN,1965,1969,273.4,54.7,458,92
SFN,1962,1966,273.3,54.7,469,94
SFN,2009,2013,272.9,54.6,436,87
LAN,1963,1967,272.7,54.5,444,89
CIN,1972,1976,272.4,54.5,502,100
HOU,2001,2005,271.8,54.4,445,89
SFN,1963,1967,271.5,54.3,457,91
PHI,1976,1980,271.5,54.3,467,93
ATL,2008,2012,270.9,54.2,432,86
LAN,1982,1986,270.6,54.1,426,85
NYA,2001,2005,269.8,54.0,495,99
NYA,2006,2010,269.6,53.9,478,96
PHI,2005,2009,269.6,53.9,447,89
LAN,1974,1978,269.0,53.8,475,95
PHI,1975,1979,268.9,53.8,462,92
PHI,2010,2014,268.9,53.8,426,85
LAN,1964,1968,268.0,53.6,421,84
HOU,2002,2006,268.0,53.6,434,87
CIN,1976,1980,266.8,53.4,461,92
NYA,2008,2012,266.7,53.3,479,96
HOU,1994,1998,266.6,53.3,410,82
SFN,1999,2003,266.0,53.2,468,94
NYA,2007,2011,265.0,53.0,478,96
SFN,2001,2005,264.8,53.0,451,90
ATL,2006,2010,264.8,53.0,412,82
BAL,1968,1972,264.0,52.8,489,98
NYA,2004,2008,263.8,52.8,476,95
PIT,1964,1968,263.5,52.7,423,85
MIL,2007,2011,263.4,52.7,426,85
MIN,1963,1967,263.4,52.7,452,90
ARI,1999,2003,263.2,52.6,459,92
ATL,2003,2007,263.0,52.6,450,90
MIN,1964,1968,262.7,52.5,440,88
PIT,1965,1969,262.5,52.5,431,86
LAN,2020,2024,262.1,52.4,458,92
ATL,2001,2005,261.6,52.3,476,95
BAL,1966,1970,261.5,52.3,481,96
SFN,1998,2002,261.1,52.2,457,91
SLN,2001,2005,261.0,52.2,480,96
LAN,1981,1985,260.6,52.1,416,83
SLN,1966,1970,260.6,52.1,444,89
MIL,2010,2014,260.4,52.1,412,82
DET,2011,2015,260.0,52.0,440,88
SFN,1967,1971,259.6,51.9,445,89
BAL,1967,1971,259.5,51.9,485,97
LAN,1973,1977,259.3,51.9,475,95
LAN,1966,1970,259.3,51.9,416,83
PIT,1968,1972,258.9,51.8,450,90
PHI,1974,1978,258.8,51.8,458,92
COL,2006,2010,258.6,51.7,415,83
BOS,2003,2007,258.5,51.7,470,94
LAN,1977,1981,258.3,51.7,427,85
MIL,2008,2012,258.1,51.6,426,85
BOS,2002,2006,257.7,51.5,467,93
ATL,2002,2006,257.7,51.5,467,93
ATL,1989,1993,257.7,51.5,424,85
CHN,2016,2020,257.4,51.5,408,82
WAS,2016,2020,257.3,51.5,393,79
PIT,1966,1970,256.9,51.4,430,86
LAN,1971,1975,256.4,51.3,459,92
MIN,1967,1971,256.2,51.2,439,88
SLN,1964,1968,255.2,51.0,454,91
HOU,1993,1997,255.1,51.0,393,79
PHI,1964,1968,255.0,51.0,422,84
BOS,2007,2011,254.6,50.9,465,93
PHI,1963,1967,254.5,50.9,433,87
SFN,2008,2012,254.2,50.8,432,86
LAN,2004,2008,253.9,50.8,418,84
LAN,1961,1965,253.8,50.8,467,93
NYA,2000,2004,253.7,50.7,487,97
PIT,1962,1966,253.7,50.7,429,86
HOU,2018,2022,253.6,50.7,440,88
LAN,1975,1979,253.0,50.6,452,90
LAN,1978,1982,252.6,50.5,417,83
PHI,2004,2008,252.6,50.5,440,88
HOU,2017,2021,252.2,50.4,435,87
HOU,1999,2003,252.2,50.4,433,87
SFN,1961,1965,252.1,50.4,461,92
HOU,2003,2007,251.9,50.4,423,85
PIT,2014,2018,251.7,50.3,421,84
CHN,2001,2005,251.6,50.3,411,82
BOS,2001,2005,251.5,50.3,463,93
BAL,1969,1973,251.5,50.3,495,99
MIN,1962,1966,251.4,50.3,452,90
PHI,2021,2025,251.3,50.3,450,90
SLN,2000,2004,251.2,50.2,475,95
CHN,1968,1972,250.7,50.1,428,86
LAN,1976,1980,250.6,50.1,456,91
PIT,1969,1973,250.4,50.1,450,90
CIN,1963,1967,250.3,50.1,430,86
SLN,1965,1969,250.2,50.0,448,90
CIN,2010,2014,250.0,50.0,433,87
NYA,1961,1965,249.8,50.0,485,97
PIT,1963,1967,249.7,49.9,417,83
NYN,2012,2016,249.3,49.9,404,81
ATL,2011,2015,249.2,49.8,425,85
SFN,1997,2001,249.0,49.8,452,90
NYA,1960,1964,248.7,49.7,505,101
CHN,1967,1971,248.6,49.7,430,86
HOU,2000,2004,248.4,49.7,428,86
NYA,1999,2003,248.4,49.7,484,97
LAN,1984,1988,248.1,49.6,414,83
CIN,1964,1968,247.6,49.5,427,85
LAN,1980,1984,247.1,49.4,413,83
ATL,2019,2023,246.9,49.4,425,85
ATL,2021,2025,246.7,49.3,458,92
BOS,2004,2008,246.6,49.3,470,94
COL,2007,2011,246.4,49.3,412,82
LAN,1979,1983,246.3,49.3,413,83
PIT,1970,1974,246.3,49.3,450,90
CLE,2015,2019,246.2,49.2,461,92
ARI,2015,2019,245.9,49.2,408,82
NYN,2015,2019,245.9,49.2,410,82
SLN,2002,2006,245.6,49.1,470,94
CLE,2014,2018,245.5,49.1,453,91
PHI,2003,2007,245.3,49.1,434,87
PHI,1980,1984,245.2,49.0,410,82
SFN,2013,2017,245.1,49.0,399,80
DET,2012,2016,244.8,49.0,431,86
DET,2009,2013,244.5,48.9,443,89
CHN,1966,1970,244.4,48.9,406,81
ATL,2005,2009,244.2,48.8,411,82
PIT,1988,1992,243.8,48.8,448,90
NYN,1983,1987,243.6,48.7,456,91
CIN,1962,1966,243.0,48.6,441,88
TEX,2009,2013,242.7,48.5,457,91
PHI,1977,1981,242.5,48.5,425,85
FLO,2003,2007,242.2,48.4,406,81
SLN,1968,1972,242.1,48.4,425,85
FLO,2002,2006,242.1,48.4,414,83
DET,1965,1969,242.1,48.4,461,92
ATL,2018,2022,242.0,48.4,411,82
PHI,1965,1969,241.8,48.4,393,79
CHA,1962,1966,241.5,48.3,455,91
ARI,1998,2002,241.5,48.3,440,88
LAN,1972,1976,241.5,48.3,462,92
PIT,1967,1971,241.3,48.3,435,87
BOS,2005,2009,241.3,48.3,467,93
PHI,1978,1982,241.0,48.2,413,83
FLO,2001,2005,240.8,48.2,412,82
LAN,1983,1987,240.7,48.1,411,82
SLN,1963,1967,240.6,48.1,450,90
CHA,1961,1965,240.4,48.1,458,92
HOU,2019,2023,239.8,48.0,427,85
CHN,1969,1973,239.7,47.9,421,84
NYA,1998,2002,239.6,47.9,497,99
PIT,1971,1975,239.6,47.9,453,91
SLN,2005,2009,239.5,47.9,438,88
SLN,2006,2010,239.2,47.8,424,85
HOU,2004,2008,239.2,47.8,422,84
CIN,1961,1965,238.8,47.8,458,92
PIT,1972,1976,238.6,47.7,448,90
ARI,2014,2018,238.6,47.7,387,77
LAN,1985,1989,238.6,47.7,412,82
LAN,1967,1971,238.5,47.7,410,82
CLE,1996,2000,238.5,47.7,461,92
CLE,2013,2017,238.2,47.6,454,91
MIL,2009,2013,237.8,47.6,410,82
DET,1964,1968,237.5,47.5,456,91
ATL,2020,2024,237.4,47.5,417,83
BOS,2006,2010,237.1,47.4,461,92
HOU,1992,1996,237.0,47.4,390,78
BOS,2000,2004,236.8,47.4,453,91
HOU,1984,1988,236.6,47.3,417,83
SFN,2002,2006,236.3,47.3,437,87
LAN,1970,1974,236.0,47.2,458,92
NYN,1989,1993,235.9,47.2,386,77
NYN,2011,2015,235.8,47.2,394,79
LAN,1993,1997,235.7,47.1,395,79
CHN,2012,2016,235.5,47.1,400,80
HOU,2016,2020,235.5,47.1,424,85
PHI,2002,2006,235.4,47.1,425,85
NYN,2014,2018,234.9,47.0,403,81
LAN,1994,1998,234.8,47.0,397,79
PHI,1979,1983,234.6,46.9,413,83
SFN,1960,1964,234.5,46.9,445,89
LAN,1988,1992,234.3,46.9,413,83
CHA,1963,1967,234.3,46.9,459,92
CLE,1995,1999,234.1,46.8,471,94
MIL,2011,2015,234.1,46.8,403,81
HOU,1983,1987,233.8,46.8,420,84
NYA,2009,2013,233.8,46.8,475,95
LAN,1968,1972,233.4,46.7,422,84
LAN,1991,1995,233.3,46.7,373,75
PHI,1982,1986,233.2,46.6,421,84
MIN,1961,1965,232.8,46.6,433,87
BAL,1965,1969,232.1,46.4,467,93
LAN,1969,1973,231.9,46.4,441,88
HOU,2014,2018,231.8,46.4,444,89
CIN,1971,1975,231.6,46.3,479,96
LAN,1960,1964,231.5,46.3,452,90
LAN,1995,1999,231.5,46.3,416,83
BOS,2015,2019,231.5,46.3,456,91
LAN,2003,2007,231.4,46.3,419,84
FLO,2005,2009,231.3,46.3,403,81
CHN,2004,2008,230.2,46.0,416,83
FLO,2007,2011,230.2,46.0,394,79
MIL,2006,2010,229.9,46.0,405,81
ATL,2004,2008,229.8,46.0,421,84
PIT,1961,1965,229.6,45.9,412,82
PIT,1960,1964,229.5,45.9,417,83
CIN,2009,2013,229.3,45.9,435,87
PIT,1989,1993,229.2,45.8,438,88
PHI,1981,1985,229.2,45.8,394,79
MIL,2017,2021,228.7,45.7,395,79
SFN,1968,1972,228.6,45.7,423,85
SDN,2004,2008,228.4,45.7,409,82
PIT,1973,1977,228.2,45.6,448,90
PIT,1975,1979,227.9,45.6,466,93
NYA,1997,2001,227.7,45.5,490,98
HOU,2021,2025,227.7,45.5,466,93
NYA,1962,1966,227.6,45.5,446,89
CLE,1997,2001,227.3,45.5,453,91
PHI,2001,2005,227.2,45.4,426,85
LAN,1992,1996,226.8,45.4,370,74
CLE,1994,1998,226.6,45.3,440,88
CHA,1960,1964,226.6,45.3,450,90
DET,1967,1971,226.3,45.3,454,91
CIN,1965,1969,226.3,45.3,424,85
PIT,1976,1980,226.2,45.2,457,91
COL,2014,2018,226.1,45.2,387,77
WAS,2009,2013,226.0,45.2,392,78
NYA,1959,1963,225.9,45.2,485,97
MIL,2004,2008,225.8,45.2,396,79
CHN,2007,2011,225.8,45.2,411,82
SLN,2004,2008,225.7,45.1,452,90
NYN,2013,2017,225.5,45.1,400,80
CIN,1970,1974,225.4,45.1,473,95
LAN,1987,1991,225.2,45.0,423,85
LAN,2002,2006,224.9,45.0,429,86
PHI,1973,1977,224.8,45.0,439,88
MON,1986,1990,224.8,45.0,416,83
LAN,1990,1994,224.7,44.9,381,76
MON,1985,1989,224.6,44.9,415,83
CIN,1977,1981,224.6,44.9,425,85
SLN,1999,2003,224.6,44.9,445,89
DET,1966,1970,224.4,44.9,451,90
HOU,1968,1972,224.4,44.9,395,79
COL,2009,2013,224.3,44.9,386,77
CHN,2003,2007,224.2,44.8,407,81
PIT,1974,1978,224.2,44.8,456,91
CIN,2011,2015,223.8,44.8,406,81
MON,1979,1983,223.5,44.7,413,83
SDN,2021,2025,223.5,44.7,433,87
CLE,2016,2020,223.2,44.6,415,83
SFN,1959,1963,223.2,44.6,438,88
MIL,2005,2009,223.1,44.6,409,82
NYN,2018,2022,223.1,44.6,367,73
SLN,2003,2007,223.1,44.6,451,90
SDN,2003,2007,223.0,44.6,410,82
LAN,1989,1993,222.8,44.6,400,80
CHN,2000,2004,222.6,44.5,397,79
HOU,1985,1989,222.6,44.5,423,85
PHI,1962,1966,222.6,44.5,432,86
BOS,1999,2003,222.5,44.5,449,90
SFN,1986,1990,222.4,44.5,433,87
PIT,1990,1994,222.0,44.4,417,83
SLN,1987,1991,221.4,44.3,411,82
CLE,1964,1968,221.4,44.3,408,82
ARI,2008,2012,221.3,44.3,392,78
SFN,2014,2018,221.3,44.3,396,79
BAL,1964,1968,220.7,44.1,455,91
FLO,2004,2008,220.7,44.1,399,80
ARI,2005,2009,220.7,44.1,395,79
SFN,2007,2011,220.4,44.1,409,82
BAL,1970,1974,220.3,44.1,477,95
COL,2008,2012,220.3,44.1,386,77
LAN,1986,1990,220.2,44.0,403,81
NYA,1996,2000,220.1,44.0,487,97
PIT,2010,2014,220.0,44.0,390,78
SLN,1962,1966,220.0,44.0,433,87
NYN,1997,2001,220.0,44.0,449,90
NYA,2015,2019,219.8,44.0,465,93
MON,1987,1991,219.7,43.9,409,82
MON,1992,1996,219.6,43.9,409,82
MIN,1968,1972,219.4,43.9,425,85
HOU,1965,1969,219.3,43.9,359,72
SLN,1989,1993,219.3,43.9,410,82
SLN,1969,1973,219.0,43.8,409,82
NYA,2014,2018,219.0,43.8,446,89
SLN,1985,1989,218.9,43.8,437,87
ATL,2012,2016,218.8,43.8,404,81
ARI,2013,2017,218.0,43.6,386,77
ATL,1966,1970,218.0,43.6,412,82
CIN,1991,1995,218.0,43.6,388,78
OAK,1999,2003,217.8,43.6,479,96
TOR,1989,1993,217.8,43.6,457,91
HOU,1982,1986,217.6,43.5,421,84
HOU,2005,2009,217.5,43.5,404,81
CIN,1990,1994,217.5,43.5,394,79
CHN,2002,2006,217.5,43.5,389,78
FLO,2006,2010,217.4,43.5,400,80
CHN,2005,2009,217.0,43.4,410,82
COL,2005,2009,216.9,43.4,399,80
HOU,1969,1973,216.8,43.4,405,81
PIT,1987,1991,216.6,43.3,432,86
COL,2013,2017,216.6,43.3,370,74
TEX,2008,2012,216.1,43.2,445,89
LAN,1996,2000,216.0,43.2,424,85
MIL,2014,2018,215.8,43.2,405,81
CIN,1988,1992,215.7,43.1,417,83
SLN,1971,1975,215.7,43.1,414,83
TOR,2021,2025,215.6,43.1,440,88
NYA,2021,2025,215.3,43.1,461,92
SLN,2016,2020,215.3,43.1,378,76
ARI,2011,2015,214.8,43.0,399,80
HOU,1967,1971,214.8,43.0,380,76
MON,1988,1992,214.7,42.9,405,81
HOU,1966,1970,214.5,42.9,373,75
MON,1993,1997,214.5,42.9,400,80
SFN,1985,1989,214.4,42.9,410,82
SFN,1987,1991,214.3,42.9,425,85
MIL,2018,2022,214.3,42.9,395,79
NYA,1995,1999,213.8,42.8,479,96
PHI,2011,2015,213.6,42.7,392,78
SLN,1988,1992,213.6,42.7,399,80
OAK,2000,2004,213.5,42.7,483,97
ARI,2000,2004,213.5,42.7,410,82
LAN,1959,1963,213.3,42.7,460,92
CIN,1966,1970,213.0,42.6,437,87
CHN,1965,1969,212.9,42.6,394,79
ARI,2001,2005,212.6,42.5,402,80
COL,2015,2019,212.4,42.5,392,78
NYN,1998,2002,212.4,42.5,436,87
NYN,1996,2000,212.4,42.5,438,88
MON,1980,1984,212.4,42.5,396,79
SLN,1997,2001,212.2,42.4,419,84
SLN,1970,1974,211.9,42.4,408,82
ARI,2016,2020,211.9,42.4,354,71
BOS,2008,2012,211.8,42.4,438,88
PHI,1966,1970,211.8,42.4,381,76
DET,1968,1972,211.8,42.4,449,90
NYA,1958,1962,211.8,42.4,473,95
SLN,1960,1964,211.7,42.3,436,87
NYN,1990,1994,211.6,42.3,354,71
BOS,2009,2013,210.9,42.2,440,88
HOU,2020,2024,210.9,42.2,408,82
ATL,2017,2021,210.8,42.2,382,76
NYA,2010,2014,210.7,42.1,456,91
SLN,1998,2002,210.7,42.1,443,89
CHN,1987,1991,210.7,42.1,400,80
PHI,2020,2024,210.6,42.1,382,76
NYA,2017,2021,210.6,42.1,419,84
MIL,2021,2025,210.5,42.1,463,93
CIN,1992,1996,210.4,42.1,395,79
TBA,2009,2013,210.3,42.1,453,91
MON,1978,1982,209.9,42.0,407,81
NYA,2018,2022,209.9,42.0,427,85
CIN,1967,1971,209.8,42.0,440,88
SLN,1961,1965,209.7,41.9,430,86
CHN,1988,1992,209.7,41.9,402,80
BOS,1985,1989,209.6,41.9,426,85
MON,1989,1993,208.9,41.8,418,84
NYN,2010,2014,208.8,41.8,383,77
TEX,2010,2014,208.6,41.7,437,87
PHI,2018,2022,208.0,41.6,358,72
BOS,1984,1988,208.0,41.6,429,86
BAL,1963,1967,208.0,41.6,450,90
CHN,2006,2010,207.7,41.5,406,81
PHI,1983,1987,207.7,41.5,412,82
PIT,2015,2019,207.5,41.5,402,80
MON,1981,1985,207.2,41.4,390,78
BOS,2014,2018,207.1,41.4,443,89
BOS,2016,2020,206.8,41.4,402,80
BOS,1986,1990,206.6,41.3,433,87
NYA,2011,2015,206.6,41.3,448,90
CHN,1970,1974,206.5,41.3,395,79
CHA,1959,1963,205.6,41.1,446,89
CLE,1993,1997,205.6,41.1,427,85
CHA,1964,1968,205.6,41.1,432,86
OAK,2001,2005,205.5,41.1,480,96
CIN,1968,1972,205.4,41.1,448,90
FLO,2000,2004,205.4,41.1,408,82
SDN,2006,2010,205.4,41.1,405,81
SDN,2020,2024,205.2,41.0,380,76
CIN,1989,1993,204.5,40.9,403,81
SDN,2005,2009,204.3,40.9,397,79
MON,1982,1986,204.1,40.8,408,82
CHN,1986,1990,203.7,40.7,393,79
PIT,1959,1963,203.6,40.7,415,83
ARI,2012,2016,203.5,40.7,374,75
MON,1983,1987,203.4,40.7,413,83
HOU,1970,1974,203.4,40.7,405,81
NYA,1994,1998,203.3,40.7,451,90
SFN,2003,2007,203.3,40.7,413,83
NYA,1963,1967,203.2,40.6,422,84
BOS,2017,2021,203.2,40.6,401,80
CIN,2012,2016,203.0,40.6,395,79
LAN,2000,2004,202.9,40.6,442,88
ARI,2007,2011,202.7,40.5,401,80
ML1,1961,1965,202.7,40.5,427,85
HOU,1980,1984,202.6,40.5,396,79
SDN,1994,1998,202.6,40.5,382,76
ATL,1988,1992,202.5,40.5,374,75
CHN,1984,1988,202.4,40.5,396,79
MON,1990,1994,202.2,40.4,411,82
DET,1961,1965,202.1,40.4,439,88
DET,1963,1967,202.0,40.4,432,86
LAN,1997,2001,201.8,40.4,420,84
SLN,1986,1990,201.7,40.3,406,81
PIT,1979,1983,201.6,40.3,395,79
CIN,1960,1964,201.5,40.3,436,87
TBA,2008,2012,201.5,40.3,458,92
TOR,1988,1992,201.5,40.3,449,90
MON,1984,1988,201.4,40.3,412,82
CIN,1969,1973,201.4,40.3,464,93
SFN,2006,2010,201.2,40.2,399,80
SFN,1996,2000,201.1,40.2,430,86
SFN,1969,1973,201.1,40.2,423,85
BOS,1998,2002,201.1,40.2,446,89
NYN,2004,2008,200.6,40.1,428,86
CHN,1989,1993,200.5,40.1,409,82
COL,2010,2014,200.5,40.1,360,72
TOR,2013,2017,200.4,40.1,415,83
LAA,2011,2015,200.1,40.0,436,87
SLN,1984,1988,200.1,40.0,435,87
HOU,1991,1995,200.1,40.0,373,75
BRO,1951,1955,200.0,40.0,488,98
CIN,1978,1982,199.9,40.0,398,80
DET,2008,2012,199.6,39.9,424,85
MIL,2015,2019,199.5,39.9,412,82
SDN,1995,1999,199.4,39.9,409,82
TBA,2010,2014,199.3,39.9,446,89
TOR,2012,2016,199.2,39.8,412,82
SLN,1983,1987,199.1,39.8,438,88
ARI,2006,2010,199.0,39.8,383,77
OAK,1998,2002,198.9,39.8,457,91
SLN,1996,2000,198.9,39.8,414,83
TOR,1986,1990,198.9,39.8,444,89
BOS,2013,2017,198.8,39.8,432,86
SLN,1972,1976,198.7,39.7,396,79
ARI,2002,2006,198.6,39.7,386,77
DET,2013,2017,198.6,39.7,407,81
LAA,2005,2009,198.4,39.7,475,95
LAA,2010,2014,198.4,39.7,431,86
LAA,2008,2012,198.3,39.7,452,90
ARI,2009,2013,198.2,39.6,391,78
CIN,1987,1991,198.1,39.6,411,82
SLN,2018,2022,198.0,39.6,392,78
CHN,1985,1989,197.9,39.6,393,79
TEX,2011,2015,197.9,39.6,435,87
NYN,2021,2025,197.9,39.6,425,85
CHN,2008,2012,197.6,39.5,387,77
CLE,1963,1967,197.6,39.5,401,80
NYN,2016,2020,197.5,39.5,346,69
SFN,1984,1988,197.4,39.5,384,77
MON,1977,1981,197.4,39.5,396,79
COL,2016,2020,197.1,39.4,350,70
SEA,1999,2003,196.9,39.4,472,94
BAL,1962,1966,196.8,39.4,451,90
HOU,1977,1981,196.8,39.4,398,80
CHA,2008,2012,196.7,39.3,420,84
NYN,2005,2009,196.7,39.3,427,85
SDN,1988,1992,196.7,39.3,413,83
CLE,2004,2008,196.3,39.3,428,86
CLE,1965,1969,196.3,39.3,391,78
MIL,2013,2017,196.0,39.2,383,77
TOR,1990,1994,195.9,39.2,423,85
LAA,2009,2013,195.9,39.2,430,86
ATL,1967,1971,195.9,39.2,409,82
TEX,1995,1999,195.8,39.2,424,85
CLE,1951,1955,195.7,39.1,482,96
NYN,1982,1986,195.7,39.1,429,86
HOU,1986,1990,195.3,39.1,415,83
NYA,1957,1961,195.2,39.0,475,95
SFN,2021,2025,195.1,39.0,428,86
COL,1994,1998,195.1,39.0,373,75
SFN,1958,1962,195.1,39.0,430,86
LAA,2007,2011,195.0,39.0,457,91
PIT,1958,1962,194.9,39.0,425,85
LAN,2001,2005,194.7,38.9,427,85
NYN,2019,2023,194.7,38.9,365,73
ARI,2010,2014,194.6,38.9,385,77
CIN,1986,1990,194.6,38.9,423,85
MON,1994,1998,194.6,38.9,371,74
TOR,1983,1987,194.4,38.9,459,92
PIT,1982,1986,194.3,38.9,364,73
BOS,1965,1969,194.3,38.9,399,80
CLE,2012,2016,194.2,38.8,420,84
BRO,1950,1954,194.2,38.8,479,96
LAN,1998,2002,194.0,38.8,424,85
TOR,1987,1991,194.0,38.8,449,90
CHN,1964,1968,194.0,38.8,378,76
CLE,1952,1956,193.9,38.8,477,95
SFN,1974,1978,193.8,38.8,390,78
ATL,2013,2017,193.8,38.8,382,76
SLN,1981,1985,193.6,38.7,415,83
CIN,2008,2012,193.4,38.7,419,84
MIN,2006,2010,193.3,38.7,444,89
TOR,1985,1989,193.2,38.6,457,91
HOU,1964,1968,193.1,38.6,344,69
SLN,1973,1977,193.0,38.6,404,81
MIN,1969,1973,192.9,38.6,427,85
BOS,1967,1971,192.8,38.6,437,87
BOS,1966,1970,192.8,38.6,424,85
CLE,1950,1954,192.8,38.6,481,96
BOS,2018,2022,192.7,38.5,386,77
SLN,2017,2021,192.6,38.5,382,76
MON,1991,1995,192.6,38.5,392,78
COL,2017,2021,192.6,38.5,349,70
PIT,1978,1982,192.4,38.5,399,80
HOU,1979,1983,192.3,38.5,405,81
PHI,2019,2023,192.3,38.5,368,74
LAA,2006,2010,192.1,38.4,460,92
CLE,1998,2002,192.1,38.4,441,88
BRO,1952,1956,192.0,38.4,484,97
PHI,2000,2004,191.8,38.4,403,81
CHA,2006,2010,191.7,38.3,418,84
HOU,1981,1985,191.7,38.3,386,77
OAK,2002,2006,191.4,38.3,471,94
SLN,1982,1986,191.4,38.3,435,87
PIT,1977,1981,191.2,38.2,411,82
CHN,1999,2003,191.2,38.2,375,75
BOS,1987,1991,191.0,38.2,422,84
ARI,2004,2008,190.9,38.2,376,75
BOS,1983,1987,190.9,38.2,418,84
SEA,1997,2001,190.9,38.2,452,90
BOS,1964,1968,190.8,38.2,384,77
BAL,1994,1998,190.7,38.1,399,80
DET,1962,1966,190.7,38.1,426,85
SLN,1959,1963,190.5,38.1,414,83
MIL,2016,2020,190.5,38.1,373,75
BAL,1971,1975,190.1,38.0,459,92
SEA,2021,2025,190.1,38.0,443,89
NYA,1993,1997,189.9,38.0,425,85
CHN,2011,2015,189.9,38.0,368,74
WAS,2017,2021,189.8,38.0,363,73
LAN,1999,2003,189.7,37.9,426,85
NYA,2016,2020,189.7,37.9,411,82
ML1,1960,1964,189.6,37.9,429,86
COL,2012,2016,189.5,37.9,347,69
HOU,1976,1980,189.5,37.9,417,83
BOS,1963,1967,189.3,37.9,374,75
SLN,1990,1994,189.2,37.8,377,75
SDN,2019,2023,189.2,37.8,357,71
CLE,2017,2021,189.1,37.8,401,80
PIT,1991,1995,189.1,37.8,380,76
BRO,1953,1957,189.1,37.8,472,94
COL,1995,1999,189.0,37.8,392,78
BOS,1982,1986,188.9,37.8,429,86
DET,1960,1964,188.9,37.8,421,84
MIL,2003,2007,188.9,37.8,374,75
TOR,1984,1988,188.8,37.8,457,91
PIT,1980,1984,188.6,37.7,372,74
NYN,2006,2010,188.6,37.7,423,85
BOS,1976,1980,188.6,37.7,453,91
OAK,1968,1972,188.4,37.7,453,91
NYA,1950,1954,188.2,37.6,493,99
SEA,1998,2002,188.2,37.6,455,91
MIL,2012,2016,188.1,37.6,380,76
NYN,1973,1977,188.0,37.6,385,77
TBA,2007,2011,187.7,37.5,434,87
SDN,1996,2000,187.5,37.5,415,83
NYN,1972,1976,187.5,37.5,404,81
CHN,1983,1987,187.5,37.5,390,78
HOU,1971,1975,187.1,37.4,390,78
HOU,2006,2010,187.1,37.4,391,78
NYN,2007,2011,187.0,37.4,403,81
BAL,1995,1999,186.8,37.4,414,83
OAK,1971,1975,186.6,37.3,476,95
SLN,1979,1983,186.4,37.3,390,78
ARI,2017,2021,186.2,37.2,337,67
ATL,2014,2018,185.9,37.2,376,75
TEX,1996,2000,185.9,37.2,421,84
SFN,1975,1979,185.7,37.1,389,78
TOR,2020,2024,185.7,37.1,378,76
DET,1958,1962,185.7,37.1,410,82
PIT,1986,1990,185.2,37.0,398,80
NYN,1968,1972,185.2,37.0,422,84
TOR,2014,2018,185.1,37.0,414,83
SFN,1973,1977,184.9,37.0,389,78
NYA,1964,1968,184.8,37.0,401,80
OAK,1987,1991,184.6,36.9,471,94
TOR,2006,2010,184.6,36.9,416,83
NYN,2017,2021,184.5,36.9,336,67
NYN,1995,1999,184.3,36.9,413,83
CHN,1998,2002,184.2,36.8,377,75
CHA,2005,2009,184.1,36.8,429,86
SFN,2015,2019,183.6,36.7,385,77
DET,2007,2011,183.6,36.7,424,85
TBA,2011,2015,183.6,36.7,430,86
CHN,1975,1979,183.4,36.7,390,78
BOS,1997,2001,183.2,36.6,431,86
PHI,1961,1965,183.0,36.6,392,78
MIL,2019,2023,183.0,36.6,391,78
DET,1959,1963,182.9,36.6,412,82
BOS,1975,1979,182.9,36.6,465,93
OAK,2011,2015,182.8,36.6,420,84
SEA,2000,2004,182.8,36.6,456,91
NYN,1970,1974,182.8,36.6,402,80
CHN,1963,1967,182.7,36.5,376,75
PHI,1972,1976,182.6,36.5,397,79
SEA,1996,2000,182.5,36.5,421,84
CHN,1982,1986,182.2,36.4,387,77
SFN,1970,1974,182.2,36.4,405,81
DET,1983,1987,181.9,36.4,465,93
SFN,1971,1975,181.6,36.3,399,80
MIA,2012,2016,181.6,36.3,358,72
HOU,1978,1982,181.1,36.2,394,79
NYN,1971,1975,181.0,36.2,401,80
BOS,1968,1972,181.0,36.2,430,86
CHN,2017,2021,181.0,36.2,376,75
BOS,2010,2014,181.0,36.2,416,83
NYN,2008,2012,180.9,36.2,389,78
CIN,1994,1998,180.9,36.2,385,77
SFN,2004,2008,180.7,36.1,385,77
CLE,1992,1996,180.5,36.1,417,83
ATL,2016,2020,180.4,36.1,362,72
BOS,1977,1981,180.3,36.1,429,86
MIL,2020,2024,180.2,36.0,395,79
SEA,1995,1999,180.1,36.0,409,82
ML1,1959,1963,180.1,36.0,427,85
CIN,1959,1963,180.1,36.0,418,84
NYN,1969,1973,180.0,36.0,431,86
SFN,1989,1993,179.9,36.0,427,85
COL,1996,2000,179.9,36.0,397,79
ATL,1968,1972,179.9,36.0,402,80
TBA,2019,2023,179.7,35.9,421,84
OAK,2010,2014,179.6,35.9,433,87
SFN,2005,2009,179.4,35.9,382,76
CHA,1965,1969,179.3,35.9,402,80
LAA,2012,2016,179.3,35.9,424,85
CHA,2004,2008,179.2,35.8,433,87
PHI,2017,2021,179.2,35.8,337,67
BAL,1961,1965,179.0,35.8,449,90
CIN,1993,1997,179.0,35.8,381,76
TEX,2012,2016,179.0,35.8,434,87
NYN,1999,2003,178.9,35.8,414,83
SFN,1983,1987,178.8,35.8,380,76
PHI,1967,1971,178.8,35.8,361,72
ML1,1958,1962,178.8,35.8,435,87
CHA,2002,2006,178.5,35.7,439,88
SFN,2020,2024,178.4,35.7,376,75
CHA,2007,2011,178.4,35.7,407,81
ML4,1978,1982,178.4,35.7,431,86
OAK,1986,1990,178.3,35.7,463,93
CHN,1971,1975,178.2,35.6,386,77
HOU,1963,1967,178.1,35.6,338,68
CIN,1985,1989,178.1,35.6,421,84
NYA,1976,1980,178.1,35.6,489,98
TOR,2019,2023,178.0,35.6,371,74
BOS,1995,1999,177.9,35.6,435,87
SLN,1980,1984,177.7,35.5,388,78
KCA,2013,2017,177.7,35.5,431,86
NYN,1974,1978,177.6,35.5,369,74
PHI,1999,2003,177.4,35.5,394,79
OAK,1970,1974,177.3,35.5,467,93
MON,1976,1980,177.3,35.5,391,78
CIN,1995,1999,177.1,35.4,415,83
CHN,1976,1980,177.1,35.4,379,76
ATL,2015,2019,176.8,35.4,394,79
OAK,1988,1992,176.7,35.3,486,97
MIA,2013,2017,176.7,35.3,366,73
NYA,2013,2017,176.6,35.3,431,86
TOR,2005,2009,176.6,35.3,411,82
SLN,1978,1982,176.6,35.3,380,76
CIN,2006,2010,176.4,35.3,395,79
SLN,1975,1979,176.4,35.3,392,78
SDN,2002,2006,176.4,35.3,387,77
CHN,1973,1977,176.3,35.3,374,75
BOS,2021,2025,176.3,35.3,418,84
TOR,2011,2015,176.2,35.2,404,81
SDN,1987,1991,176.1,35.2,396,79
SEA,2014,2018,176.0,35.2,416,83
PIT,1957,1961,175.9,35.2,394,79
BAL,2012,2016,175.9,35.2,444,89
PIT,2009,2013,175.9,35.2,364,73
SEA,1994,1998,175.5,35.1,379,76
ARI,2003,2007,175.5,35.1,378,76
DET,1984,1988,175.4,35.1,461,92
CHA,1958,1962,175.3,35.1,434,87
BAL,2013,2017,175.0,35.0,426,85
SFN,1988,1992,175.0,35.0,407,81
CLE,1953,1957,174.8,35.0,460,92
OAK,2012,2016,174.7,34.9,415,83
HOU,1972,1976,174.5,34.9,391,78
TEX,1994,1998,174.5,34.9,381,76
OAK,2003,2007,174.5,34.9,444,89
NYA,1951,1955,174.4,34.9,491,98
SEA,1993,1997,174.2,34.8,385,77
KCA,2011,2015,174.2,34.8,413,83
OAK,1969,1973,173.9,34.8,465,93
NYN,2009,2013,173.7,34.7,374,75
HOU,2013,2017,173.6,34.7,392,78
NYA,2012,2016,173.6,34.7,435,87
PHI,1950,1954,173.5,34.7,409,82
CHN,1990,1994,173.5,34.7,365,73
SDN,2010,2014,173.5,34.7,390,78
MON,1995,1999,173.4,34.7,365,73
BAL,1960,1964,173.4,34.7,444,89
ML1,1956,1960,173.4,34.7,453,91
CHA,1953,1957,173.4,34.7,449,90
SDN,2007,2011,173.3,34.7,388,78
CHN,1972,1976,173.3,34.7,378,76
CLE,2003,2007,173.3,34.7,415,83
CIN,1979,1983,173.0,34.6,380,76
CHA,1952,1956,173.0,34.6,440,88
TEX,2007,2011,173.0,34.6,427,85
CIN,1984,1988,172.8,34.6,416,83
CLE,2011,2015,172.7,34.5,406,81
CLE,1962,1966,172.7,34.5,406,81
SFN,2018,2022,172.6,34.5,367,73
SLN,2021,2025,172.5,34.5,415,83
NYA,2020,2024,172.5,34.5,400,80
DET,2006,2010,172.5,34.5,424,85
PIT,1981,1985,172.5,34.5,346,69
SFN,2019,2023,172.5,34.5,373,75
CHA,2003,2007,172.2,34.4,430,86
MIN,2005,2009,172.0,34.4,433,87
PIT,1983,1987,172.0,34.4,360,72
PHI,1984,1988,171.9,34.4,387,77
NYA,1983,1987,171.7,34.3,454,91
NYN,1967,1971,171.7,34.3,400,80
DET,1957,1961,171.6,34.3,403,81
ML1,1957,1961,171.5,34.3,444,89
SFN,1972,1976,171.5,34.3,383,77
BOS,1996,2000,171.5,34.3,434,87
SLN,1976,1980,171.5,34.3,384,77
CLE,2005,2009,171.4,34.3,413,83
HOU,1962,1966,171.3,34.3,333,67
TOR,2007,2011,171.3,34.3,410,82
BOS,1988,1992,171.2,34.2,417,83
DET,1969,1973,171.2,34.2,431,86
OAK,1972,1976,170.9,34.2,462,92
BOS,1962,1966,170.7,34.1,358,72
SLN,1974,1978,170.4,34.1,392,78
NYA,2019,2023,170.4,34.1,409,82
LAN,1958,1962,170.3,34.1,432,86
BAL,1993,1997,170.1,34.0,405,81
SFN,1976,1980,169.8,34.0,384,77
KCA,1985,1989,169.8,34.0,426,85
NYA,1956,1960,169.7,33.9,463,93
BOS,2012,2016,169.6,33.9,408,82
PIT,1984,1988,169.4,33.9,361,72
CLE,2018,2022,169.3,33.9,391,78
SLN,2019,2023,169.2,33.8,375,75
CIN,2007,2011,169.0,33.8,394,79
BOS,2011,2015,169.0,33.8,405,81
SDN,2011,2015,168.8,33.8,374,75
CHN,1991,1995,168.6,33.7,361,72
FLO,1999,2003,168.5,33.7,389,78
KCA,1976,1980,168.4,33.7,466,93
COL,2004,2008,168.3,33.7,375,75
CHN,1997,2001,168.3,33.7,378,76
CHA,1951,1955,168.2,33.6,436,87
HOU,1973,1977,168.0,33.6,388,78
TOR,1991,1995,168.0,33.6,393,79
COL,1993,1997,167.9,33.6,363,73
NYN,2020,2024,167.9,33.6,368,74
PHI,1951,1955,167.9,33.6,395,79
NYA,1952,1956,167.6,33.5,490,98
ML4,1979,1983,167.4,33.5,425,85
COL,2011,2015,167.3,33.5,345,69
NYA,1977,1981,167.2,33.4,451,90
BOS,1978,1982,167.2,33.4,421,84
NYN,2003,2007,167.2,33.4,405,81
CHA,1954,1958,167.1,33.4,442,88
NYA,1984,1988,167.0,33.4,448,90
KCA,2012,2016,167.0,33.4,423,85
CHN,1974,1978,166.8,33.4,376,75
TBA,2012,2016,166.8,33.4,407,81
NYA,1992,1996,166.7,33.3,405,81
COL,1997,2001,166.7,33.3,387,77
CLE,1966,1970,166.5,33.3,380,76
ATL,1969,1973,166.5,33.3,397,79
MIA,2014,2018,166.4,33.3,367,73
SDN,2018,2022,166.4,33.3,341,68
SDN,1989,1993,166.2,33.2,391,78
NYA,1982,1986,166.0,33.2,444,89
KCA,1974,1978,165.8,33.2,452,90
CIN,2017,2021,165.7,33.1,324,65
KCA,1975,1979,165.6,33.1,460,92
KCA,1987,1991,165.6,33.1,416,83
MIN,2002,2006,165.5,33.1,455,91
NYA,1954,1958,165.4,33.1,486,97
ML1,1955,1959,165.3,33.1,450,90
SFN,1995,1999,165.3,33.1,400,80
BOS,1969,1973,165.3,33.1,433,87
BOS,1981,1985,165.2,33.0,393,79
TOR,1982,1986,165.1,33.0,441,88
NYA,1953,1957,165.1,33.0,493,99
BAL,1992,1996,164.9,33.0,396,79
SLN,1977,1981,164.8,33.0,371,74
NYA,1968,1972,164.7,32.9,417,83
CHA,2009,2013,164.7,32.9,394,79
CIN,2013,2017,164.6,32.9,366,73
SDN,1992,1996,164.5,32.9,351,70
PHI,1989,1993,164.5,32.9,389,78
ATL,1970,1974,164.4,32.9,392,78
WAS,2008,2012,164.4,32.9,365,73
ML1,1953,1957,164.0,32.8,453,91
ATL,1987,1991,163.7,32.7,345,69
BAL,1972,1976,163.7,32.7,446,89
TBA,2021,2025,163.6,32.7,442,88
SLN,1993,1997,163.6,32.7,363,73
SDN,1986,1990,163.4,32.7,386,77
CHA,1957,1961,163.2,32.6,439,88
PHI,1952,1956,163.0,32.6,393,79
BOS,1974,1978,162.9,32.6,458,92
OAK,1997,2001,162.5,32.5,419,84
SEA,2013,2017,162.5,32.5,398,80
CIN,1955,1959,162.5,32.5,396,79
HOU,1990,1994,162.4,32.5,372,74
SLN,1995,1999,162.3,32.5,381,76
TBA,2017,2021,162.1,32.4,406,81
NYN,1975,1979,162.0,32.4,361,72
TBA,2018,2022,161.9,32.4,412,82
KCA,1986,1990,161.8,32.4,410,82
OAK,2017,2021,161.7,32.3,391,78
SFN,1993,1997,161.7,32.3,383,77
CHA,2010,2014,161.6,32.3,388,78
ML1,1954,1958,161.3,32.3,453,91
MON,1996,2000,160.8,32.2,366,73
BAL,1996,2000,160.7,32.1,417,83
LAA,2013,2017,160.7,32.1,415,83
COL,2018,2022,160.2,32.0,330,66
SFN,1977,1981,160.2,32.0,366,73
PHI,1998,2002,160.1,32.0,383,77
NYA,1985,1989,160.1,32.0,435,87
KCA,1973,1977,160.0,32.0,448,90
CLE,1999,2003,159.9,32.0,420,84
NYA,1955,1959,159.8,32.0,462,92
CIN,1958,1962,159.7,31.9,408,82
CIN,1956,1960,159.7,31.9,388,78
CHN,2009,2013,159.6,31.9,356,71
CHA,1956,1960,159.5,31.9,438,88
TEX,1997,2001,159.4,31.9,404,81
CIN,1983,1987,159.3,31.9,403,81
PHI,1990,1994,159.2,31.8,376,75
HOU,1974,1978,159.2,31.8,380,76
CHN,1981,1985,159.2,31.8,355,71
MIN,1970,1974,159.1,31.8,412,82
NYN,1994,1998,158.9,31.8,371,74
SFN,1978,1982,158.8,31.8,378,76
CHA,2000,2004,158.6,31.7,428,86
MIN,1988,1992,158.5,31.7,430,86
OAK,2013,2017,158.5,31.7,396,79
DET,2005,2009,158.3,31.7,414,83
SFN,1990,1994,158.3,31.7,390,78
SDN,1985,1989,158.1,31.6,394,79
CHA,1992,1996,158.0,31.6,400,80
NYA,1975,1979,157.9,31.6,469,94
MIN,2007,2011,157.9,31.6,411,82
SDN,1990,1994,157.8,31.6,349,70
BOS,1961,1965,157.7,31.5,362,72
PHI,2014,2018,157.6,31.5,353,71
NYN,1991,1995,157.5,31.5,332,66
MIN,2004,2008,157.5,31.5,438,88
KCA,1972,1976,157.4,31.5,422,84
SFN,1982,1986,157.3,31.5,377,75
CHA,1955,1959,157.3,31.5,442,88
SLN,1991,1995,157.1,31.4,369,74
HOU,1989,1993,156.9,31.4,392,78
CHA,2001,2005,156.8,31.4,432,86
KCA,1971,1975,156.8,31.4,417,83
TOR,2003,2007,156.8,31.4,403,81
TBA,2006,2010,156.7,31.3,404,81
NYA,1967,1971,156.7,31.3,410,82
NYA,1980,1984,156.7,31.3,419,84
BOS,2019,2023,156.7,31.3,356,71
HOU,1975,1979,156.6,31.3,388,78
TOR,2010,2014,156.6,31.3,396,79
MIN,2003,2007,156.6,31.3,440,88
BOS,1994,1998,156.5,31.3,395,79
BOS,1989,1993,156.3,31.3,408,82
TOR,2008,2012,156.2,31.2,400,80
SFN,2017,2021,156.1,31.2,350,70
DET,2004,2008,156.1,31.2,400,80
ATL,1979,1983,156.0,31.2,374,75
SLN,2020,2024,156.0,31.2,367,73
MIN,2019,2023,155.9,31.2,375,75
CHN,1962,1966,155.5,31.1,348,70
CHN,1995,1999,155.4,31.1,374,75
CIN,2005,2009,155.3,31.1,377,75
SLN,1994,1998,155.2,31.0,359,72
SDN,2012,2016,155.2,31.0,371,74
BOS,1979,1983,155.1,31.0,400,80
NYA,1974,1978,155.1,31.0,469,94
SDN,1997,2001,154.9,31.0,403,81
CHN,1992,1996,154.9,31.0,360,72
CHA,1968,1972,154.6,30.9,357,71
KCA,1977,1981,154.6,30.9,426,85
SFN,1994,1998,154.6,30.9,369,74
BOS,1980,1984,154.5,30.9,395,79
MIN,2008,2012,154.3,30.9,398,80
NYA,1965,1969,154.3,30.9,382,76
CLE,1954,1958,154.2,30.8,445,89
TBA,2013,2017,154.2,30.8,397,79
SDN,2009,2013,154.1,30.8,388,78
TOR,1999,2003,153.8,30.8,411,82
PHI,1991,1995,153.8,30.8,368,74
CHA,1967,1971,153.6,30.7,359,72
NYA,1969,1973,153.6,30.7,414,83
OAK,2014,2018,153.5,30.7,397,79
CHA,1971,1975,153.5,30.7,398,80
DET,1982,1986,153.4,30.7,450,90
PHI,2012,2016,153.4,30.7,361,72
HOU,2007,2011,153.3,30.7,365,73
NYA,1970,1974,153.3,30.7,423,85
SEA,2001,2005,153.1,30.6,434,87
LAA,2014,2018,153.1,30.6,417,83
CIN,1982,1986,153.1,30.6,380,76
NYA,1966,1970,153.1,30.6,398,80
NYA,1981,1985,153.0,30.6,413,83
CHN,1994,1998,153.0,30.6,356,71
SDN,1993,1997,153.0,30.6,345,69
MIN,1987,1991,152.9,30.6,425,85
BAL,1959,1963,152.8,30.6,421,84
CLE,1961,1965,152.8,30.6,403,81
TOR,2004,2008,152.8,30.6,403,81
PIT,1985,1989,152.7,30.5,360,72
TEX,1976,1980,152.7,30.5,416,83
TOR,1992,1996,152.7,30.5,376,75
SLN,1958,1962,152.6,30.5,393,79
CHN,1961,1965,152.5,30.5,353,71
ATL,1972,1976,152.4,30.5,371,74
MIN,2001,2005,152.4,30.5,444,89
ATL,1971,1975,152.3,30.5,383,77
NYA,1979,1983,152.1,30.4,421,84
CIN,1980,1984,152.0,30.4,360,72
CHN,1977,1981,152.0,30.4,342,68
CHA,1990,1994,151.8,30.4,428,86
CIN,2004,2008,151.4,30.3,375,75
BAL,2011,2015,151.4,30.3,424,85
KCA,1988,1992,151.4,30.3,405,81
MIL,2002,2006,151.4,30.3,347,69
SLN,1992,1996,151.3,30.3,373,75
PIT,1956,1960,151.1,30.2,385,77
BOS,1955,1959,151.0,30.2,404,81
PIT,1996,2000,151.0,30.2,368,74
NYN,2002,2006,150.9,30.2,392,78
CIN,1957,1961,150.9,30.2,390,78
PHI,1953,1957,150.9,30.2,383,77
CHN,1980,1984,150.9,30.2,342,68
TEX,1998,2002,150.9,30.2,399,80
TEX,2006,2010,150.6,30.1,411,82
CLE,2000,2004,150.5,30.1,403,81
CHA,1993,1997,150.5,30.1,394,79
MON,1975,1979,150.4,30.1,376,75
ATL,1980,1984,150.4,30.1,388,78
PIT,1995,1999,150.3,30.1,357,71
COL,2003,2007,150.2,30.0,375,75
PHI,2016,2020,150.2,30.0,326,65
HOU,1987,1991,149.9,30.0,384,77
TBA,2020,2024,149.9,30.0,405,81
SEA,2015,2019,149.9,30.0,397,79
PHI,1985,1989,149.6,29.9,373,75
TEX,1989,1993,149.6,29.9,414,83
DET,1956,1960,149.5,29.9,384,77
NYA,1991,1995,149.5,29.9,384,77
NYN,2000,2004,149.4,29.9,388,78
BOS,1954,1958,149.4,29.9,398,80
PHI,1960,1964,149.3,29.9,366,73
SLN,1950,1954,149.3,29.9,402,80
CHA,1999,2003,149.1,29.8,420,84
CHN,2021,2025,148.9,29.8,403,81
BOS,1970,1974,148.8,29.8,430,86
SDN,1984,1988,148.7,29.7,397,79
NY1,1950,1954,148.6,29.7,443,89
CHN,2010,2014,148.6,29.7,346,69
CIN,1954,1958,148.6,29.7,396,79
TEX,1974,1978,148.4,29.7,420,84
KCA,2014,2018,148.4,29.7,403,81
MIN,1985,1989,148.4,29.7,404,81
NYA,1978,1982,148.3,29.7,430,86
CHA,1970,1974,148.3,29.7,379,76
BAL,1973,1977,148.3,29.7,463,93
PHI,1992,1996,148.3,29.7,357,71
MON,1999,2003,148.2,29.6,369,74
ATL,1982,1986,148.2,29.6,395,79
TEX,2005,2009,148.2,29.6,400,80
MIN,2015,2019,148.1,29.6,406,81
NYA,1973,1977,148.0,29.6,449,90
BOS,2020,2024,147.9,29.6,353,71
TOR,2009,2013,147.8,29.6,388,78
ANA,2000,2004,147.7,29.5,425,85
OAK,2009,2013,147.6,29.5,420,84
CLE,2001,2005,147.6,29.5,406,81
DET,1955,1959,147.4,29.5,392,78
BAL,1976,1980,147.2,29.4,477,95
KCA,1984,1988,147.2,29.4,418,84
TOR,2015,2019,147.1,29.4,398,80
BAL,1979,1983,146.8,29.4,453,91
CHA,1969,1973,146.8,29.4,367,73
NYN,1993,1997,146.6,29.3,342,68
SEA,2020,2024,146.6,29.3,380,76
BAL,1958,1962,146.2,29.2,409,82
BOS,1973,1977,146.2,29.2,448,90
TOR,1998,2002,146.1,29.2,413,83
CIN,1996,2000,146.1,29.2,415,83
SEA,1992,1996,146.0,29.2,359,72
TEX,1975,1979,146.0,29.2,419,84
BAL,1957,1961,145.8,29.2,408,82
TEX,1977,1981,145.8,29.2,397,79
CHA,1966,1970,145.7,29.1,363,73
PHI,1954,1958,145.7,29.1,369,74
NYN,2001,2005,145.5,29.1,377,75
CHA,2011,2015,145.5,29.1,376,75
BOS,1993,1997,145.3,29.1,383,77
PHI,2015,2019,145.3,29.1,361,72
OAK,1985,1989,145.1,29.0,437,87
FLO,1993,1997,145.0,29.0,354,71
TBA,2015,2019,145.0,29.0,414,83
SDN,2001,2005,144.8,29.0,378,76
PIT,2003,2007,144.7,28.9,349,70
MIN,1986,1990,144.6,28.9,401,80
CIN,1981,1985,144.4,28.9,360,72
TOR,2018,2022,144.4,28.9,355,71
TEX,1992,1996,144.2,28.8,379,76
CHA,1991,1995,144.2,28.8,402,80
KCA,2010,2014,144.1,28.8,385,77
SDN,1991,1995,144.0,28.8,344,69
SFN,1980,1984,144.0,28.8,363,73
NYN,1966,1970,143.8,28.8,383,77
SFN,1991,1995,143.3,28.7,372,74
TOR,2002,2006,143.3,28.7,398,80
PIT,1992,1996,143.3,28.7,355,71
TEX,2013,2017,143.1,28.6,419,84
SDN,1976,1980,143.0,28.6,367,73
TOR,1997,2001,142.8,28.6,411,82
NYA,1971,1975,142.7,28.5,413,83
TEX,2002,2006,142.5,28.5,391,78
CIN,2015,2019,142.4,28.5,342,68
BAL,1991,1995,142.4,28.5,375,75
TEX,1988,1992,142.3,28.5,398,80
CHN,1996,2000,142.2,28.4,366,73
BOS,1953,1957,142.1,28.4,403,81
KCA,1989,1993,142.1,28.4,405,81
SDN,1998,2002,142.0,28.4,393,79
TEX,1993,1997,141.6,28.3,379,76
BAL,1975,1979,141.6,28.3,467,93
PIT,1997,2001,141.4,28.3,357,71
BOS,1956,1960,141.2,28.2,385,77
BOS,1971,1975,141.1,28.2,438,88
ML4,1980,1984,141.0,28.2,397,79
CHA,1981,1985,140.9,28.2,399,80
CLE,2010,2014,140.9,28.2,394,79
SFN,1981,1985,140.8,28.2,350,70
TEX,2004,2008,140.6,28.1,402,80
MIN,2009,2013,140.5,28.1,376,75
BOS,1960,1964,140.5,28.1,365,73
CHA,1996,2000,140.4,28.1,415,83
MIN,2000,2004,140.3,28.1,430,86
PHI,1993,1997,140.3,28.1,355,71
CHN,2018,2022,140.1,28.0,358,72
SLN,1957,1961,139.9,28.0,396,79
CHN,1993,1997,139.7,27.9,350,70
SDN,2008,2012,139.7,27.9,375,75
ML4,1987,1991,139.6,27.9,416,83
CHA,1950,1954,139.6,27.9,405,81
CHN,1960,1964,139.5,27.9,341,68
HOU,1988,1992,139.4,27.9,389,78
ML4,1977,1981,139.4,27.9,403,81
SEA,2012,2016,139.2,27.8,395,79
SDN,1977,1981,139.0,27.8,335,67
CHA,1994,1998,139.0,27.8,380,76
SFN,2016,2020,138.9,27.8,330,66
OAK,2015,2019,138.9,27.8,406,81
BAL,1978,1982,138.8,27.8,445,89
CIN,2014,2018,138.8,27.8,343,69
BAL,1974,1978,138.8,27.8,456,91
ATL,1973,1977,138.8,27.8,362,72
BOS,1972,1976,138.7,27.7,436,87
COL,1998,2002,138.4,27.7,377,75
CLE,2019,2023,138.4,27.7,376,75
NYA,1972,1976,138.3,27.7,428,86
KCA,1978,1982,138.0,27.6,414,83
NYN,1976,1980,138.0,27.6,346,69
TEX,1990,1994,138.0,27.6,383,77
SLN,1953,1957,137.9,27.6,386,77
MIN,2020,2024,137.8,27.6,356,71
SDN,1978,1982,137.7,27.5,347,69
SDN,2013,2017,137.7,27.5,366,73
OAK,2004,2008,137.6,27.5,423,85
KCA,1970,1974,137.6,27.5,391,78
MIN,1989,1993,137.5,27.5,410,82
MON,1974,1978,137.3,27.5,360,72
TOR,1996,2000,137.2,27.4,405,81
ATL,1986,1990,137.2,27.4,323,65
BAL,1977,1981,137.2,27.4,448,90
CHN,1979,1983,137.0,27.4,326,65
TBA,2014,2018,137.0,27.4,395,79
NYN,1992,1996,136.7,27.3,326,65
MIN,2016,2020,136.6,27.3,359,72
DET,1981,1985,136.6,27.3,423,85
TEX,2003,2007,136.5,27.3,394,79
ATL,1983,1987,136.3,27.3,375,75
CAL,1982,1986,136.0,27.2,426,85
SFN,1979,1983,135.9,27.2,368,74
OAK,1989,1993,135.9,27.2,450,90
PIT,1994,1998,135.9,27.2,332,66
PHI,1986,1990,135.8,27.2,375,75
BOS,1959,1963,135.8,27.2,368,74
SLN,1956,1960,135.7,27.1,392,78
MON,2000,2004,135.6,27.1,368,74
NY1,1951,1955,135.6,27.1,437,87
BOS,1990,1994,135.5,27.1,379,76
CIN,1953,1957,135.4,27.1,388,78
SLN,1951,1955,135.3,27.1,392,78
PIT,1993,1997,135.3,27.1,338,68
CLE,2002,2006,135.1,27.0,393,79
ATL,1981,1985,135.0,27.0,373,75
PHI,1997,2001,134.9,27.0,371,74
BOS,1991,1995,134.8,27.0,377,75
BAL,1980,1984,134.5,26.9,436,87
PIT,2004,2008,134.5,26.9,341,68
DET,2014,2018,134.4,26.9,378,76
SLN,1952,1956,134.3,26.9,387,77
PHI,1968,1972,134.3,26.9,338,68
PHI,1971,1975,134.0,26.8,363,73
MIN,2021,2025,133.7,26.7,390,78
CLE,2021,2025,133.6,26.7,428,86
DET,1954,1958,133.6,26.7,384,77
ML4,1988,1992,133.6,26.7,417,83
MIN,2017,2021,133.4,26.7,373,75
OAK,1973,1977,133.4,26.7,432,86
SEA,2002,2006,133.4,26.7,396,79
OAK,1996,2000,133.3,26.7,395,79
SDN,1975,1979,133.3,26.7,365,73
DET,1985,1989,132.9,26.6,416,83
ATL,1978,1982,132.9,26.6,355,71
NYN,1981,1985,132.8,26.6,362,72
CIN,1998,2002,132.7,26.5,402,80
OAK,2018,2022,132.7,26.5,376,75
TEX,1987,1991,132.5,26.5,396,79
TBA,2016,2020,132.5,26.5,374,75
KCA,1983,1987,132.4,26.5,413,83
BOS,1957,1961,132.4,26.5,377,75
CHN,1978,1982,132.2,26.4,334,67
TOR,2000,2004,132.2,26.4,394,79
CLE,2006,2010,132.2,26.4,389,78
CHA,2012,2016,132.1,26.4,375,75
TEX,1991,1995,131.9,26.4,374,75
MIN,1984,1988,131.9,26.4,405,81
TEX,2021,2025,131.8,26.4,377,75
CHN,2019,2023,131.8,26.4,346,69
MIN,1976,1980,131.5,26.3,401,80
PHI,2013,2017,131.4,26.3,346,69
TOR,2001,2005,131.3,26.3,391,78
SEA,2016,2020,131.2,26.2,348,70
MIN,1975,1979,130.8,26.2,400,80
CIN,1997,2001,130.7,26.1,400,80
CHA,1989,1993,130.6,26.1,430,86
CHA,1998,2002,130.4,26.1,414,83
CIN,2016,2020,130.3,26.1,309,62
TBA,2005,2009,130.0,26.0,375,75
DET,1990,1994,129.9,26.0,376,75
MIN,2013,2017,129.8,26.0,363,73
PHI,1955,1959,129.7,25.9,358,72
BAL,1982,1986,129.5,25.9,433,87
DET,1980,1984,129.5,25.9,423,85
MIN,1971,1975,129.4,25.9,390,78
PIT,2002,2006,129.2,25.8,353,71
OAK,2016,2020,129.1,25.8,374,75
SEA,2003,2007,129.0,25.8,391,78
ML4,1976,1980,129.0,25.8,407,81
SFN,1992,1996,128.9,25.8,365,73
MIN,2018,2022,128.9,25.8,366,73
BOS,1950,1954,128.9,25.8,410,82
PIT,2016,2020,128.8,25.8,323,65
ARI,2021,2025,128.8,25.8,379,76
ARI,2018,2022,128.7,25.7,318,64
BAL,2010,2014,128.6,25.7,409,82
KCA,1979,1983,128.4,25.7,401,80
CIN,2018,2022,128.4,25.7,318,64
ML4,1986,1990,128.3,25.7,410,82
SDN,2017,2021,128.2,25.6,323,65
TEX,2015,2019,127.9,25.6,406,81
CLE,1991,1995,127.9,25.6,375,75
OAK,1984,1988,127.5,25.5,415,83
HOU,2008,2012,127.4,25.5,347,69
CHA,1982,1986,127.3,25.5,417,83
MIN,1999,2003,127.2,25.4,401,80
BOS,1958,1962,127.1,25.4,371,74
CLE,2020,2024,127.0,25.4,375,75
MON,1998,2002,127.0,25.4,351,70
MON,1997,2001,127.0,25.4,346,69
NYA,1986,1990,127.0,25.4,405,81
BAL,2014,2018,126.9,25.4,388,78
KCA,1982,1986,126.9,25.4,420,84
KCA,1990,1994,126.7,25.3,377,75
KCA,1969,1973,126.5,25.3,383,77
BAL,2020,2024,126.5,25.3,352,70
WAS,2018,2022,126.5,25.3,321,64
CIN,2003,2007,126.4,25.3,370,74
DET,2003,2007,126.4,25.3,369,74
BAL,1981,1985,126.3,25.3,419,84
BAL,1956,1960,126.2,25.2,382,76
CHA,1980,1984,126.0,25.2,384,77
TEX,2001,2005,126.0,25.2,384,77
CAL,1986,1990,125.3,25.1,413,83
HOU,2012,2016,125.3,25.1,346,69
MIN,1974,1978,124.9,25.0,400,80
FLO,1994,1998,124.8,25.0,344,69
MON,1973,1977,124.7,24.9,363,73
MIN,1973,1977,124.7,24.9,408,82
BAL,1990,1994,124.6,24.9,380,76
DET,1987,1991,124.6,24.9,408,82
BOS,1992,1996,124.5,24.9,378,76
MIN,2010,2014,124.4,24.9,359,72
MIN,1990,1994,124.3,24.9,383,77
BAL,1997,2001,124.3,24.9,392,78
ML4,1989,1993,124.2,24.8,399,80
CLE,2007,2011,124.2,24.8,391,78
MIN,1972,1976,123.9,24.8,401,80
CHN,1959,1963,123.6,24.7,339,68
NYA,1990,1994,123.5,24.7,372,74
MIL,2001,2005,123.4,24.7,340,68
SEA,1991,1995,123.4,24.7,357,71
CHA,1997,2001,123.3,24.7,413,83
CHA,1995,1999,123.2,24.6,388,78
CAL,1985,1989,123.2,24.6,423,85
MIN,2014,2018,122.9,24.6,375,75
CLE,1955,1959,122.8,24.6,423,85
DET,1953,1957,122.5,24.5,367,73
KCA,2009,2013,122.3,24.5,361,72
CHA,2018,2022,122.0,24.4,343,69
PHI,1956,1960,121.8,24.4,340,68
BOS,1951,1955,121.8,24.4,400,80
PIT,1998,2002,121.6,24.3,350,70
SDN,1983,1987,121.4,24.3,395,79
SEA,2017,2021,120.9,24.2,352,70
ATL,1974,1978,120.8,24.2,355,71
DET,1986,1990,120.6,24.1,411,82
OAK,2005,2009,120.5,24.1,407,81
TOR,1981,1985,120.3,24.1,392,78
CAL,1978,1982,120.2,24.0,384,77
DET,1970,1974,120.1,24.0,413,83
NY1,1952,1956,120.1,24.0,406,81
TEX,1986,1990,120.0,24.0,398,80
PIT,2006,2010,120.0,24.0,321,64
TOR,1993,1997,119.9,24.0,356,71
SDN,1982,1986,119.9,24.0,411,82
COL,1999,2003,119.9,24.0,374,75
ATL,1976,1980,119.8,24.0,347,69
KCA,1980,1984,119.7,23.9,400,80
PHI,1959,1963,119.4,23.9,338,68
BAL,1989,1993,119.4,23.9,404,81
COL,2000,2004,118.9,23.8,370,74
SDN,2014,2018,118.8,23.8,356,71
FLO,1997,2001,118.8,23.8,365,73
TEX,1973,1977,118.8,23.8,390,78
CHA,1979,1983,118.6,23.7,383,77
BOS,1952,1956,118.5,23.7,397,79
PIT,2008,2012,118.4,23.7,337,67
CIN,2019,2023,118.3,23.7,333,67
PIT,2007,2011,117.5,23.5,326,65
PIT,2000,2004,117.3,23.5,350,70
CIN,1952,1956,117.3,23.5,377,75
LAA,2015,2019,117.2,23.4,391,78
BAL,2021,2025,117.2,23.4,402,80
PIT,2005,2009,117.1,23.4,331,66
SEA,2019,2023,116.9,23.4,363,73
FLO,1995,1999,116.8,23.4,357,71
OAK,1974,1978,116.7,23.3,407,81
MIN,1998,2002,116.7,23.3,381,76
CLE,1967,1971,116.7,23.3,359,72
SLN,1954,1958,116.6,23.3,375,75
CAL,1984,1988,116.5,23.3,413,83
SEA,1987,1991,116.3,23.3,379,76
CAL,1979,1983,116.2,23.2,367,73
TOR,1995,1999,116.0,23.2,378,76
FLO,1996,2000,115.8,23.2,369,74
SEA,2005,2009,115.8,23.2,381,76
ANA,1998,2002,115.6,23.1,411,82
MIN,2012,2016,115.5,23.1,344,69
CAL,1981,1985,115.4,23.1,385,77
DET,1991,1995,115.3,23.1,357,71
KCA,1981,1985,115.0,23.0,394,79
NYA,1987,1991,114.9,23.0,386,77
SDN,1981,1985,114.7,22.9,378,76
COL,2002,2006,114.6,22.9,358,72
KCA,2021,2025,114.4,22.9,363,73
CHA,1972,1976,114.3,22.9,383,77
KCA,1991,1995,114.3,22.9,372,74
TEX,1978,1982,114.2,22.8,367,73
WS2,1966,1970,114.1,22.8,368,74
SEA,2018,2022,113.8,22.8,364,73
CHA,1973,1977,113.8,22.8,386,77
SLN,1955,1959,113.5,22.7,374,75
PHI,1969,1973,113.4,22.7,333,67
NY1,1953,1957,113.3,22.7,383,77
CHN,2020,2024,113.3,22.7,345,69
OAK,1995,1999,113.3,22.7,371,74
SEA,1989,1993,113.2,22.6,379,76
SEA,2006,2010,113.1,22.6,373,75
SDN,2000,2004,113.1,22.6,372,74
PHI,1987,1991,113.0,22.6,367,73
NYA,1989,1993,113.0,22.6,376,75
ARI,2020,2024,112.6,22.5,324,65
ANA,1999,2003,112.0,22.4,403,81
PHI,1988,1992,111.9,22.4,357,71
CHA,2019,2023,111.9,22.4,342,68
PIT,1999,2003,111.8,22.4,356,71
TEX,1999,2003,111.8,22.4,382,76
OAK,1990,1994,111.8,22.4,402,80
DET,1977,1981,111.5,22.3,389,78
CLE,2009,2013,111.0,22.2,374,75
ATL,1985,1989,111.0,22.2,324,65
WAS,2007,2011,110.8,22.2,340,68
KCA,2015,2019,110.8,22.2,373,75
CIN,2002,2006,110.7,22.1,376,75
SEA,1990,1994,110.6,22.1,355,71
SDN,1979,1983,110.6,22.1,344,69
DET,1979,1983,110.5,22.1,404,81
CAL,1983,1987,110.3,22.1,408,82
ML4,1990,1994,110.2,22.0,371,74
CLE,1960,1964,110.1,22.0,392,78
CAL,1965,1969,110.0,22.0,377,75
DET,1976,1980,110.0,22.0,403,81
OAK,2006,2010,109.9,22.0,400,80
TEX,2014,2018,109.8,22.0,395,79
KCA,2008,2012,109.7,21.9,350,70
SDN,1980,1984,109.5,21.9,368,74
MIA,2015,2019,109.3,21.9,347,69
PHI,1995,1999,109.3,21.9,356,71
DET,1952,1956,109.2,21.8,339,68
DET,1989,1993,109.2,21.8,382,76
ATL,1984,1988,109.1,21.8,341,68
ATL,1977,1981,109.1,21.8,327,65
CLE,1980,1984,108.9,21.8,354,71
CIN,2021,2025,108.9,21.8,387,77
PIT,2001,2005,108.8,21.8,348,70
PHI,1957,1961,108.6,21.7,316,63
SDN,2015,2019,108.6,21.7,349,70
DET,1997,2001,108.6,21.7,358,72
SDN,1974,1978,108.5,21.7,357,71
ML4,1981,1985,108.4,21.7,382,76
NYA,1988,1992,108.4,21.7,373,75
ML4,1982,1986,108.3,21.7,397,79
PHI,1970,1974,108.3,21.7,350,70
CLE,1979,1983,108.2,21.6,360,72
CAL,1966,1970,108.2,21.6,388,78
MIN,1997,2001,108.1,21.6,355,71
PHI,1996,2000,108.1,21.6,352,70
CAL,1987,1991,107.8,21.6,402,80
MIN,1977,1981,107.6,21.5,357,71
ANA,1997,2001,107.6,21.5,396,79
SEA,2011,2015,107.4,21.5,376,75
NYN,1965,1969,107.4,21.5,350,70
CHN,1958,1962,107.4,21.5,329,66
FLO,1998,2002,107.3,21.5,352,70
SEA,2004,2008,107.1,21.4,359,72
MIN,1991,1995,107.0,21.4,365,73
MON,1971,1975,107.0,21.4,374,75
ML4,1975,1979,106.9,21.4,389,78
KCA,2007,2011,106.5,21.3,347,69
CIN,1999,2003,106.5,21.3,394,79
BAL,1955,1959,106.5,21.3,350,70
DET,1950,1954,106.4,21.3,346,69
ATL,1975,1979,106.0,21.2,333,67
HOU,2011,2015,106.0,21.2,318,64
MON,1972,1976,105.9,21.2,358,72
CHA,1983,1987,105.8,21.2,407,81
TOR,1994,1998,105.6,21.1,349,70
BAL,2004,2008,105.6,21.1,359,72
SEA,1986,1990,105.6,21.1,363,73
TOR,2017,2021,105.6,21.1,339,68
CHN,1957,1961,105.5,21.1,332,66
SEA,1988,1992,105.2,21.0,365,73
WS2,1965,1969,105.2,21.0,368,74
MIN,1983,1987,105.0,21.0,384,77
DET,1978,1982,104.8,21.0,398,80
LAA,2017,2021,104.3,20.9,335,67
PHI,1994,1998,104.2,20.8,333,67
MIN,2011,2015,104.1,20.8,348,70
BAL,1983,1987,104.1,20.8,406,81
CAL,1980,1984,104.0,20.8,360,72
DET,1971,1975,104.0,20.8,391,78
PHI,1958,1962,104.0,20.8,320,64
COL,2001,2005,103.2,20.6,355,71
BAL,2009,2013,102.9,20.6,377,75
DET,1988,1992,102.5,20.5,385,77
TEX,1985,1989,102.4,20.5,377,75
ARI,2019,2023,102.3,20.5,320,64
COL,2019,2023,102.2,20.4,298,60
OAK,2008,2012,102.2,20.4,399,80
WS1,1950,1954,102.0,20.4,349,70
PIT,1955,1959,101.9,20.4,350,70
KCA,1992,1996,101.6,20.3,365,73
CLE,1986,1990,101.6,20.3,373,75
BAL,2003,2007,101.5,20.3,362,72
CHA,1988,1992,101.2,20.2,407,81
ML4,1985,1989,101.2,20.2,407,81
KCA,1993,1997,100.9,20.2,360,72
CAL,1967,1971,100.7,20.1,384,77
OAK,2007,2011,100.4,20.1,381,76
WS2,1967,1971,99.9,20.0,360,72
DET,1951,1955,99.8,20.0,330,66
TEX,1979,1983,99.6,19.9,357,71
NYN,1977,1981,99.6,19.9,301,60
CLE,1982,1986,99.0,19.8,367,73
MON,1970,1974,99.0,19.8,372,74
CLE,1978,1982,98.9,19.8,359,72
WAS,2005,2009,98.6,19.7,343,69
TEX,2020,2024,98.1,19.6,318,64
CLE,1976,1980,97.5,19.5,381,76
OAK,1983,1987,97.4,19.5,385,77
TEX,2016,2020,97.3,19.5,340,68
TBA,2004,2008,97.1,19.4,361,72
MIL,1998,2002,97.0,19.4,345,69
CLE,1956,1960,96.9,19.4,406,81
TEX,2000,2004,96.9,19.4,376,75
MIN,1996,2000,96.7,19.3,348,70
CIN,2020,2024,96.5,19.3,335,67
MIL,2000,2004,96.4,19.3,332,66
KCA,2020,2024,96.0,19.2,307,61
SEA,1985,1989,95.6,19.1,360,72
ML4,1991,1995,95.6,19.1,362,72
TOR,2016,2020,95.5,19.1,337,67
ML4,1983,1987,95.4,19.1,393,79
LAA,2016,2020,95.3,19.1,332,66
CAL,1968,1972,95.2,19.0,375,75
LAA,2018,2022,95.1,19.0,328,66
CIN,1951,1955,95.0,19.0,354,71
CLE,1990,1994,94.9,19.0,352,70
CLE,1968,1972,94.6,18.9,356,71
SDN,1999,2003,94.5,18.9,359,72
MIA,2016,2020,94.1,18.8,307,61
CLE,1985,1989,94.0,18.8,356,71
CHA,1987,1991,93.9,18.8,398,80
CLE,1977,1981,93.8,18.8,352,70
CLE,2008,2012,93.8,18.8,363,73
DET,1975,1979,93.7,18.7,376,75
BAL,1988,1992,93.6,18.7,373,75
NYN,1980,1984,93.0,18.6,331,66
CLE,1984,1988,92.8,18.6,358,72
CAL,1969,1973,92.7,18.5,387,77
WAS,2006,2010,92.5,18.5,331,66
HOU,2009,2013,92.2,18.4,312,62
BAL,2005,2009,92.1,18.4,345,69
CHA,2013,2017,91.6,18.3,357,71
CHA,1974,1978,91.4,18.3,380,76
SEA,1984,1988,91.3,18.3,361,72
BAL,2002,2006,91.3,18.3,360,72
CLE,1988,1992,90.9,18.2,361,72
LAA,2019,2023,90.8,18.2,321,64
CAL,1977,1981,90.5,18.1,365,73
CIN,2001,2005,90.4,18.1,362,72
DET,2021,2025,90.3,18.1,394,79
TEX,2019,2023,90.3,18.1,318,64
WS1,1951,1955,90.2,18.0,335,67
PIT,2017,2021,89.9,18.0,306,61
NYN,1964,1968,89.7,17.9,303,61
KC1,1963,1967,89.1,17.8,325,65
BAL,1954,1958,88.8,17.8,330,66
ML4,1992,1996,88.6,17.7,359,72
BAL,1998,2002,88.5,17.7,361,72
SEA,2010,2014,88.3,17.7,361,72
CLE,1981,1985,88.1,17.6,335,67
TEX,1983,1987,87.9,17.6,370,74
TOR,1980,1984,87.8,17.6,360,72
SDN,2016,2020,87.8,17.6,312,62
TEX,1972,1976,87.6,17.5,350,70
MIN,1992,1996,87.6,17.5,348,70
CLE,1957,1961,87.3,17.5,396,79
CLE,1983,1987,86.9,17.4,350,70
CAL,1988,1992,86.8,17.4,399,80
BAL,2015,2019,86.8,17.4,346,69
MIN,1995,1999,86.5,17.3,335,67
ML4,1984,1988,86.5,17.3,393,79
MIL,1999,2003,86.4,17.3,339,68
OAK,1991,1995,85.8,17.2,366,73
PIT,1954,1958,85.8,17.2,325,65
KCA,1994,1998,85.8,17.2,348,70
CLE,1959,1963,85.7,17.1,402,80
WS2,1964,1968,85.3,17.1,344,69
NYN,1978,1982,85.1,17.0,302,60
TEX,1980,1984,85.0,17.0,343,69
CHA,2017,2021,85.0,17.0,329,66
MIN,1994,1998,84.9,17.0,325,65
TEX,1984,1988,84.8,17.0,363,73
DET,2002,2006,84.4,16.9,336,67
CLE,1975,1979,84.3,16.9,381,76
CAL,1976,1980,83.8,16.8,390,78
CHA,2014,2018,83.5,16.7,356,71
CLE,1987,1991,83.2,16.6,346,69
DET,1996,2000,83.0,16.6,345,69
CIN,2000,2004,83.0,16.6,374,75
CAL,1970,1974,82.8,16.6,384,77
DET,1998,2002,82.8,16.6,334,67
OAK,2019,2023,82.7,16.5,329,66
OAK,1992,1996,82.6,16.5,360,72
KCA,2006,2010,82.6,16.5,338,68
CHN,1950,1954,82.5,16.5,332,66
OAK,1994,1998,82.5,16.5,335,67
CLE,1989,1993,82.3,16.5,359,72
MIN,1993,1997,82.1,16.4,326,65
WAS,2019,2023,81.8,16.4,310,62
ML4,1974,1978,81.8,16.4,370,74
CHA,2020,2024,81.5,16.3,311,62
CHN,1956,1960,81.2,16.2,328,66
BAL,2019,2023,81.1,16.2,315,63
CIN,1950,1954,81.1,16.2,345,69
CHA,1975,1979,80.9,16.2,373,75
KCA,2017,2021,80.9,16.2,297,59
BAL,2001,2005,80.7,16.1,353,71
HOU,2010,2014,80.5,16.1,308,62
SEA,2007,2011,80.0,16.0,362,72
MIN,1982,1986,79.8,16.0,359,72
CLE,1958,1962,79.8,16.0,400,80
MIA,2021,2025,79.3,15.9,361,72
SDN,1969,1973,79.2,15.8,294,59
KC1,1962,1966,79.0,15.8,335,67
CHA,1978,1982,79.0,15.8,355,71
MON,1969,1973,78.8,15.8,345,69
LAA,2020,2024,78.6,15.7,312,62
CAL,1975,1979,78.1,15.6,397,79
COL,2020,2024,78.0,15.6,288,58
WS1,1952,1956,77.8,15.6,332,66
CHA,1977,1981,77.5,15.5,358,72
CLE,1973,1977,77.4,15.5,379,76
MIN,1978,1982,76.8,15.4,333,67
CAL,1989,1993,76.7,15.3,395,79
SDN,1973,1977,76.4,15.3,333,67
BAL,2008,2012,76.3,15.3,360,72
NYN,1979,1983,76.0,15.2,304,61
CLE,1974,1978,75.6,15.1,377,75
LAA,2021,2025,75.3,15.1,358,72
KCA,2016,2020,75.2,15.0,304,61
OAK,1975,1979,75.0,15.0,371,74
ML4,1993,1997,75.0,15.0,345,69
CHA,1984,1988,74.5,14.9,379,76
CHN,1951,1955,74.4,14.9,340,68
CLE,1972,1976,74.3,14.9,380,76
CHA,1986,1990,74.0,14.8,383,77
BAL,2006,2010,73.9,14.8,337,67
DET,1993,1997,73.7,14.7,330,66
DET,1992,1996,73.4,14.7,326,65
CHN,1955,1959,73.3,14.7,340,68
KC1,1959,1963,73.3,14.7,330,66
WS2,1963,1967,73.3,14.7,335,67
CHN,1952,1956,73.0,14.6,338,68
CHA,2021,2025,72.8,14.6,336,67
KC1,1961,1965,72.2,14.4,322,64
MIA,2019,2023,71.9,14.4,308,62
SEA,2009,2013,71.7,14.3,359,72
TEX,1982,1986,71.6,14.3,359,72
DET,2015,2019,71.6,14.3,335,67
DET,2000,2004,71.4,14.3,315,63
SDN,1970,1974,71.2,14.2,302,60
DET,1972,1976,71.1,14.2,374,75
BAL,2007,2011,70.8,14.2,336,67
KCA,1996,2000,70.7,14.1,355,71
KCA,1995,1999,70.6,14.1,348,70
BAL,1985,1989,70.5,14.1,364,73
KC1,1958,1962,70.2,14.0,330,66
SEA,1983,1987,70.2,14.0,353,71
CHN,1954,1958,70.0,14.0,330,66
SDN,1971,1975,69.8,14.0,310,62
KCA,2005,2009,69.8,14.0,327,65
CHA,2015,2019,69.7,13.9,355,71
WS2,1962,1966,69.7,13.9,319,64
BAL,1984,1988,69.6,13.9,362,72
CAL,1991,1995,68.9,13.8,349,70
MIA,2020,2024,67.1,13.4,313,63
SDN,1972,1976,66.7,13.3,322,64
ML4,1970,1974,66.3,13.3,349,70
CHA,1976,1980,65.9,13.2,368,74
CHN,1953,1957,65.5,13.1,323,65
WS1,1953,1957,65.3,13.1,309,62
CHA,1985,1989,65.2,13.0,374,75
CAL,1971,1975,65.2,13.0,370,74
KC1,1960,1964,65.1,13.0,321,64
MIN,1979,1983,64.7,12.9,330,66
BAL,2016,2020,64.7,12.9,290,58
MIA,2017,2021,64.5,12.9,295,59
ML4,1971,1975,64.3,12.9,352,70
CAL,1992,1996,64.0,12.8,338,68
TEX,1981,1985,63.9,12.8,329,66
WS1,1956,1960,63.7,12.7,311,62
KCA,1999,2003,63.7,12.7,351,70
DET,1974,1978,63.5,12.7,363,73
KCA,2018,2022,63.2,12.6,282,56
ML4,1972,1976,62.5,12.5,349,70
PIT,1953,1957,62.3,12.5,291,58
WS2,1961,1965,62.0,12.4,309,62
OAK,1993,1997,62.0,12.4,329,66
KC1,1957,1961,61.6,12.3,317,63
DET,2001,2005,61.0,12.2,307,61
DET,1999,2003,60.9,12.2,312,62
SEA,2008,2012,60.2,12.0,349,70
CLE,1969,1973,60.1,12.0,341,68
BAL,1987,1991,60.0,12.0,351,70
BAL,2000,2004,59.9,12.0,353,71
TBA,2003,2007,59.9,12.0,327,65
PHA,1950,1954,59.8,12.0,311,62
ML4,1973,1977,59.8,12.0,351,70
CAL,1990,1994,59.4,11.9,351,70
KCA,2019,2023,59.0,11.8,280,56
KCA,1997,2001,58.7,11.7,345,69
CLE,1970,1974,58.7,11.7,356,71
DET,1973,1977,57.7,11.5,362,72
DET,2020,2024,57.7,11.5,330,66
OAK,2020,2024,57.4,11.5,301,60
CAL,1972,1976,57.4,11.5,370,74
DET,1994,1998,57.4,11.5,310,62
OAK,1980,1984,57.3,11.5,366,73
OAK,1976,1980,56.6,11.3,356,71
PIT,2018,2022,56.5,11.3,293,59
DET,1995,1999,56.1,11.2,326,65
CHA,2016,2020,55.8,11.2,314,63
SEA,1981,1985,55.7,11.1,328,66
BAL,1986,1990,55.6,11.1,357,71
COL,2021,2025,55.6,11.1,305,61
TEX,2017,2021,54.4,10.9,305,61
DET,2016,2020,54.2,10.8,284,57
OAK,1982,1986,52.1,10.4,372,74
TEX,2018,2022,52.0,10.4,295,59
BAL,1999,2003,51.9,10.4,353,71
MIN,1981,1985,51.6,10.3,329,66
OAK,1981,1985,51.6,10.3,360,72
SEA,1982,1986,51.5,10.3,351,70
WS1,1954,1958,51.4,10.3,294,59
CAL,1974,1978,50.9,10.2,377,75
KCA,2000,2004,50.4,10.1,345,69
KCA,1998,2002,49.8,10.0,340,68
MIA,2018,2022,49.0,9.8,287,57
PIT,2021,2025,48.4,9.7,346,69
CLE,1971,1975,48.3,9.7,359,72
TOR,1979,1983,47.9,9.6,324,65
KCA,2003,2007,47.5,9.5,328,66
CAL,1973,1977,47.4,9.5,369,74
KCA,2004,2008,46.5,9.3,320,64
KC1,1956,1960,45.6,9.1,308,62
WS1,1955,1959,45.1,9.0,291,58
MIN,1980,1984,44.7,8.9,329,66
NYN,1963,1967,43.7,8.7,281,56
SEA,1978,1982,42.3,8.5,302,60
OAK,1977,1981,42.1,8.4,333,67
KCA,2001,2005,41.8,8.4,324,65
KCA,2002,2006,39.1,7.8,321,64
SEA,1977,1981,38.9,7.8,290,58
SEA,1980,1984,38.2,7.6,313,63
SEA,1979,1983,37.8,7.6,306,61
NYN,1962,1966,37.2,7.4,260,52
PIT,1952,1956,36.9,7.4,271,54
DET,2019,2023,36.1,7.2,291,58
PIT,2020,2024,35.2,7.0,294,59
TBA,1998,2002,32.2,6.4,318,64
PIT,1950,1954,32.0,6.4,266,53
BAL,2018,2022,31.5,6.3,261,52
PIT,2019,2023,30.6,6.1,287,57
KC1,1955,1959,29.8,6.0,313,63
OAK,1979,1983,29.7,5.9,343,69
BAL,2017,2021,29.4,5.9,253,51
TBA,2002,2006,28.4,5.7,316,63
OAK,1978,1982,27.6,5.5,338,68
DET,2017,2021,27.1,5.4,275,55
TBA,2001,2005,26.9,5.4,317,63
PIT,1951,1955,25.7,5.1,269,54
WAS,2020,2024,24.8,5.0,288,58
WAS,2021,2025,22.0,4.4,328,66
TBA,2000,2004,19.9,4.0,319,64
DET,2018,2022,18.4,3.7,277,55
TBA,1999,2003,17.4,3.5,318,64
TOR,1978,1982,12.8,2.6,294,59
TOR,1977,1981,3.9,0.8,270,54
