player_id,"last_name, first_name",year,n_pitches_types,avg_grade,best_grade,worst_grade,total_pitches,primary_pitch,overall_rv100
630023,"Chirinos, Yonny",2024,1,100.0,100,100,153,Sinker,-6.9
678061,"Kerr, Ray",2024,1,100.0,100,100,171,4-Seam Fastball,-4.3
687134,"Blalock, Bradley",2025,1,100.0,100,100,479,4-Seam Fastball,-4.2
683627,"Molina, Anthony",2025,1,99.0,99,99,270,4-Seam Fastball,-4.0
674285,"Salazar, Eduardo",2025,2,98.0,100,96,418,Sinker,-3.483014354066986
596295,"Gomber, Austin",2025,2,97.5,100,95,588,4-Seam Fastball,-3.2299319727891156
670124,"Oller, Adam",2024,1,98.0,98,98,298,4-Seam Fastball,-3.2
593576,"Neris, Héctor",2025,1,98.0,98,98,221,4-Seam Fastball,-3.2
683004,"Leiter, Jack",2024,1,98.0,98,98,344,4-Seam Fastball,-3.1999999999999997
687223,"Palmquist, Carson",2025,1,98.0,98,98,370,4-Seam Fastball,-3.1
518489,"Brasier, Ryan",2024,1,98.0,98,98,154,Slider,-2.9
676596,"Fleming, Josh",2024,1,99.0,99,99,203,Sinker,-2.8999999999999995
669020,"Rolison, Ryan",2025,2,97.0,99,95,541,4-Seam Fastball,-2.8848428835489837
641482,"Cortes, Nestor",2025,2,84.0,100,68,435,4-Seam Fastball,-2.8634482758620687
518397,"Alexander, Scott",2025,1,98.0,98,98,204,Sinker,-2.8
543518,"McGough, Scott",2024,1,98.0,98,98,288,4-Seam Fastball,-2.8
621389,"Blach, Ty",2024,3,89.66666666666667,100,74,1009,Sinker,-2.753419226957383
669084,"Hall, DL",2024,1,97.0,97,97,351,4-Seam Fastball,-2.7
605463,"Scott, Tayler",2025,1,97.0,97,97,256,4-Seam Fastball,-2.7
592836,"Walker, Taijuan",2024,3,82.66666666666667,100,50,932,Sinker,-2.688412017167382
471911,"Carrasco, Carlos",2025,1,97.0,97,97,177,Sinker,-2.6
681676,"Fernandez, Ryan",2025,1,97.0,97,97,247,Slider,-2.5
678821,"Peralta, Luis",2025,1,96.0,96,96,308,4-Seam Fastball,-2.5
696131,"Black, Mason",2024,1,96.0,96,96,209,4-Seam Fastball,-2.4
685326,"Brown, McCade",2025,1,96.0,96,96,286,4-Seam Fastball,-2.4
543351,"Jackson, Jay",2024,1,96.0,96,96,252,Slider,-2.4
656271,"Burke, Brock",2024,1,96.0,96,96,289,4-Seam Fastball,-2.4
800049,"Mazur, Adam",2024,2,75.5,100,51,427,4-Seam Fastball,-2.142622950819672
592288,"Emanuel, Kent",2024,1,95.0,95,95,176,Sinker,-2.1
664991,"Wolfram, Grant",2025,1,95.0,95,95,211,Sinker,-2.1
669674,"Long, Sam",2025,1,94.0,94,94,277,4-Seam Fastball,-2.1
683409,"Chivilli, Angel",2025,2,85.5,98,73,843,4-Seam Fastball,-2.035231316725979
686973,"Varland, Louis",2024,2,88.5,100,77,633,4-Seam Fastball,-2.0243285939968407
670766,"McCaughan, Darren",2024,2,93.5,98,89,496,Sweeper,-2.001008064516129
829272,"Ogasawara, Shinnosuke",2025,1,93.0,93,93,261,4-Seam Fastball,-2.0
687134,"Blalock, Bradley",2024,1,93.0,93,93,261,4-Seam Fastball,-2.0
572971,"Keuchel, Dallas",2024,1,94.0,94,94,175,Sinker,-2.0
663765,"Woodford, Jake",2024,2,95.0,96,94,451,Sinker,-1.9771618625277163
608566,"Márquez, Germán",2025,4,90.25,99,79,2036,4-Seam Fastball,-1.9697937131630647
669060,"Wilson, Bryse",2025,2,66.0,100,32,408,Cutter,-1.963970588235294
682610,"Muñoz, Roddery",2024,4,90.0,99,79,1347,4-Seam Fastball,-1.9242761692650334
674072,"Henry, Tommy",2024,1,93.0,93,93,239,4-Seam Fastball,-1.9
622072,"Wood, Alex",2024,2,86.0,99,73,586,Sinker,-1.8846416382252558
686730,"Spiers, Carson",2024,5,80.8,100,41,1541,4-Seam Fastball,-1.8441271901362752
621111,"Buehler, Walker",2024,4,75.0,99,14,1140,4-Seam Fastball,-1.7921052631578944
605154,"Brebbia, John",2025,2,92.5,94,91,424,4-Seam Fastball,-1.7714622641509432
676272,"Miller, Bobby",2024,2,76.5,97,56,597,4-Seam Fastball,-1.7502512562814072
676467,"Gordon, Colton",2025,2,92.5,93,92,1002,4-Seam Fastball,-1.7000000000000002
687330,"Kelly, Kevin",2025,1,93.0,93,93,347,Sinker,-1.7
685299,"Gordon, Tanner",2024,1,92.0,92,92,302,4-Seam Fastball,-1.7
668716,"Murdock, Noah",2025,1,93.0,93,93,223,Sinker,-1.7
621237,"Alvarado, José",2025,1,93.0,93,93,287,Sinker,-1.7
643338,"Green, Chad",2025,2,88.0,96,80,693,4-Seam Fastball,-1.673304473304473
805673,"Matthews, Zebby",2024,2,91.5,94,89,493,4-Seam Fastball,-1.6263691683569979
694350,"Brzykcy, Zach",2025,1,91.0,91,91,245,4-Seam Fastball,-1.6
670046,"Rosenberg, Kenny",2024,1,91.0,91,91,196,4-Seam Fastball,-1.6
592155,"Booser, Cam",2025,1,91.0,91,91,262,4-Seam Fastball,-1.6
664875,"Lawrence, Justin",2024,2,80.0,98,62,1073,Sinker,-1.5999999999999996
641745,"Keller, Brad",2024,2,90.0,93,87,550,4-Seam Fastball,-1.5945454545454545
685299,"Gordon, Tanner",2025,3,90.33333333333333,97,79,1235,4-Seam Fastball,-1.5891497975708504
663474,"McKenzie, Triston",2024,2,76.5,95,58,1030,4-Seam Fastball,-1.525145631067961
675921,"Howard, Spencer",2024,1,90.0,90,90,274,4-Seam Fastball,-1.5
688297,"Roycroft, Chris",2025,1,91.0,91,91,190,Sinker,-1.5
622503,"Crismatt, Nabil",2025,1,87.0,87,87,203,Changeup,-1.5
670990,"Ramírez, Yohan",2025,1,90.0,90,90,270,4-Seam Fastball,-1.5
687424,"Maldonado, Anthony",2024,1,91.0,91,91,184,Slider,-1.5
621051,"Wilson, Steven",2024,2,90.0,94,86,566,Sweeper,-1.4819787985865727
660761,"Suarez, José",2024,2,89.0,95,83,639,4-Seam Fastball,-1.4818466353677622
671106,"Allen, Logan",2024,4,82.0,98,69,1481,4-Seam Fastball,-1.4474004051316678
681892,"Funderburk, Kody",2024,2,87.0,97,77,497,Cutter,-1.4398390342052312
690916,"Fitts, Richard",2025,2,69.5,100,39,491,4-Seam Fastball,-1.4040733197556008
669372,"Ginn, J.T.",2024,1,89.0,89,89,259,Sinker,-1.4
606303,"Payamps, Joel",2025,1,88.0,88,88,211,Sweeper,-1.4
642629,"Ramirez, Emmanuel",2024,1,89.0,89,89,198,4-Seam Fastball,-1.4
700270,"Díaz, Yilber",2024,1,89.0,89,89,272,4-Seam Fastball,-1.4
676282,"Cantillo, Joey",2024,1,89.0,89,89,347,4-Seam Fastball,-1.4
622608,"Senzatela, Antonio",2025,3,83.0,91,67,2050,4-Seam Fastball,-1.3814634146341462
686799,"Kochanowicz, Jack",2025,3,86.33333333333333,97,79,1482,Sinker,-1.311201079622132
666661,"Morillo, Juan",2025,1,87.0,87,87,285,4-Seam Fastball,-1.3
669308,"Reynolds, Sean",2025,1,87.0,87,87,256,4-Seam Fastball,-1.3
623149,"Sewald, Paul",2025,1,87.0,87,87,186,4-Seam Fastball,-1.3
682254,"Montgomery, Mason",2025,2,88.0,89,87,859,4-Seam Fastball,-1.3
656240,"Blewett, Scott",2025,2,81.0,94,68,570,Slider,-1.2814035087719298
605154,"Brebbia, John",2024,2,61.5,99,24,994,Slider,-1.276056338028169
666277,"Soriano, George",2025,2,86.5,88,85,434,Slider,-1.2488479262672811
676974,"Meyer, Max",2024,2,85.0,93,77,776,Slider,-1.241623711340206
628317,"Maeda, Kenta",2024,4,75.0,97,30,1754,Split-Finger,-1.2387115165336373
471911,"Carrasco, Carlos",2024,4,86.0,91,83,1522,4-Seam Fastball,-1.2273981603153745
680897,"Nastrini, Nick",2024,2,80.5,93,68,599,4-Seam Fastball,-1.2006677796327212
666159,"Manning, Matt",2024,1,85.0,85,85,211,4-Seam Fastball,-1.2
620454,"Castillo, José",2025,1,88.0,88,88,237,Slider,-1.2
667725,"Tyler, Kyle",2024,1,87.0,87,87,260,Cutter,-1.2
687863,"Hodge, Porter",2025,2,85.5,96,75,513,4-Seam Fastball,-1.1654970760233918
701487,"Ohl, Pierson",2025,2,82.5,90,75,443,4-Seam Fastball,-1.1627539503386004
670102,"Francis, Bowden",2025,2,85.5,98,73,895,4-Seam Fastball,-1.143463687150838
693821,"Elder, Bryce",2024,2,85.5,88,83,641,Sinker,-1.1308892355694227
674370,"Bido, Osvaldo",2025,3,66.33333333333333,96,26,1138,4-Seam Fastball,-1.1224956063268892
656756,"Montgomery, Jordan",2024,4,76.25,94,43,1895,Sinker,-1.1193667546174142
573204,"Thielbar, Caleb",2024,2,85.5,86,85,659,4-Seam Fastball,-1.1168437025796663
687064,"Young, Brandon",2025,2,69.0,99,39,578,4-Seam Fastball,-1.1024221453287197
663623,"Irvin, Jake",2025,4,78.5,99,37,2691,4-Seam Fastball,-1.1004087699739873
666720,"Rodríguez, Yerry",2024,1,83.0,83,83,247,4-Seam Fastball,-1.1
687931,"Whisenhunt, Carson",2025,1,83.0,83,83,195,4-Seam Fastball,-1.1
801139,"Tolle, Payton",2025,1,83.0,83,83,195,4-Seam Fastball,-1.1
642528,"Loáisiga, Jonathan",2025,1,85.0,85,85,270,Sinker,-1.1
450203,"Morton, Charlie",2025,4,84.5,93,59,2316,Curveball,-1.097279792746114
677944,"Cecconi, Slade",2024,2,84.0,85,83,1014,4-Seam Fastball,-1.0698224852071008
686563,"Cannon, Jonathan",2025,4,76.75,98,66,1519,Cutter,-1.064581961816985
682243,"Miller, Bryce",2025,3,82.66666666666667,85,78,1175,4-Seam Fastball,-1.0553191489361702
571760,"Heaney, Andrew",2025,4,75.75,96,56,1850,4-Seam Fastball,-1.045081081081081
670990,"Ramírez, Yohan",2024,2,83.0,91,75,527,Sinker,-1.0387096774193547
669432,"Rogers, Trevor",2024,4,79.75,95,61,2243,4-Seam Fastball,-1.0179224253232277
615698,"Quantrill, Cal",2024,5,80.6,95,62,2570,Split-Finger,-1.0139299610894943
676961,"Boushley, Caleb",2025,1,83.0,83,83,207,Sinker,-1.0
519151,"Pressly, Ryan",2025,1,81.0,81,81,243,4-Seam Fastball,-1.0
669721,"Daniel, Davis",2024,1,81.0,81,81,244,4-Seam Fastball,-1.0
696147,"Bachman, Sam",2025,1,85.0,85,85,185,Slider,-1.0
623167,"Flexen, Chris",2024,5,80.6,97,59,2761,4-Seam Fastball,-0.9962694675842085
573186,"Stroman, Marcus",2024,5,83.2,96,69,2509,Sinker,-0.9801514547628537
600986,"Vieira, Thyago",2024,2,73.0,97,49,564,Sinker,-0.9677304964539006
621121,"McCullers Jr., Lance",2025,2,84.5,88,81,650,Sweeper,-0.9612307692307691
666171,"Zeferjahn, Ryan",2025,2,82.5,84,81,600,4-Seam Fastball,-0.954
643410,"Leiter Jr., Mark",2025,2,82.0,87,77,576,Sinker,-0.9527777777777777
700249,"Povich, Cade",2025,5,76.6,100,51,1939,4-Seam Fastball,-0.9525528623001547
608371,"Sims, Lucas",2024,2,79.0,96,62,659,Sweeper,-0.9508345978755689
519293,"Smith, Will",2024,2,82.5,92,73,496,Slider,-0.9504032258064515
656557,"Houck, Tanner",2025,2,79.5,96,63,563,Sinker,-0.9472468916518649
608344,"Irvin, Cole",2024,5,80.0,90,70,1695,4-Seam Fastball,-0.9440117994100294
607179,"Weems, Jordan",2024,2,79.0,94,64,707,4-Seam Fastball,-0.9155586987270155
458677,"Wilson, Justin",2024,3,68.0,92,32,807,4-Seam Fastball,-0.9152416356877324
683627,"Molina, Anthony",2024,3,72.33333333333333,91,58,963,4-Seam Fastball,-0.9112149532710281
676962,"Brown, Ben",2025,2,77.5,85,70,1679,4-Seam Fastball,-0.9077427039904704
677960,"Weathers, Ryan",2025,1,79.0,79,79,291,4-Seam Fastball,-0.9000000000000001
664299,"Javier, Cristian",2024,1,79.0,79,79,224,4-Seam Fastball,-0.9
696149,"Chandler, Bubba",2025,1,79.0,79,79,249,4-Seam Fastball,-0.9
656234,"Bird, Jake",2024,1,81.0,81,81,303,Sinker,-0.8999999999999999
607536,"Freeland, Kyle",2024,4,75.0,89,36,1563,Sinker,-0.8952015355086372
663855,"Hicks, Jordan",2025,2,84.5,94,75,924,Sinker,-0.8826839826839827
650893,"Cabrera, Génesis",2024,3,71.0,99,18,827,Cutter,-0.8730350665054414
677958,"Rocker, Kumar",2025,3,76.0,96,66,807,Sinker,-0.8570012391573729
660853,"De Los Santos, Enyel",2024,2,77.0,91,63,1040,4-Seam Fastball,-0.8553846153846154
542888,"Armstrong, Shawn",2024,3,71.0,95,27,1013,4-Seam Fastball,-0.834254689042448
681190,"Vásquez, Randy",2024,6,69.5,99,12,1684,4-Seam Fastball,-0.8333729216152019
605447,"Romano, Jordan",2025,2,80.5,93,68,701,Slider,-0.8256776034236804
671131,"Rutledge, Jackson",2025,3,76.0,94,51,1037,Sinker,-0.8167791706846673
672282,"Detmers, Reid",2024,3,78.33333333333333,82,74,1261,4-Seam Fastball,-0.8140364789849326
660896,"Alcala, Jorge",2025,2,79.5,86,73,737,4-Seam Fastball,-0.8002713704206241
666204,"Jiménez, Dany",2024,1,80.0,80,80,263,Slider,-0.8
690953,"Abel, Mick",2025,1,77.0,77,77,303,4-Seam Fastball,-0.8
680880,"Holman, Grant",2025,1,77.0,77,77,179,4-Seam Fastball,-0.8
664062,"Gonsolin, Tony",2025,1,77.0,77,77,245,4-Seam Fastball,-0.8
607200,"Fedde, Erick",2025,4,81.0,89,75,2348,Sinker,-0.7957836456558773
664350,"Sánchez, Sixto",2024,2,58.0,99,17,405,Cutter,-0.7923456790123456
605488,"Springs, Jeffrey",2024,2,76.0,77,75,419,4-Seam Fastball,-0.7854415274463008
666277,"Soriano, George",2024,2,62.0,97,27,428,4-Seam Fastball,-0.7806074766355141
571578,"Corbin, Patrick",2024,3,74.0,94,51,2573,Sinker,-0.779090555771473
805673,"Matthews, Zebby",2025,3,72.66666666666667,89,61,1073,4-Seam Fastball,-0.7620689655172413
674285,"Salazar, Eduardo",2024,2,79.0,81,77,456,Sinker,-0.7611842105263158
641401,"Brogdon, Connor",2025,2,74.5,79,70,704,Changeup,-0.75
607625,"Lugo, Seth",2025,6,75.0,96,44,2185,Curveball,-0.7481922196796339
571945,"Mikolas, Miles",2025,5,73.8,93,51,2409,4-Seam Fastball,-0.7380240763802408
489446,"Yates, Kirby",2025,2,71.0,94,48,762,4-Seam Fastball,-0.7296587926509186
668933,"Ashcraft, Graham",2024,3,70.66666666666667,97,24,1282,Cutter,-0.7198127925117004
663554,"Mize, Casey",2024,3,76.66666666666667,91,68,1475,4-Seam Fastball,-0.7159322033898305
680730,"Parker, Mitchell",2025,4,78.75,89,68,2705,4-Seam Fastball,-0.7035859519408503
685126,"Eisert, Brandon",2025,3,72.33333333333333,91,61,1176,Slider,-0.7034013605442176
672456,"Montero, Keider",2025,4,65.25,99,19,1283,4-Seam Fastball,-0.7000779423226814
573186,"Stroman, Marcus",2025,1,79.0,79,79,257,Sinker,-0.7
656848,"Petersen, Michael",2024,1,75.0,75,75,233,4-Seam Fastball,-0.7
594835,"Gonzales, Marco",2024,1,73.0,73,73,139,Changeup,-0.7
676974,"Meyer, Max",2025,2,71.5,96,47,598,Slider,-0.6974916387959866
663704,"McArthur, James",2024,2,78.0,79,77,626,Sinker,-0.6971246006389776
673513,"Matsui, Yuki",2025,2,74.0,83,65,762,4-Seam Fastball,-0.6960629921259843
641540,"Dunning, Dane",2024,3,74.66666666666667,95,55,1353,Sinker,-0.6904656319290466
642546,"Hernández, Jonathan",2024,2,73.0,95,51,660,Slider,-0.6795454545454546
548389,"Stripling, Ross",2024,5,70.8,96,27,1241,4-Seam Fastball,-0.6714746172441579
592866,"Williams, Trevor",2025,2,72.0,87,57,1011,4-Seam Fastball,-0.6701285855588526
573124,"Rogers, Taylor",2025,2,63.5,97,30,894,Sweeper,-0.6695749440715882
641302,"Alexander, Tyler",2024,5,69.4,97,21,1661,Cutter,-0.650632149307646
605452,"Ross, Joe",2025,3,73.33333333333333,89,43,743,4-Seam Fastball,-0.6464333781965006
657508,"Baumann, Mike",2024,3,72.66666666666667,81,67,1045,4-Seam Fastball,-0.6242105263157894
542881,"Anderson, Tyler",2025,3,74.0,93,56,2167,4-Seam Fastball,-0.623534840793724
641755,"Kinley, Tyler",2024,2,78.0,91,65,1138,Slider,-0.6180140597539544
801403,"Dollander, Chase",2025,3,63.333333333333336,87,28,1421,4-Seam Fastball,-0.6147079521463759
671212,"Boyle, Joe",2024,2,68.0,85,51,901,4-Seam Fastball,-0.6122086570477248
621111,"Buehler, Walker",2025,5,69.4,94,15,1888,4-Seam Fastball,-0.6078919491525424
665795,"Cabrera, Edward",2024,3,68.66666666666667,92,50,1425,Changeup,-0.6066666666666667
676879,"Ashby, Aaron",2024,1,77.0,77,77,216,Sinker,-0.6
815083,"Farris, Mitch",2025,1,73.0,73,73,202,4-Seam Fastball,-0.6
668964,"Myers, Tobias",2025,1,73.0,73,73,373,4-Seam Fastball,-0.6
693821,"Elder, Bryce",2025,4,74.0,98,58,2514,Sinker,-0.5963404932378681
571927,"Matz, Steven",2024,2,73.0,97,49,644,Sinker,-0.5940993788819876
607536,"Freeland, Kyle",2025,5,73.6,91,30,2335,4-Seam Fastball,-0.5912633832976446
642152,"Trivino, Lou",2025,2,71.5,90,53,389,Cutter,-0.587146529562982
682990,"Priester, Quinn",2024,2,75.5,85,66,471,Sinker,-0.583864118895966
615698,"Quantrill, Cal",2025,5,69.2,90,42,1836,Sinker,-0.5705337690631809
656288,"Canning, Griffin",2024,4,71.0,83,38,2831,4-Seam Fastball,-0.5701872129989404
672456,"Montero, Keider",2024,3,75.0,97,51,1253,4-Seam Fastball,-0.5684756584197924
593958,"Rodriguez, Eduardo",2025,4,67.5,93,27,2368,4-Seam Fastball,-0.5649915540540541
683409,"Chivilli, Angel",2024,2,68.5,87,50,419,4-Seam Fastball,-0.5625298329355609
687473,"Gusto, Ryan",2025,4,77.75,98,43,1412,4-Seam Fastball,-0.5594192634560906
676664,"Sears, JP",2025,3,70.0,85,43,1943,4-Seam Fastball,-0.5559444158517757
606930,"Barnes, Jacob",2024,2,71.5,77,66,1078,Cutter,-0.5448979591836736
666214,"Wentz, Joey",2025,3,73.66666666666667,80,68,1585,4-Seam Fastball,-0.5445425867507886
547179,"Lorenzen, Michael",2025,7,64.42857142857143,99,38,2318,4-Seam Fastball,-0.5402502157031925
641771,"Kuhl, Chad",2024,2,63.0,99,27,567,Slider,-0.53015873015873
700249,"Povich, Cade",2024,3,74.66666666666667,95,36,989,4-Seam Fastball,-0.5264914054600606
690986,"Harrison, Kyle",2024,3,70.66666666666667,87,61,2070,4-Seam Fastball,-0.5252173913043479
641712,"Hudson, Dakota",2024,4,66.5,98,34,1351,Sinker,-0.5250925240562546
592426,"Jackson, Luke",2024,2,72.5,77,68,767,Slider,-0.524380704041721
675911,"Strider, Spencer",2025,2,73.0,73,73,1825,4-Seam Fastball,-0.5184657534246575
702674,"Dana, Caden",2025,2,64.0,85,43,408,4-Seam Fastball,-0.5161764705882352
676917,"Cavalli, Cade",2025,2,63.0,90,36,469,Curveball,-0.5149253731343284
596295,"Gomber, Austin",2024,4,65.0,87,50,2620,4-Seam Fastball,-0.5115267175572519
450203,"Morton, Charlie",2024,4,74.25,90,49,2572,Curveball,-0.5074261275272162
694297,"Pfaadt, Brandon",2025,6,63.333333333333336,98,16,2918,Sinker,-0.5072995202193283
656464,"Ginkel, Kevin",2025,2,70.0,83,57,457,4-Seam Fastball,-0.5054704595185996
605288,"Houser, Adrian",2024,1,75.0,75,75,503,Sinker,-0.5
594580,"Moll, Sam",2024,1,70.0,70,70,238,4-Seam Fastball,-0.5
681799,"Roberts, Ethan",2024,1,78.0,78,78,281,Sweeper,-0.5
647315,"Pop, Zach",2024,1,75.0,75,75,540,Sinker,-0.5
592662,"Ray, Robbie",2024,1,70.0,70,70,301,4-Seam Fastball,-0.5
663738,"Lynch IV, Daniel",2024,1,70.0,70,70,224,4-Seam Fastball,-0.5
434378,"Verlander, Justin",2024,3,66.33333333333333,86,38,1418,4-Seam Fastball,-0.4993653032440056
663567,"Lambert, Peter",2024,3,71.0,85,58,854,4-Seam Fastball,-0.4923887587822014
671106,"Allen, Logan",2025,5,66.4,86,37,2705,4-Seam Fastball,-0.4804436229205176
670280,"Bednar, David",2024,2,66.0,79,53,814,4-Seam Fastball,-0.4769041769041769
527048,"Pérez, Martín",2024,4,68.25,89,44,2101,Sinker,-0.46439790575916234
669920,"Alexander, Jason",2025,2,70.0,77,63,910,Sinker,-0.4604395604395604
676106,"Hancock, Emerson",2024,3,63.0,93,41,847,4-Seam Fastball,-0.4597402597402597
663978,"Paddack, Chris",2025,5,72.6,84,43,2507,4-Seam Fastball,-0.4555245313123255
687765,"Spence, Mitch",2025,3,58.666666666666664,88,11,1212,Cutter,-0.4481848184818482
592836,"Walker, Taijuan",2025,4,68.25,88,46,1732,Cutter,-0.4457852193995381
669160,"May, Dustin",2025,4,74.25,93,57,2151,Sweeper,-0.44509530450953044
663554,"Mize, Casey",2025,5,63.8,90,33,2353,4-Seam Fastball,-0.44028899277518063
547973,"Chapman, Aroldis",2024,3,70.0,85,57,990,4-Seam Fastball,-0.4394949494949495
571945,"Mikolas, Miles",2024,5,69.2,100,19,2592,4-Seam Fastball,-0.43734567901234567
686563,"Cannon, Jonathan",2024,5,68.2,93,48,2028,Sinker,-0.432741617357002
678394,"Bello, Brayan",2024,3,70.66666666666667,79,56,2576,Sinker,-0.42996894409937886
671212,"Boyle, Joe",2025,2,70.0,70,70,781,4-Seam Fastball,-0.41600512163892445
700669,"Graceffo, Gordon",2025,2,68.5,73,64,524,4-Seam Fastball,-0.4116412213740458
657024,"Swanson, Erik",2024,2,62.5,96,29,538,4-Seam Fastball,-0.41040892193308565
663436,"Martin, Davis",2024,2,70.0,87,53,415,Sweeper,-0.40578313253012044
592767,"Smyly, Drew",2024,2,69.0,75,63,979,Curveball,-0.4027579162410623
641835,"Mayza, Tim",2024,1,72.0,72,72,524,Sinker,-0.4
669713,"Wesneski, Hayden",2025,1,68.0,68,68,186,4-Seam Fastball,-0.4
518617,"Diekman, Jake",2024,1,68.0,68,68,299,4-Seam Fastball,-0.4
676130,"Buttó, José",2025,3,71.0,85,55,852,4-Seam Fastball,-0.39413145539906114
682120,"Herrin, Tim",2025,2,58.5,98,19,490,Curveball,-0.39183673469387753
665625,"Peguero, Elvis",2024,2,68.5,86,51,828,Slider,-0.39033816425120765
670174,"Winckowski, Josh",2024,2,68.5,81,56,854,Cutter,-0.3894613583138173
664854,"Helsley, Ryan",2025,2,51.5,99,4,909,Slider,-0.38833883388338836
605400,"Nola, Aaron",2025,4,66.5,79,50,1453,4-Seam Fastball,-0.38788713007570547
519043,"Moore, Matt",2024,2,63.5,88,39,698,4-Seam Fastball,-0.3765042979942694
676106,"Hancock, Emerson",2025,3,61.0,96,21,1214,Sinker,-0.37372322899505767
570632,"Ureña, José",2025,3,69.0,91,53,808,Sinker,-0.37363861386138614
680689,"Richardson, Lyon",2025,2,52.0,94,10,469,Changeup,-0.37014925373134333
679525,"Marsh, Alec",2024,5,64.8,89,19,2055,4-Seam Fastball,-0.368272506082725
671096,"Abbott, Andrew",2024,4,63.0,90,24,2328,4-Seam Fastball,-0.35962199312714777
663362,"Waldron, Matt",2024,5,51.8,81,32,2450,Knuckleball,-0.35942857142857143
669467,"Pallante, Andre",2025,4,65.5,89,47,2717,4-Seam Fastball,-0.35347810084652187
641927,"Ober, Bailey",2025,4,68.75,93,41,2198,4-Seam Fastball,-0.3520928116469517
656605,"Keller, Mitch",2024,5,66.8,99,39,2547,4-Seam Fastball,-0.3383981154299176
663432,"Rainey, Tanner",2024,2,65.5,70,61,926,4-Seam Fastball,-0.33153347732181426
650644,"Civale, Aaron",2025,4,65.25,85,49,1505,Cutter,-0.3281063122923588
642232,"Yarbrough, Ryan",2025,3,64.66666666666667,85,46,679,Cutter,-0.32518409425625916
669372,"Ginn, J.T.",2025,3,75.66666666666667,90,49,1426,Sinker,-0.320617110799439
663855,"Hicks, Jordan",2024,3,68.33333333333333,75,63,1853,Sinker,-0.3178089584457636
594902,"Lively, Ben",2024,5,68.6,83,49,2293,4-Seam Fastball,-0.3154382904491932
669022,"Gore, MacKenzie",2024,4,67.5,82,49,2940,4-Seam Fastball,-0.30670068027210884
661527,"Martinez, Seth",2024,3,56.0,93,24,716,4-Seam Fastball,-0.3008379888268156
663574,"Santillan, Tony",2024,1,64.0,64,64,304,4-Seam Fastball,-0.3
613534,"Adams, Austin",2024,1,70.0,70,70,594,Slider,-0.3
672578,"Hernández, Carlos",2025,1,64.0,64,64,394,4-Seam Fastball,-0.3
676661,"Lazar, Max",2025,1,64.0,64,64,357,4-Seam Fastball,-0.3
676664,"Sears, JP",2024,4,61.25,79,41,2598,4-Seam Fastball,-0.29846035411855276
680732,"Burke, Sean",2025,3,63.333333333333336,89,40,2106,4-Seam Fastball,-0.2844729344729345
680704,"Sandlin, Nick",2024,3,62.333333333333336,90,14,915,Slider,-0.2827322404371585
687765,"Spence, Mitch",2024,4,68.5,86,62,2453,Cutter,-0.28194048104362
696136,"Wicks, Jordan",2024,2,59.5,73,46,604,4-Seam Fastball,-0.27218543046357613
650644,"Civale, Aaron",2024,5,70.8,97,23,2605,Cutter,-0.27047984644913625
694738,"Roupp, Landen",2025,3,61.0,80,50,1714,Sinker,-0.2696616102683781
663738,"Lynch IV, Daniel",2025,4,66.25,83,47,981,Slider,-0.2632008154943935
607067,"Rea, Colin",2024,5,63.6,94,21,2530,Sinker,-0.2624901185770751
656546,"Hoffman, Jeff",2025,3,61.333333333333336,89,27,1027,4-Seam Fastball,-0.2597857838364167
669713,"Wesneski, Hayden",2024,2,67.0,81,53,824,Sweeper,-0.2575242718446602
681402,"Varland, Gus",2024,2,53.5,99,8,427,4-Seam Fastball,-0.25597189695550354
676702,"Stratton, Hunter",2024,2,64.5,68,61,434,4-Seam Fastball,-0.25000000000000006
657514,"Bernardino, Brennan",2024,2,65.0,66,64,705,Sinker,-0.24312056737588653
806185,"Birdsong, Hayden",2025,3,62.666666666666664,80,50,1019,4-Seam Fastball,-0.2407262021589794
806185,"Birdsong, Hayden",2024,3,58.333333333333336,79,28,1134,4-Seam Fastball,-0.23853615520282187
666214,"Wentz, Joey",2024,2,57.0,87,27,831,4-Seam Fastball,-0.23718411552346574
656731,"Megill, Tylor",2024,2,69.0,95,43,831,4-Seam Fastball,-0.23694344163658243
663623,"Irvin, Jake",2024,3,65.0,86,51,2732,4-Seam Fastball,-0.23557833089311855
668678,"Gallen, Zac",2025,4,61.0,98,30,3053,4-Seam Fastball,-0.23075663282017683
663978,"Paddack, Chris",2024,3,64.33333333333333,87,29,1262,4-Seam Fastball,-0.22472266244057054
592773,"Stanek, Ryne",2024,2,67.5,87,48,788,4-Seam Fastball,-0.22436548223350247
670167,"Schreiber, John",2025,3,67.0,83,58,830,4-Seam Fastball,-0.21313253012048194
695418,"Lord, Brad",2025,4,55.75,92,17,2124,4-Seam Fastball,-0.21280602636534837
621244,"Berríos, José",2025,4,66.25,86,53,2434,Sinker,-0.2084634346754314
572020,"Paxton, James",2024,2,56.5,73,40,1445,4-Seam Fastball,-0.20643598615916953
695549,"Jobe, Jackson",2025,2,65.0,73,57,540,4-Seam Fastball,-0.20296296296296296
650671,"Quijada, José",2024,1,61.0,61,61,357,4-Seam Fastball,-0.2
595014,"Treinen, Blake",2025,1,69.0,69,69,241,Sweeper,-0.2
664299,"Javier, Cristian",2025,1,61.0,61,61,246,4-Seam Fastball,-0.2
806960,"Morales, Luis",2025,1,61.0,61,61,423,4-Seam Fastball,-0.2
688297,"Roycroft, Chris",2024,1,66.0,66,66,277,Sinker,-0.2
669724,"Hanifee, Brenan",2025,1,66.0,66,66,592,Sinker,-0.2
667463,"King, John",2025,1,66.0,66,66,463,Sinker,-0.2
702352,"Bivens, Spencer",2024,1,66.0,66,66,363,Sinker,-0.2
543859,"Tonkin, Michael",2025,1,61.0,61,61,226,4-Seam Fastball,-0.2
579328,"Kikuchi, Yusei",2025,4,58.0,85,40,3054,Slider,-0.19999999999999998
669194,"Nelson, Ryne",2024,4,66.5,96,39,2225,4-Seam Fastball,-0.1990112359550562
678226,"Hernández, Daysbel",2025,2,56.0,83,29,717,Slider,-0.197071129707113
605488,"Springs, Jeffrey",2025,3,58.0,73,38,2506,4-Seam Fastball,-0.19257781324820433
820862,"Fermin, José",2025,2,65.0,73,57,620,Slider,-0.19096774193548383
640448,"Finnegan, Kyle",2024,2,64.5,71,58,1008,4-Seam Fastball,-0.1854166666666667
686539,"Cronin, Declan",2024,2,67.0,80,54,1009,Slider,-0.18513379583746284
656945,"Scott, Tanner",2025,2,62.0,77,47,909,4-Seam Fastball,-0.1850385038503851
641793,"Littell, Zack",2025,4,60.75,77,41,2638,Slider,-0.18040181956027296
647336,"Soroka, Michael",2024,3,64.0,88,43,1220,4-Seam Fastball,-0.17573770491803278
686752,"Pepiot, Ryan",2025,3,62.333333333333336,88,38,2368,4-Seam Fastball,-0.17390202702702703
666157,"Lodolo, Nick",2024,4,62.25,73,43,1863,Sinker,-0.16908212560386474
608372,"Sugano, Tomoyuki",2025,5,64.2,81,48,2316,Split-Finger,-0.165846286701209
671737,"Bradley, Taj",2025,5,60.0,91,16,2272,4-Seam Fastball,-0.1654929577464789
608717,"Stratton, Chris",2024,3,60.666666666666664,70,54,801,4-Seam Fastball,-0.15792759051186017
663436,"Martin, Davis",2025,4,60.75,86,48,2057,4-Seam Fastball,-0.1570734078755469
701581,"Festa, David",2024,3,58.666666666666664,83,14,1099,4-Seam Fastball,-0.1510464058234759
676775,"Winn, Keaton",2024,2,67.5,87,48,566,Split-Finger,-0.14858657243816265
694363,"Shuster, Jared",2024,3,59.666666666666664,77,41,1239,4-Seam Fastball,-0.1475383373688459
622554,"Domínguez, Seranthony",2024,4,59.25,92,8,1047,4-Seam Fastball,-0.1468958930276982
641302,"Alexander, Tyler",2025,5,58.4,98,9,1585,4-Seam Fastball,-0.1461198738170347
656731,"Megill, Tylor",2025,3,66.0,88,27,1046,4-Seam Fastball,-0.14378585086042064
677944,"Cecconi, Slade",2025,4,59.0,91,21,1841,4-Seam Fastball,-0.13921781640412817
678368,"Bellozo, Valente",2024,2,53.0,79,27,686,4-Seam Fastball,-0.13833819241982512
640455,"Manaea, Sean",2025,2,63.0,87,39,1034,4-Seam Fastball,-0.1382011605415861
689672,"Thorpe, Drew",2024,2,52.5,96,9,488,Changeup,-0.13442622950819677
669461,"Liberatore, Matthew",2025,6,58.166666666666664,99,7,2386,4-Seam Fastball,-0.13365465213746855
502043,"Gibson, Kyle",2024,5,57.4,92,19,2525,Sinker,-0.12368316831683167
665152,"Kremer, Dean",2024,4,61.25,75,53,1923,4-Seam Fastball,-0.12350494019760787
681867,"Criswell, Cooper",2024,4,54.5,93,30,1722,Sinker,-0.12235772357723572
605130,"Barlow, Scott",2024,2,69.5,86,53,659,Sweeper,-0.12200303490136567
656641,"Latz, Jacob",2024,2,52.5,70,35,587,4-Seam Fastball,-0.12180579216354344
690928,"Dobbins, Hunter",2025,2,61.0,68,54,629,4-Seam Fastball,-0.1195548489666137
677053,"Nardi, Andrew",2024,2,62.5,70,55,899,4-Seam Fastball,-0.11612903225806451
701581,"Festa, David",2025,3,57.666666666666664,89,30,770,4-Seam Fastball,-0.11428571428571427
693312,"Nicolas, Kyle",2024,2,63.0,93,33,732,4-Seam Fastball,-0.11379781420765021
607067,"Rea, Colin",2025,5,58.6,96,32,2114,4-Seam Fastball,-0.11376537369914853
663878,"Pearson, Nate",2024,2,58.0,83,33,917,4-Seam Fastball,-0.11297709923664125
678022,"Perkins, Jack",2025,2,50.5,93,8,476,4-Seam Fastball,-0.1119747899159664
502624,"Anderson, Chase",2024,2,56.0,87,25,653,Cutter,-0.11163859111791727
668909,"Williams, Gavin",2024,2,61.0,67,55,975,4-Seam Fastball,-0.11117948717948718
678020,"Halvorsen, Seth",2025,2,60.5,68,53,510,4-Seam Fastball,-0.11058823529411765
506433,"Darvish, Yu",2024,3,62.0,68,55,740,Slider,-0.10824324324324323
593958,"Rodriguez, Eduardo",2024,2,59.5,68,51,564,4-Seam Fastball,-0.1074468085106383
663776,"Sandoval, Patrick",2024,3,63.666666666666664,85,41,1018,Changeup,-0.106483300589391
657571,"Ferguson, Caleb",2024,3,50.333333333333336,89,12,846,4-Seam Fastball,-0.10579196217494083
641656,"Hamilton, Ian",2024,1,65.0,65,65,336,Slider,-0.1
622253,"Tate, Dillon",2024,1,63.0,63,63,319,Sinker,-0.1
518886,"Kimbrel, Craig",2024,1,58.0,58,58,633,4-Seam Fastball,-0.1
547184,"Kelly, Michael",2025,1,67.0,67,67,332,Sweeper,-0.1
672582,"Zerpa, Angel",2025,3,64.66666666666667,85,41,1059,Sinker,-0.09716713881019834
543294,"Hendricks, Kyle",2024,3,50.333333333333336,77,16,1863,Changeup,-0.09350509930220074
607259,"Martinez, Nick",2025,6,56.833333333333336,87,26,2577,Cutter,-0.0752037252619325
669060,"Wilson, Bryse",2024,4,58.25,100,16,1573,Cutter,-0.07279084551811817
663559,"Falter, Bailey",2024,4,62.75,93,48,2126,4-Seam Fastball,-0.061241768579492
702352,"Bivens, Spencer",2025,3,61.666666666666664,88,39,1036,Sinker,-0.05501930501930502
678368,"Bellozo, Valente",2025,3,51.0,85,5,1048,Cutter,-0.054007633587786284
663559,"Falter, Bailey",2025,4,56.5,88,8,1783,4-Seam Fastball,-0.053785754346606846
543294,"Hendricks, Kyle",2025,3,55.333333333333336,80,38,2359,Changeup,-0.05103857566765582
656234,"Bird, Jake",2025,3,49.0,96,10,933,Sweeper,-0.045337620578778146
500779,"Quintana, Jose",2025,5,48.6,75,7,2174,Sinker,-0.04195032198712051
571760,"Heaney, Andrew",2024,3,56.333333333333336,68,43,2599,4-Seam Fastball,-0.0397460561754521
656222,"Beeks, Jalen",2024,2,59.5,83,36,962,4-Seam Fastball,-0.03721413721413722
661563,"Gil, Luis",2025,3,58.666666666666664,83,43,970,4-Seam Fastball,-0.032886597938144344
680573,"Woods Richardson, Simeon",2024,3,51.666666666666664,99,27,2082,4-Seam Fastball,-0.03093179634966372
663372,"Feltner, Ryan",2024,5,59.2,88,21,2447,4-Seam Fastball,-0.028606456885982824
669358,"Baz, Shane",2025,4,61.0,87,39,2636,4-Seam Fastball,-0.02450682852807283
675848,"Mejia, Juan",2025,2,61.0,89,33,1073,4-Seam Fastball,-0.023299161230195767
663903,"Singer, Brady",2025,5,61.0,83,33,2850,Sinker,-0.02157894736842105
571578,"Corbin, Patrick",2025,3,56.0,83,30,2263,Slider,-0.021475916924436598
519151,"Pressly, Ryan",2024,3,53.333333333333336,87,33,841,4-Seam Fastball,-0.018430439952437573
665660,"Alvarado, Elvis",2025,2,58.0,80,36,617,4-Seam Fastball,-0.01620745542949757
668933,"Ashcraft, Graham",2025,2,54.0,89,19,1039,Cutter,-0.014533205004812342
500779,"Quintana, Jose",2024,4,58.0,79,37,2651,Sinker,-0.011241041116559793
676710,"Crawford, Kutter",2024,4,57.75,78,42,2621,4-Seam Fastball,-0.007592521938191543
806188,"Gibson, Cade",2025,1,58.0,58,58,259,Curveball,0.0
672391,"Ort, Kaleb",2024,1,55.0,55,55,203,4-Seam Fastball,0.0
605177,"Chafin, Andrew",2024,2,57.5,91,24,824,Slider,0.005339805825242691
656550,"Holmes, Grant",2025,4,46.25,94,24,1939,Slider,0.006704486848891122
682052,"Lopez, Jacob",2025,4,62.75,93,29,1563,4-Seam Fastball,0.006973768394113978
453286,"Scherzer, Max",2025,2,60.5,85,36,1003,4-Seam Fastball,0.007976071784646061
672710,"Contreras, Roansy",2024,2,54.0,93,15,669,4-Seam Fastball,0.013303437967115148
669022,"Gore, MacKenzie",2025,4,54.75,90,21,2690,4-Seam Fastball,0.018364312267658004
571948,"Milner, Hoby",2025,3,62.666666666666664,87,43,993,Sweeper,0.021450151057401824
680767,"Vodnik, Victor",2024,3,47.333333333333336,70,9,1340,4-Seam Fastball,0.03149253731343287
669387,"Mlodzinski, Carmen",2025,4,59.5,91,43,1327,4-Seam Fastball,0.03300678221552377
434378,"Verlander, Justin",2025,5,49.4,86,1,2598,4-Seam Fastball,0.03364126250962281
667755,"Soriano, José",2025,5,56.8,97,36,2774,Sinker,0.03554434030281183
614179,"Ruiz, José",2024,3,52.0,70,33,776,Curveball,0.036211340206185556
663893,"Little, Brendon",2024,2,49.5,75,24,618,Sinker,0.03640776699029126
680730,"Parker, Mitchell",2024,4,55.5,84,30,2404,4-Seam Fastball,0.039018302828618956
664747,"Díaz, Alexis",2024,2,58.0,61,55,977,4-Seam Fastball,0.04206755373592631
656427,"Flaherty, Jack",2025,3,57.666666666666664,64,48,2714,4-Seam Fastball,0.04307295504789979
665871,"Assad, Javier",2024,4,60.25,77,43,2150,Sinker,0.04744186046511628
673929,"Leasure, Jordan",2025,2,51.0,83,19,1085,4-Seam Fastball,0.05023041474654378
542881,"Anderson, Tyler",2024,3,56.0,83,17,2764,4-Seam Fastball,0.051266280752532555
605135,"Bassitt, Chris",2024,4,50.0,69,30,2415,Sinker,0.05213250517598345
663687,"Harris, Hogan",2025,2,47.5,61,34,894,4-Seam Fastball,0.0577181208053691
593423,"Montas, Frankie",2024,4,55.25,90,21,2354,4-Seam Fastball,0.06057774001699241
681190,"Vásquez, Randy",2025,5,57.2,93,7,1953,Cutter,0.0632360471070149
622663,"Severino, Luis",2024,5,55.4,99,32,2688,4-Seam Fastball,0.06603422619047615
688138,"Evans, Logan",2025,3,60.666666666666664,93,14,897,Cutter,0.06622073578595322
681293,"Arrighetti, Spencer",2024,4,47.0,77,27,2277,4-Seam Fastball,0.07035573122529638
676440,"Bibee, Tanner",2025,5,54.0,74,30,2817,4-Seam Fastball,0.07103301384451545
687792,"Herz, DJ",2024,3,63.0,91,21,1533,4-Seam Fastball,0.07325505544683628
687911,"King, Bryan",2025,2,59.0,79,39,973,4-Seam Fastball,0.07420349434737929
544150,"Suárez, Albert",2024,4,54.0,68,39,2229,4-Seam Fastball,0.08079856437864515
680570,"Rodriguez, Grayson",2024,4,54.5,85,22,1879,4-Seam Fastball,0.08302288451303884
701542,"Warren, Will",2025,4,59.75,93,21,2606,4-Seam Fastball,0.08311588641596317
621112,"Blackburn, Paul",2024,4,51.25,91,8,923,Cutter,0.08494041170097506
675540,"Curry, Xzavion",2024,2,54.0,61,47,535,4-Seam Fastball,0.08654205607476635
458681,"Lynn, Lance",2024,3,62.0,87,24,1758,4-Seam Fastball,0.08691695108077364
694819,"Misiorowski, Jacob",2025,3,59.0,77,36,1095,4-Seam Fastball,0.09150684931506851
650633,"King, Michael",2025,3,47.0,97,7,918,Sinker,0.09411764705882338
645261,"Alcantara, Sandy",2025,5,58.6,85,11,2891,Sinker,0.09498443445174687
665795,"Cabrera, Edward",2025,5,53.4,97,16,2252,Changeup,0.09640319715808171
670059,"Holderman, Colin",2024,3,64.33333333333333,92,21,859,Sweeper,0.0981373690337602
683175,"Phillips, Connor",2025,1,51.0,51,51,188,4-Seam Fastball,0.1
686799,"Kochanowicz, Jack",2024,1,58.0,58,58,624,Sinker,0.1
665622,"Medina, Luis",2024,1,51.0,51,51,300,4-Seam Fastball,0.1
693313,"Seymour, Carson",2025,1,58.0,58,58,263,Sinker,0.1
594902,"Lively, Ben",2025,1,58.0,58,58,175,Sinker,0.1
663687,"Harris, Hogan",2024,1,51.0,51,51,679,4-Seam Fastball,0.1
686930,"Barnett, Mason",2025,1,51.0,51,51,230,4-Seam Fastball,0.1
624522,"Thompson, Keegan",2024,1,51.0,51,51,202,4-Seam Fastball,0.10000000000000002
543859,"Tonkin, Michael",2024,2,55.5,63,48,1041,4-Seam Fastball,0.10278578290105668
605452,"Ross, Joe",2024,3,55.333333333333336,99,32,1078,Slider,0.10816326530612247
642547,"Peralta, Freddy",2024,3,51.666666666666664,65,35,2824,4-Seam Fastball,0.11026912181303115
656605,"Keller, Mitch",2025,5,59.8,82,43,2657,4-Seam Fastball,0.11035001881821604
694813,"Stone, Gavin",2024,4,53.25,79,33,1914,Changeup,0.11959247648902827
572143,"Smith, Burch",2024,2,57.0,97,17,640,4-Seam Fastball,0.1200000000000001
689017,"Knack, Landon",2024,2,48.5,64,33,788,4-Seam Fastball,0.12233502538071067
622491,"Castillo, Luis",2024,4,60.5,94,24,2858,4-Seam Fastball,0.12575227431770472
621053,"Ferguson, Tyler",2025,2,55.5,58,53,695,4-Seam Fastball,0.12589928057553956
607074,"Rodón, Carlos",2024,3,47.333333333333336,70,17,2736,4-Seam Fastball,0.13103070175438597
689147,"Kerkering, Orion",2025,2,49.5,75,24,871,Sweeper,0.1313432835820896
683155,"Estes, Joey",2024,3,56.666666666666664,78,41,1711,4-Seam Fastball,0.13296317942723557
669211,"Akin, Keegan",2025,3,46.666666666666664,79,4,1058,4-Seam Fastball,0.13402646502835544
472610,"García, Luis",2025,3,58.0,65,48,879,Sinker,0.13651877133105803
623149,"Sewald, Paul",2024,2,49.0,75,23,625,4-Seam Fastball,0.13663999999999996
665152,"Kremer, Dean",2025,5,55.4,73,32,2689,4-Seam Fastball,0.13763480847898849
672782,"Gómez, Yoendrys",2025,2,48.0,64,32,580,4-Seam Fastball,0.13862068965517244
673540,"Senga, Kodai",2025,3,53.666666666666664,81,22,1528,4-Seam Fastball,0.14136125654450263
472610,"García, Luis",2024,2,63.0,77,49,643,Sinker,0.1418351477449456
605288,"Houser, Adrian",2025,4,59.25,80,41,1671,Sinker,0.14260921603830037
592662,"Ray, Robbie",2025,4,58.0,96,33,3055,4-Seam Fastball,0.14428805237315878
656302,"Cease, Dylan",2025,2,54.5,55,54,2526,4-Seam Fastball,0.14762470308788597
445926,"Chavez, Jesse",2024,2,57.0,81,33,814,Cutter,0.14766584766584762
660896,"Alcala, Jorge",2024,2,53.0,73,33,768,4-Seam Fastball,0.15000000000000002
694297,"Pfaadt, Brandon",2024,4,52.5,71,29,2628,4-Seam Fastball,0.15015220700152207
622663,"Severino, Luis",2025,4,52.5,65,32,2475,4-Seam Fastball,0.1516767676767677
684320,"Rodríguez, Yariel",2024,2,54.5,61,48,1040,4-Seam Fastball,0.15923076923076926
624133,"Suarez, Ranger",2024,5,53.2,95,27,2352,Sinker,0.1608843537414966
678394,"Bello, Brayan",2025,5,57.6,71,37,2697,Sinker,0.16303299962921772
605397,"Musgrove, Joe",2024,4,49.5,85,16,1360,4-Seam Fastball,0.16345588235294117
677960,"Weathers, Ryan",2024,4,50.25,75,28,1404,4-Seam Fastball,0.16880341880341884
573124,"Rogers, Taylor",2024,2,57.5,69,46,1082,Sinker,0.16940850277264327
642397,"Soto, Gregory",2025,2,50.5,72,29,876,Sinker,0.17363013698630142
680573,"Woods Richardson, Simeon",2025,3,55.666666666666664,62,48,1553,4-Seam Fastball,0.17591757887958792
669461,"Liberatore, Matthew",2024,3,55.333333333333336,75,19,1032,4-Seam Fastball,0.1762596899224806
676282,"Cantillo, Joey",2025,3,45.666666666666664,70,33,1494,4-Seam Fastball,0.18165997322623828
670970,"Morejon, Adrian",2024,3,55.666666666666664,87,27,949,Sinker,0.1841938883034773
663485,"Sands, Cole",2025,3,55.0,89,2,823,4-Seam Fastball,0.18493317132442288
592426,"Jackson, Luke",2025,2,49.0,65,33,646,Slider,0.18606811145510838
518585,"Cruz, Fernando",2024,3,55.666666666666664,97,12,1131,Split-Finger,0.19628647214854122
682847,"Ortiz, Luis",2025,4,53.0,77,6,1317,4-Seam Fastball,0.1973424449506454
641154,"López, Pablo",2024,5,64.4,96,13,2986,4-Seam Fastball,0.19758874748827862
701552,"Granillo, Andre",2025,1,57.0,57,57,235,Slider,0.2
688158,"Morgan, David",2025,1,48.0,48,48,281,4-Seam Fastball,0.2
670912,"Oviedo, Johan",2025,2,52.5,57,48,460,4-Seam Fastball,0.2
572955,"Johnson, Pierce",2024,1,49.0,49,49,656,Curveball,0.20000000000000004
621237,"Alvarado, José",2024,2,54.0,55,53,1047,Sinker,0.20000000000000004
621107,"Eflin, Zach",2025,3,51.0,93,7,637,Cutter,0.20219780219780223
676092,"Snider, Collin",2024,2,52.5,62,43,534,4-Seam Fastball,0.20486891385767791
571948,"Milner, Hoby",2024,3,50.0,91,2,894,Sweeper,0.2058165548098434
656271,"Burke, Brock",2025,3,50.333333333333336,88,27,933,4-Seam Fastball,0.20814576634512325
656849,"Peterson, David",2025,5,48.8,85,16,2699,Sinker,0.21252315672471284
592791,"Taillon, Jameson",2025,6,42.833333333333336,99,1,1979,4-Seam Fastball,0.21258211217786757
666157,"Lodolo, Nick",2025,4,50.25,66,22,2478,Curveball,0.21263115415657788
656288,"Canning, Griffin",2025,3,49.666666666666664,73,12,1194,4-Seam Fastball,0.21432160804020106
605280,"Holmes, Clay",2024,3,47.333333333333336,75,14,1082,Sinker,0.21608133086876155
593576,"Neris, Héctor",2024,2,50.5,77,24,895,4-Seam Fastball,0.21620111731843578
592773,"Stanek, Ryne",2025,2,53.0,63,43,838,4-Seam Fastball,0.2173031026252983
621244,"Berríos, José",2024,4,52.0,68,37,2813,Sinker,0.2195165303945965
669711,"Weissert, Greg",2024,3,43.333333333333336,90,12,862,Sinker,0.22273781902552203
623437,"Topa, Justin",2025,3,54.0,63,43,832,Sinker,0.22307692307692303
669854,"Blanco, Ronel",2025,2,49.0,92,6,533,4-Seam Fastball,0.22307692307692314
668964,"Myers, Tobias",2024,4,46.0,84,24,2062,4-Seam Fastball,0.22885548011639184
681343,"Smith, Shane",2025,5,56.8,97,6,2416,4-Seam Fastball,0.2377897350993377
656849,"Peterson, David",2024,4,51.5,89,26,1728,Sinker,0.24074074074074078
656464,"Ginkel, Kevin",2024,2,51.0,54,48,1079,4-Seam Fastball,0.2421686746987952
643410,"Leiter Jr., Mark",2024,2,52.0,95,9,656,Split-Finger,0.2432926829268293
608718,"Suter, Brent",2024,3,53.333333333333336,70,27,856,4-Seam Fastball,0.2446261682242991
668909,"Williams, Gavin",2025,5,39.6,77,13,2923,4-Seam Fastball,0.2461512145056449
677161,"Kelly, Zack",2024,3,54.333333333333336,81,8,755,4-Seam Fastball,0.24715231788079473
684007,"Imanaga, Shota",2025,3,39.333333333333336,79,5,2101,4-Seam Fastball,0.24831032841504042
657746,"Ryan, Joe",2025,5,65.0,97,17,2685,4-Seam Fastball,0.2508007448789571
605135,"Bassitt, Chris",2025,4,49.25,66,21,2377,Sinker,0.25107278081615486
608337,"Giolito, Lucas",2025,3,50.666666666666664,57,39,2285,4-Seam Fastball,0.25347921225382936
672335,"Pérez, Cionel",2024,3,56.0,77,36,863,Sinker,0.2572421784472769
686752,"Pepiot, Ryan",2024,3,52.0,73,29,1962,4-Seam Fastball,0.2646279306829766
660853,"De Los Santos, Enyel",2025,2,48.0,61,35,937,4-Seam Fastball,0.26606189967982924
669371,"Henry, Cole",2025,2,52.5,81,24,807,4-Seam Fastball,0.26951672862453535
605347,"López, Jorge",2024,2,42.0,72,12,450,Sinker,0.2713333333333333
605280,"Holmes, Clay",2025,5,53.4,85,23,2615,Sinker,0.27193116634799236
605121,"Anderson, Justin",2024,2,45.0,73,17,741,Slider,0.2758434547908231
622491,"Castillo, Luis",2025,4,57.0,79,27,2988,4-Seam Fastball,0.2768741633199465
641793,"Littell, Zack",2024,4,52.75,82,29,2359,Slider,0.2778295888088173
608334,"Fulmer, Carson",2024,4,46.5,68,14,1329,Changeup,0.2834462001504891
623211,"Brazobán, Huascar",2025,2,47.5,82,13,762,Changeup,0.2853018372703411
681347,"Burrows, Mike",2025,3,47.333333333333336,81,7,1267,4-Seam Fastball,0.287292817679558
666808,"Doval, Camilo",2024,2,53.5,78,29,959,Slider,0.2887382690302398
641482,"Cortes, Nestor",2024,4,55.75,83,23,2788,4-Seam Fastball,0.2978479196556672
642397,"Soto, Gregory",2024,2,55.0,73,37,772,Sinker,0.29948186528497406
664141,"Brubaker, JT",2025,1,53.0,53,53,234,Sinker,0.3
680684,"Hoglund, Gunnar",2025,1,43.0,43,43,196,4-Seam Fastball,0.3
621139,"Kriske, Brooks",2025,1,59.0,59,59,204,Split-Finger,0.3
641941,"Pagán, Emilio",2024,1,43.0,43,43,343,4-Seam Fastball,0.3
663568,"Kolek, Stephen",2024,1,53.0,53,53,328,Sinker,0.3
672391,"Ort, Kaleb",2025,1,43.0,43,43,428,4-Seam Fastball,0.3
808963,"Sasaki, Roki",2025,1,43.0,43,43,310,4-Seam Fastball,0.3
453286,"Scherzer, Max",2024,1,43.0,43,43,294,4-Seam Fastball,0.3
805123,"Blubaugh, AJ",2025,1,43.0,43,43,278,4-Seam Fastball,0.3
570632,"Ureña, José",2024,3,53.333333333333336,61,43,1666,Sinker,0.30198079231692676
579328,"Kikuchi, Yusei",2024,4,47.25,63,24,2923,4-Seam Fastball,0.30297639411563465
640451,"Harvey, Hunter",2024,2,53.5,74,33,780,4-Seam Fastball,0.3038461538461538
689017,"Knack, Landon",2025,2,41.0,70,12,577,4-Seam Fastball,0.30519930675909884
671737,"Bradley, Taj",2024,3,47.666666666666664,55,43,2089,4-Seam Fastball,0.3052178075634275
621107,"Eflin, Zach",2024,5,56.6,89,14,2294,Sinker,0.30540540540540545
518876,"Kelly, Merrill",2024,4,60.0,99,1,918,Cutter,0.30904139433551236
694738,"Roupp, Landen",2024,2,49.0,58,40,759,Curveball,0.31080368906455863
458677,"Wilson, Justin",2025,2,49.0,74,24,654,4-Seam Fastball,0.317737003058104
543135,"Eovaldi, Nathan",2024,4,56.75,87,19,2535,4-Seam Fastball,0.3182248520710059
543243,"Gray, Sonny",2024,5,43.6,81,24,2325,4-Seam Fastball,0.3222795698924731
656412,"Faedo, Alex",2024,2,49.5,58,41,753,Slider,0.32390438247011943
605400,"Nola, Aaron",2024,5,56.2,98,19,3189,Curveball,0.3260269677014739
682990,"Priester, Quinn",2025,4,48.5,66,28,2431,Sinker,0.33105717811600166
700241,"McGreevy, Michael",2025,3,56.0,86,1,994,4-Seam Fastball,0.34054325955734405
681982,"Anderson, Grant",2025,3,48.333333333333336,91,19,1110,Sweeper,0.34180180180180186
621114,"Burr, Ryan",2024,2,49.0,51,47,569,Slider,0.34253075571177505
661395,"Duran, Jhoan",2024,3,47.0,67,13,880,4-Seam Fastball,0.3426136363636363
657376,"Schmidt, Clarke",2024,4,47.75,83,34,1399,Cutter,0.34453180843459613
592351,"Gray, Jon",2024,2,48.5,70,27,1431,4-Seam Fastball,0.34465408805031444
572955,"Johnson, Pierce",2025,2,41.0,46,36,921,Curveball,0.3484256243213898
664285,"Valdez, Framber",2025,3,53.333333333333336,74,24,2795,Sinker,0.3506976744186046
669358,"Baz, Shane",2024,3,45.0,80,19,1082,4-Seam Fastball,0.35101663585951937
686613,"Brown, Hunter",2024,5,46.0,79,19,2690,4-Seam Fastball,0.35672862453531595
607481,"Bummer, Aaron",2024,2,52.0,61,43,795,Sweeper,0.35836477987421383
681857,"Olson, Reese",2025,4,45.25,72,35,1090,Sinker,0.36376146788990826
661563,"Gil, Luis",2024,3,42.666666666666664,58,24,2663,4-Seam Fastball,0.3645137063462261
666142,"Ragans, Cole",2025,2,40.5,48,33,741,4-Seam Fastball,0.3676113360323887
674444,"Cruz, Steven",2025,2,42.0,83,1,478,4-Seam Fastball,0.36861924686192454
657277,"Webb, Logan",2025,5,55.8,92,22,3282,Sinker,0.37166361974405854
666974,"Cano, Yennier",2024,2,52.5,68,37,760,Sinker,0.37578947368421056
543243,"Gray, Sonny",2025,5,46.8,73,21,2444,4-Seam Fastball,0.37868248772504093
669923,"Kirby, George",2025,4,43.75,79,19,1984,4-Seam Fastball,0.3793346774193549
647336,"Soroka, Michael",2025,3,41.0,70,24,1373,4-Seam Fastball,0.37938820101966503
643377,"Jax, Griffin",2025,3,49.666666666666664,96,12,919,Sweeper,0.3899891186071818
518876,"Kelly, Merrill",2025,6,41.333333333333336,100,3,2833,Changeup,0.39011648429226964
686993,"Sterner, Justin",2025,2,47.5,74,21,921,4-Seam Fastball,0.3902280130293159
664126,"Fairbanks, Pete",2025,2,46.0,63,29,898,4-Seam Fastball,0.39287305122494426
641656,"Hamilton, Ian",2025,2,52.0,63,41,558,Sinker,0.39390681003584227
592332,"Gausman, Kevin",2024,2,45.5,48,43,2447,4-Seam Fastball,0.3959542296689824
592454,"Kahnle, Tommy",2025,1,43.0,43,43,886,Changeup,0.4
681892,"Funderburk, Kody",2025,1,49.0,49,49,237,Sinker,0.4
477132,"Kershaw, Clayton",2024,1,51.0,51,51,220,Slider,0.4
678495,"Rodríguez, Randy",2024,2,44.5,70,19,777,4-Seam Fastball,0.4009009009009009
676534,"Faucher, Calvin",2025,2,55.0,83,27,581,Cutter,0.4082616179001721
650556,"Abreu, Bryan",2024,2,48.5,73,24,1292,Slider,0.41470588235294115
676440,"Bibee, Tanner",2024,4,34.25,75,8,2668,4-Seam Fastball,0.4160419790104948
663546,"Hjelle, Sean",2024,2,49.5,62,37,1087,Sinker,0.4172953081876726
601713,"Pivetta, Nick",2024,3,46.0,75,27,2160,4-Seam Fastball,0.42342592592592593
676254,"Walker, Ryan",2025,2,52.5,68,37,1018,Sinker,0.42475442043222
702070,"Cameron, Noah",2025,5,42.6,77,5,2164,4-Seam Fastball,0.42643253234750467
670036,"Festa, Matt",2025,2,47.0,73,21,635,4-Seam Fastball,0.4318110236220473
605177,"Chafin, Andrew",2025,2,48.0,58,38,487,Sinker,0.44065708418891175
668820,"Kranick, Max",2025,2,46.0,75,17,425,4-Seam Fastball,0.44188235294117656
607481,"Bummer, Aaron",2025,2,45.0,58,32,651,Curveball,0.447926267281106
682847,"Ortiz, Luis",2024,4,42.0,80,19,2122,Slider,0.4480678605089539
621383,"Banks, Tanner",2024,2,43.5,51,36,750,Slider,0.4484
683004,"Leiter, Jack",2025,4,50.25,70,19,2339,4-Seam Fastball,0.4519452757588714
663574,"Santillan, Tony",2025,2,59.5,100,19,1064,4-Seam Fastball,0.4524436090225565
669199,"Bachar, Lake",2025,3,45.333333333333336,50,38,1004,4-Seam Fastball,0.45249003984063746
455119,"Martin, Chris",2025,2,40.5,42,39,419,Cutter,0.45489260143198096
669302,"Gilbert, Logan",2025,3,44.0,68,24,1974,4-Seam Fastball,0.4550658561296859
477132,"Kershaw, Clayton",2025,3,45.666666666666664,58,33,1661,Slider,0.46110776640577966
680885,"Schwellenbach, Spencer",2024,5,42.4,51,27,1754,4-Seam Fastball,0.46738882554161915
543339,"Hudson, Daniel",2024,2,43.0,48,38,911,4-Seam Fastball,0.4693743139407245
680767,"Vodnik, Victor",2025,2,35.5,58,13,751,4-Seam Fastball,0.47523302263648465
606160,"Montero, Rafael",2025,2,45.5,51,40,953,Split-Finger,0.4753410283315845
689690,"Jacob, Alek",2025,2,42.5,70,15,436,4-Seam Fastball,0.47637614678899093
669923,"Kirby, George",2024,5,53.0,94,15,2955,4-Seam Fastball,0.4809475465313029
669854,"Blanco, Ronel",2024,3,45.666666666666664,68,9,2493,4-Seam Fastball,0.4811070998796631
660787,"De los Santos, Yerry",2025,2,53.0,93,13,469,Sinker,0.4835820895522386
670950,"Richards, Trevor",2024,2,38.0,43,33,1167,Changeup,0.49203084832904886
664208,"Maton, Phil",2024,3,49.0,71,18,935,Cutter,0.49614973262032075
641329,"Baker, Bryan",2025,3,44.0,74,10,1102,4-Seam Fastball,0.49891107078039926
670329,"Garcia, Rico",2025,1,36.0,36,36,231,4-Seam Fastball,0.5
679775,"Backhus, Kyle",2025,1,46.0,46,46,273,Sinker,0.5
672582,"Zerpa, Angel",2024,1,46.0,46,46,416,Sinker,0.5
642585,"Bautista, Félix",2025,1,46.0,46,46,387,Sinker,0.5
693312,"Nicolas, Kyle",2025,1,36.0,36,36,331,4-Seam Fastball,0.5
621112,"Blackburn, Paul",2025,1,46.0,46,46,203,Sinker,0.5
668678,"Gallen, Zac",2024,3,36.666666666666664,73,4,2206,4-Seam Fastball,0.5048957388939257
657612,"Hill, Tim",2024,2,55.5,87,24,931,Sinker,0.5125671321160042
658648,"Avila, Pedro",2024,2,36.5,58,15,865,4-Seam Fastball,0.5131791907514451
657585,"Garrett, Reed",2025,3,43.666666666666664,68,21,733,Cutter,0.5207366984993179
666142,"Ragans, Cole",2024,4,49.0,83,25,2791,4-Seam Fastball,0.5223934073808671
663903,"Singer, Brady",2024,3,59.0,99,37,2587,Sinker,0.5261693080788559
593974,"Peralta, Wandy",2025,2,43.5,46,41,911,Sinker,0.5274423710208561
650911,"Sánchez, Cristopher",2024,3,42.0,72,13,2791,Sinker,0.5357577929057685
676508,"Casparius, Ben",2025,3,46.333333333333336,75,2,1064,Sweeper,0.5390977443609023
608379,"Wacha, Michael",2025,5,52.6,96,5,2459,4-Seam Fastball,0.5395282635217568
681676,"Fernandez, Ryan",2024,2,44.0,55,33,1059,Slider,0.5401322001888574
650633,"King, Michael",2024,4,45.0,57,22,2733,Sinker,0.5430296377607026
672841,"Vargas, Carlos",2025,2,53.5,70,37,882,Sinker,0.545578231292517
623474,"Herget, Jimmy",2025,3,45.666666666666664,67,21,1113,Sweeper,0.5477987421383648
663893,"Little, Brendon",2025,2,41.0,66,16,1143,Sinker,0.5493438320209975
686701,"Bergert, Ryan",2025,3,43.333333333333336,50,33,1117,4-Seam Fastball,0.5499552372426141
669622,"Bender, Anthony",2024,2,46.0,77,15,864,Sweeper,0.5526620370370371
678606,"Ferrer, Jose A.",2025,2,50.5,73,28,1012,Sinker,0.5548418972332015
669062,"Miller, Erik",2024,2,38.5,50,27,1061,4-Seam Fastball,0.5568331762488218
676428,"Hurter, Brant",2025,2,46.5,50,43,884,Sinker,0.5624434389140271
552640,"Kittredge, Andrew",2024,2,47.0,61,33,891,Slider,0.5701459034792368
621363,"Poche, Colin",2024,2,41.5,54,29,543,4-Seam Fastball,0.5725598526703498
669467,"Pallante, Andre",2024,4,52.75,73,15,1934,4-Seam Fastball,0.584746639089969
664849,"Young, Danny",2024,2,44.5,57,32,693,Sweeper,0.5848484848484848
669203,"Burnes, Corbin",2025,2,31.0,48,14,749,Cutter,0.5849132176234979
676684,"Vest, Will",2025,3,37.333333333333336,63,13,1057,4-Seam Fastball,0.5875118259224219
683003,"Jones, Jared",2024,2,38.0,43,33,1608,4-Seam Fastball,0.5903606965174129
571656,"Farmer, Buck",2024,4,42.75,77,21,1168,Slider,0.5913527397260273
607200,"Fedde, Erick",2024,4,42.25,56,21,2872,Cutter,0.5916434540389972
657649,"Koenig, Jared",2024,2,46.5,61,32,832,Sinker,0.5923076923076922
667755,"Soriano, José",2024,3,58.666666666666664,94,7,1507,Sinker,0.5970802919708029
571927,"Matz, Steven",2025,3,50.0,82,24,1141,Sinker,0.5972830850131463
691799,"Taylor, Grant",2025,1,33.0,33,33,338,4-Seam Fastball,0.6
656629,"Kopech, Michael",2024,1,33.0,33,33,896,4-Seam Fastball,0.6
664139,"Gibaut, Ian",2025,1,33.0,33,33,199,4-Seam Fastball,0.6
668984,"Legumina, Casey",2025,1,33.0,33,33,424,4-Seam Fastball,0.6
681432,"Little, Luke",2024,1,33.0,33,33,316,4-Seam Fastball,0.6
672860,"Berroa, Prelander",2024,1,43.0,43,43,196,Slider,0.6
682825,"Mey, Luis",2025,1,43.0,43,43,302,Sinker,0.6
679358,"Orze, Eric",2025,1,48.0,48,48,330,Split-Finger,0.6
621242,"Díaz, Edwin",2024,2,38.0,43,33,912,4-Seam Fastball,0.6000000000000001
695505,"Burns, Chase",2025,2,42.5,61,24,700,4-Seam Fastball,0.6051428571428572
664076,"Cleavinger, Garrett",2025,2,44.0,53,35,664,Slider,0.6063253012048193
663969,"Phillips, Tyler",2025,4,41.0,83,14,1010,Sinker,0.6139603960396038
666200,"Luzardo, Jesús",2025,5,48.6,78,17,3013,4-Seam Fastball,0.6166943245934284
605130,"Barlow, Scott",2025,4,43.5,78,23,1062,Sweeper,0.6177966101694914
621381,"Strahm, Matt",2025,2,42.5,79,6,691,4-Seam Fastball,0.6186685962373372
641778,"Lauer, Eric",2025,4,47.5,70,19,1547,4-Seam Fastball,0.6234647705235942
624133,"Suarez, Ranger",2025,5,41.0,68,7,2330,Sinker,0.6236480686695279
592155,"Booser, Cam",2024,2,34.0,43,25,449,4-Seam Fastball,0.6287305122494431
694477,"Patrick, Chad",2025,3,35.333333333333336,45,24,1738,Cutter,0.6349252013808976
666808,"Doval, Camilo",2025,2,43.0,53,33,968,Slider,0.6371900826446281
641927,"Ober, Bailey",2024,4,40.5,85,10,2662,4-Seam Fastball,0.6382419233658904
675627,"Grove, Michael",2024,2,53.0,79,27,622,Slider,0.6409967845659162
686973,"Varland, Louis",2025,2,33.5,34,33,883,4-Seam Fastball,0.645300113250283
656427,"Flaherty, Jack",2024,3,36.666666666666664,70,4,2441,4-Seam Fastball,0.6455141335518231
600917,"Leclerc, José",2024,2,37.0,41,33,803,4-Seam Fastball,0.6478206724782066
663423,"Thornton, Trent",2024,3,41.666666666666664,55,35,818,Sweeper,0.6513447432762836
657649,"Koenig, Jared",2025,2,56.5,96,17,753,Sinker,0.6609561752988048
506433,"Darvish, Yu",2025,2,37.0,53,21,424,Sinker,0.6622641509433963
547179,"Lorenzen, Michael",2024,4,40.25,69,12,1614,4-Seam Fastball,0.6624535315985131
643511,"Rogers, Tyler",2024,2,50.5,88,13,996,Sinker,0.6634538152610441
519008,"McFarland, T.J.",2024,2,43.5,50,37,732,Sinker,0.6684426229508197
596001,"Junis, Jakob",2025,3,43.0,85,3,941,Slider,0.6712008501594048
683232,"Mears, Nick",2024,2,36.0,43,29,851,4-Seam Fastball,0.672737955346651
663992,"Lovelady, Richard",2024,2,43.0,69,17,378,Slider,0.6902116402116403
519326,"Strickland, Hunter",2024,2,36.5,55,18,730,4-Seam Fastball,0.6961643835616438
593974,"Peralta, Wandy",2024,2,36.5,41,32,504,Changeup,0.6968253968253969
680742,"Bowlan, Jonathan",2025,1,41.0,41,41,227,Slider,0.6999999999999998
689225,"Brieske, Beau",2025,1,29.0,29,29,197,4-Seam Fastball,0.6999999999999998
687396,"Headrick, Brent",2025,1,29.0,29,29,234,4-Seam Fastball,0.7
657612,"Hill, Tim",2025,1,41.0,41,41,739,Sinker,0.7
690544,"Horn, Bailey",2024,1,43.0,43,43,181,Sweeper,0.7
621366,"Borucki, Ryan",2025,1,41.0,41,41,244,Slider,0.7
608331,"Fried, Max",2025,6,43.0,62,16,3057,Cutter,0.7039254170755643
607192,"Glasnow, Tyler",2025,4,35.5,74,13,1480,4-Seam Fastball,0.705472972972973
666200,"Luzardo, Jesús",2024,3,35.0,51,25,956,4-Seam Fastball,0.7056485355648536
669093,"Estrada, Jeremiah",2025,2,30.5,43,18,989,4-Seam Fastball,0.7062689585439839
640455,"Manaea, Sean",2024,4,43.25,73,19,2597,4-Seam Fastball,0.7188294185598768
663568,"Kolek, Stephen",2025,4,36.75,65,12,1375,4-Seam Fastball,0.7219636363636364
656550,"Holmes, Grant",2024,3,33.666666666666664,63,19,928,4-Seam Fastball,0.7308189655172415
657277,"Webb, Logan",2024,3,41.0,53,19,2940,Sinker,0.7309523809523809
673513,"Matsui, Yuki",2024,3,37.666666666666664,53,24,971,4-Seam Fastball,0.7339855818743564
623433,"Anderson, Nick",2024,2,35.5,37,34,409,Curveball,0.7361858190709047
686826,"Jarvis, Bryce",2024,2,35.5,47,24,589,4-Seam Fastball,0.7363327674023769
666745,"Brito, Jhony",2024,2,41.5,61,22,380,Changeup,0.7389473684210527
592791,"Taillon, Jameson",2024,5,40.2,82,3,2377,4-Seam Fastball,0.7411863693731594
689225,"Brieske, Beau",2024,3,31.333333333333332,58,7,953,4-Seam Fastball,0.7445960125918153
684007,"Imanaga, Shota",2024,2,32.5,43,22,2140,4-Seam Fastball,0.7469158878504674
643338,"Green, Chad",2024,2,43.0,78,8,833,4-Seam Fastball,0.7492196878751501
667463,"King, John",2024,2,42.0,60,24,742,Sinker,0.7528301886792453
694037,"Palencia, Daniel",2025,2,39.0,54,24,796,4-Seam Fastball,0.7537688442211057
669203,"Burnes, Corbin",2024,5,46.4,75,20,2936,Cutter,0.7551430517711172
676395,"Garcia, Robert",2025,3,36.666666666666664,61,21,972,4-Seam Fastball,0.7583333333333333
596133,"Weaver, Luke",2024,3,33.0,42,27,1349,4-Seam Fastball,0.7606375092661232
622554,"Domínguez, Seranthony",2025,2,30.0,39,21,716,4-Seam Fastball,0.7687150837988826
657746,"Ryan, Joe",2024,3,47.666666666666664,71,12,1830,4-Seam Fastball,0.7697814207650273
608379,"Wacha, Michael",2024,4,42.75,69,13,2150,Changeup,0.7742325581395348
607455,"Banda, Anthony",2025,3,38.666666666666664,68,13,1025,Slider,0.7808780487804878
605513,"Turnbull, Spencer",2024,2,36.0,51,21,625,4-Seam Fastball,0.78096
677952,"Ashcraft, Braxton",2025,3,33.333333333333336,61,10,903,Slider,0.7833887043189368
608718,"Suter, Brent",2025,2,28.0,39,17,729,4-Seam Fastball,0.7893004115226337
670955,"Uceta, Edwin",2025,2,30.5,33,28,965,4-Seam Fastball,0.7956476683937823
657006,"Steele, Justin",2024,2,30.0,33,27,1829,4-Seam Fastball,0.7994532531437945
657044,"Thompson, Ryan",2024,2,41.0,54,28,878,Sinker,0.799886104783599
655889,"Rodríguez, Manuel",2024,1,38.0,38,38,278,Slider,0.8
571510,"Boyd, Matthew",2024,1,27.0,27,27,259,4-Seam Fastball,0.8
623352,"Hader, Josh",2024,2,31.0,53,9,1152,Sinker,0.8
681035,"Scott, Christian",2024,1,27.0,27,27,416,4-Seam Fastball,0.8
606965,"Devenski, Chris",2024,1,33.0,33,33,253,Changeup,0.8
606303,"Payamps, Joel",2024,1,27.0,27,27,292,4-Seam Fastball,0.8
663423,"Thornton, Trent",2025,1,27.0,27,27,217,4-Seam Fastball,0.8000000000000002
676979,"Crochet, Garrett",2024,3,53.333333333333336,94,8,2200,4-Seam Fastball,0.8015454545454543
605463,"Scott, Tayler",2024,3,39.333333333333336,56,21,1134,4-Seam Fastball,0.8022927689594356
571510,"Boyd, Matthew",2025,3,37.0,65,19,2352,4-Seam Fastball,0.8096938775510204
808967,"Yamamoto, Yoshinobu",2024,3,33.333333333333336,48,24,1290,4-Seam Fastball,0.8174418604651162
679885,"Martinez, Justin",2024,2,32.0,58,6,783,Sinker,0.8192848020434227
669387,"Mlodzinski, Carmen",2024,2,32.5,41,24,575,4-Seam Fastball,0.82
693645,"Schlittler, Cam",2025,3,45.666666666666664,79,13,1133,4-Seam Fastball,0.8208296557811121
641816,"Mahle, Tyler",2025,2,30.0,36,24,1067,4-Seam Fastball,0.8230552952202436
642547,"Peralta, Freddy",2025,4,29.5,35,22,3053,4-Seam Fastball,0.8235833606288896
661403,"Clase, Emmanuel",2025,2,40.0,57,23,739,Cutter,0.825981055480379
623465,"Phillips, Evan",2024,2,36.0,60,12,689,Sweeper,0.8320754716981131
666205,"Muller, Kyle",2024,2,32.5,41,24,566,4-Seam Fastball,0.8367491166077738
657097,"Webb, Jacob",2025,3,40.666666666666664,90,8,978,4-Seam Fastball,0.8383435582822084
656557,"Houck, Tanner",2024,3,37.0,49,16,2692,Sweeper,0.8387072808320951
671096,"Abbott, Andrew",2025,4,38.25,57,17,2562,4-Seam Fastball,0.8415690866510538
680736,"Wrobleski, Justin",2025,2,33.0,51,15,583,4-Seam Fastball,0.8437392795883362
680885,"Schwellenbach, Spencer",2025,3,37.0,93,6,1058,4-Seam Fastball,0.8445179584120983
657097,"Webb, Jacob",2024,3,32.0,58,8,933,4-Seam Fastball,0.8449088960342981
693855,"Seymour, Ian",2025,2,30.0,36,24,630,4-Seam Fastball,0.8488888888888888
676684,"Vest, Will",2024,2,50.5,98,3,902,4-Seam Fastball,0.8529933481152993
543037,"Cole, Gerrit",2024,4,33.5,68,4,1458,4-Seam Fastball,0.8604252400548699
689147,"Kerkering, Orion",2024,3,29.666666666666668,41,15,1087,Sweeper,0.8631094756209752
664076,"Cleavinger, Garrett",2024,3,31.666666666666668,45,17,777,4-Seam Fastball,0.8669240669240668
596133,"Weaver, Luke",2025,2,25.5,36,15,934,4-Seam Fastball,0.868629550321199
656302,"Cease, Dylan",2024,3,44.0,70,14,3008,4-Seam Fastball,0.870844414893617
683232,"Mears, Nick",2025,2,33.5,58,9,810,4-Seam Fastball,0.8723456790123457
669194,"Nelson, Ryne",2025,4,50.75,86,12,2396,4-Seam Fastball,0.8723706176961602
676962,"Brown, Ben",2024,2,25.5,27,24,835,4-Seam Fastball,0.8725748502994012
656641,"Latz, Jacob",2025,3,37.0,85,9,1299,4-Seam Fastball,0.8766743648960739
641755,"Kinley, Tyler",2025,2,52.0,89,15,1063,Slider,0.8834430856067732
681517,"Leahy, Kyle",2024,2,28.5,48,9,484,4-Seam Fastball,0.890909090909091
657044,"Thompson, Ryan",2025,2,35.0,58,12,598,Sinker,0.8946488294314381
657376,"Schmidt, Clarke",2025,2,29.0,30,28,724,Cutter,0.9
669456,"Bieber, Shane",2025,1,24.0,24,24,230,4-Seam Fastball,0.9
445276,"Jansen, Kenley",2024,1,30.0,30,30,674,Cutter,0.9
641703,"Honeywell, Brent",2024,1,24.0,24,24,302,4-Seam Fastball,0.9
680736,"Wrobleski, Justin",2024,1,24.0,24,24,350,4-Seam Fastball,0.9
694462,"Waldrep, Hurston",2025,1,34.0,34,34,279,Split-Finger,0.9
664192,"Lucchesi, Joey",2025,1,32.0,32,32,304,Sinker,0.9
687922,"Lucas, Easton",2025,1,24.0,24,24,218,4-Seam Fastball,0.9000000000000001
689254,"Fluharty, Mason",2025,2,34.0,41,27,858,Cutter,0.9165501165501166
674370,"Bido, Osvaldo",2024,2,25.5,39,12,645,4-Seam Fastball,0.9186046511627907
642207,"Williams, Devin",2025,2,29.0,36,22,1113,Changeup,0.9197663971248877
554430,"Wheeler, Zack",2024,6,38.666666666666664,79,3,3134,4-Seam Fastball,0.9207083599234204
691587,"Pérez, Eury",2025,2,33.0,47,19,1225,4-Seam Fastball,0.9207346938775511
608638,"Chargois, JT",2024,2,42.5,78,7,498,Sinker,0.9265060240963855
608723,"Voth, Austin",2024,4,31.25,69,4,974,Cutter,0.9351129363449692
663460,"Bubic, Kris",2025,4,28.25,38,17,1678,4-Seam Fastball,0.9354588796185936
641154,"López, Pablo",2025,3,34.666666666666664,77,12,1052,4-Seam Fastball,0.9416349809885932
669276,"Lee, Dylan",2025,2,41.5,68,15,956,Slider,0.9443514644351463
678024,"Vasil, Mike",2025,4,33.75,78,7,1353,Sinker,0.9446415373244642
607074,"Rodón, Carlos",2025,4,25.75,36,19,3084,4-Seam Fastball,0.9448443579766538
670167,"Schreiber, John",2024,2,33.5,41,26,474,Sweeper,0.9474683544303798
689266,"Dodd, Dylan",2025,2,32.0,58,6,478,Cutter,0.9489539748953975
527048,"Pérez, Martín",2025,3,36.666666666666664,77,5,795,Sinker,0.9509433962264151
571670,"Floro, Dylan",2024,2,35.5,47,24,776,Sinker,0.9528350515463917
664126,"Fairbanks, Pete",2024,2,33.5,61,6,676,4-Seam Fastball,0.9538461538461538
608331,"Fried, Max",2024,4,28.0,53,11,2305,4-Seam Fastball,0.9547071583514102
455119,"Martin, Chris",2024,2,32.0,48,16,503,Cutter,0.9727634194831014
686218,"Sheehan, Emmet",2025,3,35.333333333333336,64,1,1075,4-Seam Fastball,0.9751627906976746
493603,"Ottavino, Adam",2024,2,30.5,35,26,714,Sweeper,0.9949579831932774
664776,"Cousins, Jake",2024,2,31.5,37,26,640,Sweeper,0.9982812500000001
666374,"Brash, Matt",2025,1,33.0,33,33,498,Slider,1.0
621199,"Bowman, Matt",2025,1,28.0,28,28,194,Sinker,1.0
663671,"Enright, Nic",2025,1,21.0,21,21,353,4-Seam Fastball,1.0
666974,"Cano, Yennier",2025,1,28.0,28,28,452,Sinker,1.0
518397,"Alexander, Scott",2024,1,28.0,28,28,364,Sinker,1.0
554340,"García, Yimi",2024,1,21.0,21,21,231,4-Seam Fastball,1.0
554430,"Wheeler, Zack",2025,5,38.2,81,4,2162,4-Seam Fastball,1.0023126734505088
681857,"Olson, Reese",2024,4,33.75,61,7,1741,Slider,1.0024698449167144
676083,"Junk, Janson",2025,3,28.666666666666668,51,2,1305,4-Seam Fastball,1.0139463601532566
686580,"Slaten, Justin",2024,3,36.0,87,3,743,Cutter,1.0141318977119782
663158,"Suarez, Robert",2025,2,49.0,95,3,939,4-Seam Fastball,1.0231096911608095
657585,"Garrett, Reed",2024,2,30.0,40,20,498,Split-Finger,1.0329317269076308
664285,"Valdez, Framber",2024,3,30.333333333333332,46,8,2468,Sinker,1.0374392220421393
676534,"Faucher, Calvin",2024,2,26.5,39,14,702,Cutter,1.0393162393162394
519242,"Sale, Chris",2025,2,38.0,70,6,1806,Slider,1.041528239202658
657514,"Bernardino, Brennan",2025,2,34.0,53,15,590,Sinker,1.0432203389830508
676979,"Crochet, Garrett",2025,4,26.0,75,2,3015,4-Seam Fastball,1.0432835820895523
605483,"Snell, Blake",2025,3,29.666666666666668,51,2,914,4-Seam Fastball,1.0461706783369802
670102,"Francis, Bowden",2024,3,42.0,93,6,1367,4-Seam Fastball,1.0503291880029262
607259,"Martinez, Nick",2024,4,26.75,37,17,1742,4-Seam Fastball,1.0547072330654421
693433,"Woo, Bryan",2025,5,46.4,75,8,2714,4-Seam Fastball,1.0610537951363301
640448,"Finnegan, Kyle",2025,2,24.5,30,19,807,4-Seam Fastball,1.0610904584882281
571946,"Miller, Shelby",2025,2,38.0,68,8,639,4-Seam Fastball,1.0646322378716744
669212,"Morgan, Eli",2024,2,27.5,43,12,493,4-Seam Fastball,1.0746450304259634
502085,"Robertson, David",2024,2,48.5,93,4,1091,Cutter,1.0749770852428966
621345,"Minter, A.J.",2024,2,27.0,42,12,429,4-Seam Fastball,1.0804195804195804
571882,"Law, Derek",2024,2,30.0,53,7,929,Cutter,1.091280947255113
592332,"Gausman, Kevin",2025,2,27.5,40,15,2761,4-Seam Fastball,1.0946396233248823
656887,"Reid-Foley, Sean",2024,1,19.0,19,19,261,4-Seam Fastball,1.1
663765,"Woodford, Jake",2025,1,26.0,26,26,196,Sinker,1.1
663455,"Pilkington, Konnor",2025,1,19.0,19,19,295,4-Seam Fastball,1.1
681869,"Dubin, Shawn",2024,1,19.0,19,19,367,4-Seam Fastball,1.1
657571,"Ferguson, Caleb",2025,4,29.25,61,5,1042,4-Seam Fastball,1.1034548944337812
669093,"Estrada, Jeremiah",2024,3,28.0,38,17,1002,4-Seam Fastball,1.1053892215568861
642701,"Santana, Dennis",2024,2,24.0,27,21,649,Slider,1.110015408320493
700363,"Smith-Shawver, AJ",2025,2,24.0,39,9,573,4-Seam Fastball,1.1150087260034907
676395,"Garcia, Robert",2024,2,24.5,43,6,794,4-Seam Fastball,1.1173803526448363
621051,"Wilson, Steven",2025,2,23.5,35,12,893,Sweeper,1.1183650615901457
656730,"Megill, Trevor",2025,2,22.5,43,2,753,4-Seam Fastball,1.1282868525896412
663941,"Beck, Tristan",2025,2,25.5,39,12,502,4-Seam Fastball,1.1394422310756973
668674,"Erceg, Lucas",2025,3,26.0,51,8,802,4-Seam Fastball,1.139775561097257
690990,"Horton, Cade",2025,3,25.0,41,17,1514,4-Seam Fastball,1.1429326287978865
672282,"Detmers, Reid",2025,2,25.5,38,13,830,4-Seam Fastball,1.1556626506024097
683769,"Gaddis, Hunter",2025,2,26.0,33,19,910,Slider,1.1568131868131868
671305,"Otañez, Michel",2024,2,26.5,43,10,490,Slider,1.156938775510204
681517,"Leahy, Kyle",2025,4,22.25,29,10,1120,4-Seam Fastball,1.1573214285714284
607625,"Lugo, Seth",2024,6,24.5,43,8,2707,4-Seam Fastball,1.1579977835241966
671345,"Foley, Jason",2024,2,31.0,61,1,786,Sinker,1.1603053435114503
663465,"Allard, Kolby",2025,2,22.5,30,15,589,4-Seam Fastball,1.1641765704584042
592094,"Adam, Jason",2025,3,23.0,30,12,992,Slider,1.1649193548387096
678495,"Rodríguez, Randy",2025,2,24.0,33,15,808,4-Seam Fastball,1.1663366336633663
681911,"Vesia, Alex",2025,2,25.5,38,13,960,4-Seam Fastball,1.1675
668881,"Greene, Hunter",2024,2,25.5,38,13,2301,4-Seam Fastball,1.1689700130378096
680755,"Fisher, Braydon",2025,2,29.0,49,9,624,Slider,1.1713141025641025
623211,"Brazobán, Huascar",2024,2,24.5,32,17,481,Changeup,1.1783783783783783
621383,"Banks, Tanner",2025,3,30.333333333333332,60,12,880,Slider,1.1819318181818181
656546,"Hoffman, Jeff",2024,2,23.5,35,12,771,Slider,1.1824902723735409
669211,"Akin, Keegan",2024,2,20.0,21,19,1107,4-Seam Fastball,1.1860885275519422
670280,"Bednar, David",2025,3,19.0,39,5,1024,4-Seam Fastball,1.1930664062499998
656986,"Sousa, Bennett",2025,2,33.5,58,9,718,Slider,1.1961002785515322
680694,"Bradish, Kyle",2024,1,24.0,24,24,267,Sinker,1.2
657006,"Steele, Justin",2025,1,17.0,17,17,177,4-Seam Fastball,1.2
701656,"Henderson, Logan",2025,1,17.0,17,17,200,4-Seam Fastball,1.2
571946,"Miller, Shelby",2024,1,17.0,17,17,515,4-Seam Fastball,1.2
687888,"Walter, Brandon",2025,1,20.0,20,20,223,Cutter,1.2
662253,"Muñoz, Andrés",2024,2,30.0,48,12,755,Slider,1.2087417218543046
621053,"Ferguson, Tyler",2024,2,29.5,58,1,497,4-Seam Fastball,1.211066398390342
676130,"Buttó, José",2024,3,30.333333333333332,56,3,936,4-Seam Fastball,1.2147435897435896
669302,"Gilbert, Logan",2024,5,24.6,39,14,2994,Slider,1.2168002672010687
669674,"Long, Sam",2024,2,26.5,47,6,485,4-Seam Fastball,1.2210309278350517
594798,"deGrom, Jacob",2025,3,35.0,70,8,2481,4-Seam Fastball,1.228415961305925
668941,"Romero, JoJo",2025,3,33.0,49,4,917,Slider,1.2344601962922575
684320,"Rodríguez, Yariel",2025,2,27.0,48,6,951,Slider,1.255520504731861
686613,"Brown, Hunter",2025,5,23.8,38,10,2920,4-Seam Fastball,1.2626027397260275
519242,"Sale, Chris",2024,4,37.0,97,3,2815,Slider,1.2661811722912968
573009,"Mantiply, Joe",2024,3,35.0,58,4,827,Sinker,1.2677146311970982
596001,"Junis, Jakob",2024,2,23.0,29,17,765,Slider,1.2772549019607844
650556,"Abreu, Bryan",2025,2,20.5,27,14,1170,4-Seam Fastball,1.2923076923076924
607455,"Banda, Anthony",2024,3,20.0,33,13,676,4-Seam Fastball,1.2963017751479289
650911,"Sánchez, Cristopher",2025,3,31.0,61,13,2896,Sinker,1.2968232044198895
608032,"Estévez, Carlos",2024,1,15.0,15,15,502,4-Seam Fastball,1.3
673929,"Leasure, Jordan",2024,1,15.0,15,15,335,4-Seam Fastball,1.3
666129,"Garrett, Braxton",2024,1,21.0,21,21,195,Sinker,1.3
676755,"Mattson, Isaac",2025,1,15.0,15,15,610,4-Seam Fastball,1.3
518585,"Cruz, Fernando",2025,1,27.0,27,27,479,Split-Finger,1.3
676428,"Hurter, Brant",2024,2,43.5,83,4,523,Sinker,1.312810707456979
601713,"Pivetta, Nick",2025,4,18.0,30,6,2767,4-Seam Fastball,1.3158655583664618
669711,"Weissert, Greg",2025,2,19.0,26,12,654,4-Seam Fastball,1.3183486238532112
607192,"Glasnow, Tyler",2024,3,18.333333333333332,33,5,1840,4-Seam Fastball,1.322391304347826
676879,"Ashby, Aaron",2025,2,20.5,24,17,803,Sinker,1.3300124533001245
605483,"Snell, Blake",2024,3,19.0,33,3,1594,4-Seam Fastball,1.3377666248431619
608650,"Enns, Dietrich",2025,2,17.0,19,15,559,4-Seam Fastball,1.3391771019677994
671922,"Smith, Cade",2025,2,40.0,74,6,1077,4-Seam Fastball,1.34066852367688
687330,"Kelly, Kevin",2024,2,28.0,41,15,923,Sinker,1.3503791982665223
656794,"Newcomb, Sean",2025,3,20.333333333333332,28,12,1144,4-Seam Fastball,1.3518356643356644
663485,"Sands, Cole",2024,3,29.333333333333332,74,6,873,Cutter,1.3556701030927836
656222,"Beeks, Jalen",2025,2,25.5,48,3,825,4-Seam Fastball,1.3709090909090909
642100,"Speier, Gabe",2025,3,27.333333333333332,57,4,921,4-Seam Fastball,1.3748099891422367
625643,"López, Reynaldo",2024,3,17.0,19,15,2028,4-Seam Fastball,1.3796844181459567
695445,"Lee, Chase",2025,1,19.0,19,19,229,Sinker,1.4
657424,"Gage, Matt",2025,1,21.0,21,21,270,Slider,1.4
595345,"Okert, Steven",2024,1,21.0,21,21,365,Slider,1.4
681911,"Vesia, Alex",2024,2,14.5,19,10,1052,4-Seam Fastball,1.4011406844106464
682842,"Uribe, Abner",2025,2,20.5,24,17,1139,Sinker,1.4058823529411766
669373,"Skubal, Tarik",2024,4,24.0,47,4,2715,4-Seam Fastball,1.4109023941068142
668941,"Romero, JoJo",2024,2,20.0,28,12,670,Sinker,1.4191044776119401
623352,"Hader, Josh",2025,2,23.5,41,6,810,Sinker,1.4366666666666665
656876,"Rasmussen, Drew",2025,3,18.666666666666668,37,6,2075,4-Seam Fastball,1.4569638554216866
656457,"Gilbert, Tyler",2025,2,23.0,37,9,517,Sinker,1.4878143133462283
608032,"Estévez, Carlos",2025,2,13.5,17,10,880,4-Seam Fastball,1.4927272727272727
678692,"Henriquez, Ronny",2025,3,23.666666666666668,58,3,941,4-Seam Fastball,1.4989373007438898
678906,"Teng, Kai-Wei",2025,1,21.0,21,21,221,Sweeper,1.5
665871,"Assad, Javier",2025,1,17.0,17,17,230,Sinker,1.5
676477,"Whitlock, Garrett",2025,3,24.0,50,9,1167,Sinker,1.508911739502999
656945,"Scott, Tanner",2024,2,21.5,38,5,1161,4-Seam Fastball,1.5111111111111113
669276,"Lee, Dylan",2024,2,16.0,17,15,754,Slider,1.5116710875331565
808967,"Yamamoto, Yoshinobu",2025,5,23.8,61,5,2711,4-Seam Fastball,1.513131685724825
693433,"Woo, Bryan",2024,3,24.666666666666668,56,9,1396,4-Seam Fastball,1.529512893982808
682243,"Miller, Bryce",2024,4,22.75,50,8,2334,4-Seam Fastball,1.5598543273350471
573204,"Thielbar, Caleb",2025,2,10.5,15,6,587,4-Seam Fastball,1.5814310051107325
663773,"Hoeing, Bryan",2024,2,16.5,32,1,566,Sinker,1.582685512367491
642048,"Saucedo, Tayler",2024,1,15.0,15,15,284,Sinker,1.6
690829,"Joyce, Ben",2024,1,9.0,9,9,246,4-Seam Fastball,1.6
675512,"Melton, Troy",2025,1,9.0,9,9,274,4-Seam Fastball,1.6
624647,"González, Victor",2024,1,15.0,15,15,183,Sinker,1.6
622251,"Staumont, Josh",2024,1,17.0,17,17,258,Slider,1.6
676617,"O'Brien, Riley",2025,1,15.0,15,15,366,Sinker,1.6
519141,"Pomeranz, Drew",2025,1,9.0,9,9,614,4-Seam Fastball,1.6
668881,"Greene, Hunter",2025,2,22.0,41,3,1558,4-Seam Fastball,1.6117458279845955
660825,"Bazardo, Eduard",2025,3,36.333333333333336,89,3,1196,Sweeper,1.6181438127090302
543135,"Eovaldi, Nathan",2025,4,22.0,58,1,1799,Split-Finger,1.6229571984435798
668674,"Erceg, Lucas",2024,3,20.666666666666668,55,3,759,4-Seam Fastball,1.6310935441370225
694973,"Skenes, Paul",2024,2,15.5,27,4,1437,4-Seam Fastball,1.6392484342379958
643377,"Jax, Griffin",2024,3,18.333333333333332,35,1,903,Sweeper,1.6464008859357697
621242,"Díaz, Edwin",2025,2,12.0,15,9,1066,4-Seam Fastball,1.647373358348968
641729,"Jiménez, Joe",2024,2,12.0,15,9,1043,Slider,1.6517737296260788
662253,"Muñoz, Andrés",2025,2,29.0,55,3,884,Slider,1.653393665158371
682120,"Herrin, Tim",2024,3,12.333333333333334,21,7,882,Curveball,1.6581632653061225
669432,"Rogers, Trevor",2025,3,27.666666666666668,66,2,1314,4-Seam Fastball,1.6733637747336376
605540,"Woodruff, Brandon",2025,3,23.0,43,0,765,Sinker,1.678300653594771
694973,"Skenes, Paul",2025,5,18.4,56,4,2685,4-Seam Fastball,1.684469273743017
668338,"Miller, Tyson",2024,2,12.5,13,12,851,4-Seam Fastball,1.6883666274970621
641941,"Pagán, Emilio",2025,2,9.0,15,3,869,4-Seam Fastball,1.6958573072497123
663767,"Shugart, Chase",2025,1,12.0,12,12,176,Cutter,1.7
641745,"Keller, Brad",2025,1,8.0,8,8,470,4-Seam Fastball,1.7
547184,"Kelly, Michael",2024,1,15.0,15,15,254,Sweeper,1.7
681870,"Sabrowski, Erik",2025,1,8.0,8,8,342,4-Seam Fastball,1.7
663158,"Suarez, Robert",2024,2,8.0,12,4,850,4-Seam Fastball,1.7212941176470586
674003,"Bradford, Cody",2024,2,16.0,28,4,936,4-Seam Fastball,1.7227564102564104
664208,"Maton, Phil",2025,2,16.0,30,2,748,Curveball,1.723529411764706
676254,"Walker, Ryan",2024,2,13.0,15,11,1213,Sinker,1.7549876339653752
642232,"Yarbrough, Ryan",2024,3,17.333333333333332,28,7,1093,Sinker,1.758462946020128
542888,"Armstrong, Shawn",2025,4,15.75,48,3,1117,4-Seam Fastball,1.7636526410026856
664854,"Helsley, Ryan",2024,2,16.0,29,3,872,Slider,1.781307339449541
592454,"Kahnle, Tommy",2024,1,12.0,12,12,546,Changeup,1.8
621381,"Strahm, Matt",2024,1,6.0,6,6,524,4-Seam Fastball,1.8
664199,"Clarke, Taylor",2025,1,14.0,14,14,344,Slider,1.8
628708,"Marte, Yunior",2024,1,11.0,11,11,182,Sinker,1.8
445276,"Jansen, Kenley",2025,1,10.0,10,10,707,Cutter,1.8000000000000003
595345,"Okert, Steven",2025,2,13.5,21,6,1043,Slider,1.8161073825503355
695243,"Miller, Mason",2025,2,24.0,48,0,950,4-Seam Fastball,1.832105263157895
695243,"Miller, Mason",2024,2,8.0,10,6,1004,4-Seam Fastball,1.8713147410358566
669373,"Skubal, Tarik",2025,4,13.5,21,4,2767,Changeup,1.8841344416335384
669622,"Bender, Anthony",2025,2,32.5,61,4,570,Sweeper,1.894736842105263
656730,"Megill, Trevor",2024,1,6.0,6,6,476,4-Seam Fastball,1.9
669724,"Hanifee, Brenan",2024,1,10.0,10,10,241,Sinker,1.9
690986,"Harrison, Kyle",2025,1,6.0,6,6,345,4-Seam Fastball,1.9
661395,"Duran, Jhoan",2025,3,18.333333333333332,44,2,1010,Sinker,1.9073267326732675
552640,"Kittredge, Andrew",2025,2,22.0,41,3,680,Slider,1.9538235294117645
663947,"Holton, Tyler",2024,4,14.75,38,0,1112,Cutter,1.96294964028777
640462,"Puk, A.J.",2024,2,12.0,21,3,761,4-Seam Fastball,1.9996057818659656
673380,"Núñez, Dedniel",2024,2,7.5,10,5,503,Slider,2.0
690997,"McLean, Nolan",2025,1,9.0,9,9,206,Sinker,2.0
685314,"Saalfrank, Andrew",2025,1,9.0,9,9,195,Sinker,2.0
543056,"Coulombe, Danny",2025,1,6.0,6,6,285,Cutter,2.0
683769,"Gaddis, Hunter",2024,2,9.5,15,4,894,Slider,2.00089485458613
595014,"Treinen, Blake",2024,2,22.0,41,3,536,Sweeper,2.024626865671642
642701,"Santana, Dennis",2025,2,10.0,19,1,753,Slider,2.0717131474103585
676263,"Dreyer, Jack",2025,2,7.5,12,3,1046,Slider,2.097705544933078
687863,"Hodge, Porter",2024,2,11.0,21,1,633,4-Seam Fastball,2.0995260663507107
672578,"Hernández, Carlos",2024,1,4.0,4,4,303,4-Seam Fastball,2.1
592779,"Stewart, Brock",2025,1,4.0,4,4,332,4-Seam Fastball,2.1
694335,"Svanson, Matt",2025,2,9.5,13,6,793,Sinker,2.1881462799495583
606996,"Hart, Kyle",2025,1,9.0,9,9,230,Sweeper,2.2
690925,"Beeter, Clayton",2025,1,7.0,7,7,214,Slider,2.2
687911,"King, Bryan",2024,1,3.0,3,3,218,4-Seam Fastball,2.2
682790,"González, Wikelman",2025,1,3.0,3,3,206,4-Seam Fastball,2.2
622786,"Tinoco, Jesus",2024,2,9.5,15,4,531,Slider,2.232768361581921
643511,"Rogers, Tyler",2025,2,12.0,19,5,978,Sinker,2.245398773006135
670970,"Morejon, Adrian",2025,2,12.5,21,4,863,Sinker,2.2579374275782156
489446,"Yates, Kirby",2024,2,7.0,12,2,1020,4-Seam Fastball,2.305392156862745
628452,"Iglesias, Raisel",2025,3,25.0,74,0,869,4-Seam Fastball,2.3223245109321056
592094,"Adam, Jason",2024,2,4.5,8,1,697,4-Seam Fastball,2.397560975609756
677161,"Kelly, Zack",2025,1,3.0,3,3,182,Cutter,2.4
668968,"Crouse, Hans",2024,1,6.0,6,6,217,Sinker,2.4
547973,"Chapman, Aroldis",2025,2,4.5,7,2,676,4-Seam Fastball,2.4079881656804734
671922,"Smith, Cade",2024,2,27.0,53,1,1047,4-Seam Fastball,2.424546322827125
623167,"Flexen, Chris",2025,2,3.0,4,2,467,4-Seam Fastball,2.4372591006423985
663947,"Holton, Tyler",2025,2,11.5,23,0,603,Cutter,2.442620232172471
663542,"Hudson, Bryan",2024,2,6.0,10,2,700,4-Seam Fastball,2.4457142857142857
669684,"Murphy, Chris",2025,1,2.0,2,2,177,Curveball,2.5
669438,"Englert, Mason",2025,1,6.0,6,6,248,Changeup,2.5
667297,"Nance, Tommy",2025,1,4.0,4,4,198,Slider,2.5
660271,"Ohtani, Shohei",2025,2,7.0,13,1,464,4-Seam Fastball,2.592241379310345
628452,"Iglesias, Raisel",2024,2,3.5,5,2,565,Changeup,2.6053097345132743
670955,"Uceta, Edwin",2024,2,2.0,2,2,498,4-Seam Fastball,2.8218875502008034
678606,"Ferrer, Jose A.",2024,1,2.0,2,2,263,Sinker,2.9
606160,"Montero, Rafael",2024,1,2.0,2,2,163,Sinker,3.0
595928,"Curtiss, John",2025,1,1.0,1,1,291,4-Seam Fastball,3.0
661403,"Clase, Emmanuel",2024,2,1.5,2,1,967,Cutter,3.0999999999999996
592866,"Williams, Trevor",2024,1,1.0,1,1,383,4-Seam Fastball,3.1
680694,"Bradish, Kyle",2025,1,1.0,1,1,161,Sinker,3.2
548384,"Raley, Brooks",2025,1,2.0,2,2,163,Sweeper,3.3
655889,"Rodríguez, Manuel",2025,1,1.0,1,1,214,Slider,3.6
621199,"Bowman, Matt",2024,1,0.0,0,0,194,Sinker,4.0
676614,"Sammons, Bryan",2024,1,0.0,0,0,147,4-Seam Fastball,4.8
