team,year,total_war,bat_war,pit_war,actual_w
BRO,1950,32.940000000000005,31.980000000000004,0.9599999999999993,89
CIN,1950,15.089999999999998,14.45,0.6399999999999996,66
CHA,1950,4.96,4.59,0.37000000000000033,60
SLA,1950,11.120000000000003,15.070000000000002,-3.9499999999999997,58
PHI,1950,32.87,26.669999999999998,6.2,91
PHA,1950,2.2399999999999993,10.04,-7.8,52
CLE,1950,33.88,30.34,3.5399999999999996,92
BOS,1950,36.099999999999994,38.41,-2.3099999999999996,94
NYA,1950,37.03,34.77,2.26,98
PIT,1950,11.539999999999997,13.209999999999997,-1.6700000000000004,57
BSN,1950,27.640000000000004,26.380000000000003,1.26,83
CHN,1950,14.580000000000002,13.380000000000003,1.2000000000000002,64
SLN,1950,25.829999999999995,21.509999999999994,4.32,78
NY1,1950,30.110000000000003,28.310000000000002,1.7999999999999994,86
WS1,1950,18.21,18.42,-0.20999999999999996,67
DET,1950,34.1,31.92,2.18,95
BRO,1951,40.42,36.43,3.99,97
CIN,1951,17.22,9.379999999999999,7.84,68
BSN,1951,28.469999999999995,23.539999999999996,4.930000000000001,76
SLA,1951,-17.72,-9.25,-8.47,52
PHI,1951,28.52,21.35,7.169999999999999,73
PHA,1951,22.290000000000003,19.51,2.7800000000000002,70
CLE,1951,34.260000000000005,24.53,9.73,93
CHA,1951,32.98,25.019999999999996,7.96,81
PIT,1951,5.65,7.17,-1.5199999999999998,64
NYA,1951,36.52,26.01,10.51,98
CHN,1951,8.530000000000001,5.870000000000001,2.6600000000000006,62
SLN,1951,22.84,19.26,3.5799999999999996,81
DET,1951,22.14,17.54,4.6000000000000005,73
BOS,1951,32.51,24.899999999999995,7.61,87
WS1,1951,11.389999999999999,12.049999999999999,-0.6600000000000001,62
NY1,1951,33.13,28.46,4.67,98
CIN,1952,12.639999999999999,6.74,5.899999999999999,69
CHN,1952,22.020000000000003,12.93,9.090000000000002,77
BRO,1952,34.95,27.6,7.35,96
PHI,1952,44.620000000000005,30.25,14.370000000000001,87
PHA,1952,24.25,19.36,4.89,79
CLE,1952,39.230000000000004,28.89,10.34,93
WS1,1952,18.25,10.100000000000001,8.149999999999999,78
PIT,1952,-2.450000000000001,-1.8100000000000007,-0.6400000000000003,42
DET,1952,12.32,5.670000000000001,6.65,50
NYA,1952,37.36,28.810000000000002,8.55,95
SLA,1952,12.82,8.370000000000001,4.45,64
SLN,1952,28.550000000000004,20.67,7.880000000000001,88
BSN,1952,17.240000000000002,7.400000000000001,9.84,64
CHA,1952,32.620000000000005,20.850000000000005,11.77,81
NY1,1952,26.489999999999995,19.849999999999994,6.640000000000001,92
BOS,1952,12.25,8.64,3.6100000000000003,76
PIT,1953,4.09,5.7,-1.6099999999999999,50
CIN,1953,16.76,18.310000000000002,-1.55,68
ML1,1953,40.87,30.38,10.49,92
PHI,1953,33.160000000000004,25.42,7.740000000000001,83
PHA,1953,14.88,12.68,2.2000000000000006,59
CLE,1953,38.690000000000005,28.730000000000004,9.96,92
BOS,1953,23.18,15.29,7.89,84
DET,1953,18.37,17.75,0.6200000000000001,60
NYA,1953,39.78,30.21,9.57,99
CHN,1953,17.330000000000002,17.39,-0.059999999999999776,65
BRO,1953,48.480000000000004,42.89000000000001,5.59,105
CHA,1953,31.57,21.910000000000004,9.659999999999998,89
SLN,1953,40.040000000000006,34.17,5.870000000000001,83
WS1,1953,24.59,18.9,5.69,76
SLA,1953,10.64,8.040000000000001,2.5999999999999996,54
NY1,1953,25.66,25.73,-0.06999999999999995,70
ML1,1954,33.62,24.79,8.83,89
BAL,1954,9.93,4.29,5.640000000000001,54
CIN,1954,19.400000000000002,22.19,-2.79,74
BOS,1954,24.880000000000003,19.91,4.970000000000001,69
PIT,1954,13.149999999999999,11.159999999999998,1.99,53
SLN,1954,32.01,30.25,1.7599999999999993,72
BRO,1954,37.43000000000001,33.00000000000001,4.43,92
NY1,1954,33.18,27.189999999999998,5.989999999999999,97
PHI,1954,34.28,28.569999999999997,5.710000000000001,75
PHA,1954,-3.86,0.3100000000000008,-4.170000000000001,51
CLE,1954,46.779999999999994,31.609999999999996,15.17,111
CHN,1954,19.990000000000002,18.14,1.85,64
CHA,1954,37.459999999999994,25.029999999999998,12.43,94
NYA,1954,37.52,30.180000000000003,7.34,103
DET,1954,19.44,13.89,5.55,68
WS1,1954,29.53,21.110000000000003,8.42,66
ML1,1955,26.27,23.74,2.5300000000000002,85
BAL,1955,6.170000000000001,1.74,4.430000000000001,57
CHA,1955,33.6,22.970000000000002,10.629999999999999,91
BOS,1955,28.96,24.500000000000004,4.459999999999999,84
CLE,1955,36.7,24.950000000000003,11.75,93
BRO,1955,38.730000000000004,32.27,6.459999999999999,98
NY1,1955,17.12,13.99,3.130000000000001,80
SLN,1955,11.849999999999998,13.279999999999998,-1.4300000000000002,68
PHI,1955,27.29,21.27,6.0200000000000005,77
KC1,1955,-2.8400000000000007,5.55,-8.39,63
PIT,1955,5.300000000000001,1.6700000000000004,3.630000000000001,60
CHN,1955,6.549999999999998,7.329999999999998,-0.78,72
CIN,1955,28.990000000000002,24.180000000000003,4.81,75
NYA,1955,23.269999999999996,21.669999999999998,1.5999999999999994,96
DET,1955,27.479999999999997,22.409999999999997,5.07,79
WS1,1955,6.399999999999999,3.669999999999999,2.73,53
ML1,1956,30.530000000000005,23.400000000000006,7.129999999999999,92
BAL,1956,15.52,5.249999999999999,10.27,69
BRO,1956,32.36,25.919999999999998,6.4399999999999995,93
NY1,1956,17.630000000000003,11.680000000000001,5.949999999999999,67
CHA,1956,37.72,27.79,9.93,85
PHI,1956,23.629999999999995,17.839999999999996,5.79,71
CLE,1956,32.54,21.869999999999997,10.67,88
CIN,1956,39.55000000000001,31.850000000000005,7.700000000000003,91
CHN,1956,7.140000000000001,7.61,-0.47,60
NYA,1956,29.659999999999997,24.629999999999995,5.029999999999999,97
KC1,1956,-3.84,5.0,-8.84,52
DET,1956,31.560000000000002,28.770000000000003,2.79,82
WS1,1956,-1.0199999999999996,9.57,-10.59,59
SLN,1956,21.86,17.8,4.0600000000000005,76
BOS,1956,29.26,27.73,1.53,84
PIT,1956,16.830000000000002,9.950000000000001,6.88,66
ML1,1957,32.74,26.12,6.62,95
CHN,1957,14.489999999999998,8.069999999999999,6.42,62
CLE,1957,20.07,15.340000000000002,4.7299999999999995,76
BRO,1957,32.08,20.939999999999998,11.14,84
PHI,1957,32.550000000000004,18.42,14.13,77
NY1,1957,19.699999999999996,13.909999999999998,5.789999999999999,69
CHA,1957,33.03,23.34,9.690000000000001,90
BOS,1957,35.809999999999995,26.49,9.319999999999999,82
CIN,1957,30.73,26.740000000000002,3.9899999999999998,80
PIT,1957,22.930000000000003,15.120000000000001,7.810000000000001,62
NYA,1957,34.84,24.720000000000002,10.120000000000001,98
WS1,1957,5.76,3.15,2.61,55
DET,1957,25.68,18.64,7.04,78
SLN,1957,32.17999999999999,23.599999999999994,8.58,87
BAL,1957,27.28,14.03,13.25,76
KC1,1957,3.58,2.66,0.9200000000000002,59
ML1,1958,38.16,24.87,13.29,92
CHN,1958,21.83,19.979999999999997,1.8500000000000003,72
SFN,1958,24.2,19.47,4.73,80
WS1,1958,10.740000000000002,7.570000000000001,3.17,61
SLN,1958,18.75,14.69,4.0600000000000005,72
PHI,1958,27.96,17.15,10.81,69
CHA,1958,25.279999999999998,18.869999999999997,6.410000000000001,82
CLE,1958,18.15,14.149999999999999,4.0,77
CIN,1958,29.909999999999997,20.099999999999998,9.809999999999999,76
PIT,1958,27.54,18.21,9.33,84
NYA,1958,40.07,29.71,10.360000000000001,92
KC1,1958,18.42,12.420000000000002,6.000000000000001,73
BOS,1958,30.49,23.46,7.0299999999999985,79
DET,1958,29.45,18.55,10.899999999999999,77
LAN,1958,12.11,10.469999999999999,1.6400000000000001,71
BAL,1958,29.92,12.62,17.3,74
ML1,1959,37.57000000000001,24.390000000000004,13.18,86
WS1,1959,23.249999999999996,12.739999999999997,10.51,63
SFN,1959,39.46,28.47,10.99,83
CHN,1959,23.260000000000005,17.250000000000004,6.010000000000002,74
PHI,1959,18.270000000000003,10.0,8.270000000000001,64
CHA,1959,27.630000000000003,16.82,10.81,94
CIN,1959,33.29,27.93,5.360000000000001,74
NYA,1959,31.979999999999997,23.2,8.78,79
CLE,1959,15.339999999999998,14.399999999999999,0.9399999999999998,89
KC1,1959,14.45,9.66,4.789999999999999,66
DET,1959,33.269999999999996,27.579999999999995,5.6899999999999995,76
SLN,1959,28.82,21.7,7.12,71
BAL,1959,27.65,14.699999999999998,12.95,74
BOS,1959,26.450000000000003,23.35,3.0999999999999996,75
PIT,1959,29.270000000000003,18.180000000000003,11.090000000000002,78
LAN,1959,28.150000000000002,21.840000000000003,6.31,88
ML1,1960,34.42999999999999,25.369999999999994,9.06,88
WS1,1960,24.96,17.11,7.8500000000000005,73
SFN,1960,39.88,24.84,15.040000000000001,79
CHN,1960,14.46,9.58,4.88,60
PHI,1960,19.39,8.219999999999999,11.170000000000002,59
DET,1960,29.499999999999993,18.189999999999998,11.309999999999997,71
CIN,1960,26.24,16.369999999999997,9.870000000000001,67
CHA,1960,35.86,26.939999999999998,8.92,87
LAN,1960,29.259999999999998,18.239999999999995,11.020000000000001,82
CLE,1960,10.78,10.34,0.4399999999999998,76
BAL,1960,25.78,16.92,8.86,89
KC1,1960,12.97,11.850000000000001,1.1199999999999999,58
NYA,1960,33.12,29.369999999999997,3.75,97
BOS,1960,19.15,14.289999999999997,4.86,65
SLN,1960,34.11,20.380000000000003,13.73,86
PIT,1960,54.510000000000005,36.03,18.48,95
ML1,1961,28.589999999999996,23.609999999999996,4.98,83
BAL,1961,35.129999999999995,21.52,13.61,95
MIN,1961,31.759999999999998,25.6,6.159999999999998,70
SFN,1961,34.22,23.31,10.91,85
CHN,1961,31.44,24.400000000000002,7.039999999999999,64
PHI,1961,10.419999999999998,3.46,6.959999999999999,47
CHA,1961,41.370000000000005,31.220000000000002,10.15,86
KC1,1961,12.2,13.049999999999999,-0.8500000000000001,61
LAN,1961,42.06,31.34,10.719999999999999,89
CLE,1961,22.98,21.48,1.5,78
LAA,1961,12.090000000000002,13.770000000000001,-1.6799999999999997,70
CIN,1961,30.689999999999998,23.319999999999997,7.369999999999999,93
NYA,1961,55.23000000000001,43.27000000000001,11.96,109
DET,1961,53.67999999999999,44.63999999999999,9.04,101
SLN,1961,26.009999999999998,18.409999999999997,7.6,80
WS2,1961,15.14,10.530000000000001,4.61,61
BOS,1961,20.449999999999996,20.729999999999997,-0.2799999999999998,76
PIT,1961,41.63,26.15,15.480000000000002,75
ML1,1962,40.01,27.72,12.289999999999997,86
BAL,1962,27.76,17.23,10.530000000000001,77
DET,1962,39.760000000000005,31.320000000000007,8.440000000000001,85
MIN,1962,54.599999999999994,42.599999999999994,12.0,91
SFN,1962,57.300000000000004,44.63,12.67,103
CHN,1962,16.44,13.280000000000001,3.16,59
KC1,1962,12.120000000000001,17.26,-5.140000000000001,72
CLE,1962,12.499999999999998,11.219999999999999,1.28,80
HOU,1962,33.04,12.4,20.64,64
PHI,1962,27.99,21.99,5.999999999999999,81
CHA,1962,45.13,30.28,14.850000000000001,85
NYN,1962,7.23,10.42,-3.19,40
LAA,1962,29.03,19.820000000000004,9.209999999999999,86
PIT,1962,41.95,23.43,18.52,93
NYA,1962,51.36,39.96,11.399999999999999,96
CIN,1962,39.54,31.05,8.489999999999998,98
SLN,1962,44.91,31.69,13.219999999999999,84
BOS,1962,30.58,24.99,5.59,76
WS2,1962,17.68,12.599999999999998,5.080000000000001,60
LAN,1962,58.72,39.8,18.920000000000005,102
ML1,1963,39.46,24.75,14.71,84
BAL,1963,36.48,22.209999999999997,14.27,86
CLE,1963,24.099999999999998,11.589999999999998,12.51,79
DET,1963,26.65,20.58,6.0699999999999985,79
MIN,1963,51.89000000000001,37.900000000000006,13.990000000000002,91
PIT,1963,36.22,15.53,20.69,74
SFN,1963,52.290000000000006,33.35000000000001,18.939999999999998,88
SLN,1963,56.660000000000004,38.81,17.85,93
KC1,1963,21.589999999999996,11.969999999999999,9.62,73
PHI,1963,43.3,24.34,18.96,87
HOU,1963,29.18,4.7,24.48,66
CHN,1963,38.02,18.57,19.450000000000003,82
NYA,1963,54.2,35.89,18.31,104
WS2,1963,7.030000000000001,4.160000000000001,2.87,56
LAN,1963,55.150000000000006,28.03,27.120000000000005,99
BOS,1963,39.120000000000005,24.91,14.21,76
NYN,1963,-4.649999999999999,-10.339999999999998,5.6899999999999995,51
CIN,1963,50.3,27.659999999999997,22.639999999999997,86
CHA,1963,55.620000000000005,30.080000000000002,25.54,94
LAA,1963,24.869999999999997,13.8,11.069999999999999,70
ML1,1964,47.080000000000005,34.660000000000004,12.42,88
BAL,1964,48.3,30.419999999999998,17.88,97
LAA,1964,34.94,13.84,21.099999999999998,82
DET,1964,39.34,28.880000000000003,10.459999999999999,85
MIN,1964,50.709999999999994,38.13999999999999,12.57,79
PHI,1964,48.24,27.92,20.32,92
PIT,1964,55.17,32.65,22.52,80
SFN,1964,50.830000000000005,30.850000000000005,19.98,90
NYN,1964,17.14,7.89,9.250000000000002,53
KC1,1964,6.220000000000002,7.880000000000003,-1.6600000000000004,57
CLE,1964,39.730000000000004,24.29,15.440000000000001,79
CHN,1964,39.17999999999999,26.669999999999998,12.509999999999998,76
HOU,1964,27.08,3.560000000000001,23.519999999999996,66
NYA,1964,54.739999999999995,34.25,20.49,99
WS2,1964,11.489999999999998,5.1,6.39,62
CIN,1964,54.75000000000001,28.630000000000003,26.120000000000005,92
SLN,1964,50.010000000000005,33.230000000000004,16.78,93
BOS,1964,31.249999999999993,22.269999999999996,8.979999999999999,72
CHA,1964,48.620000000000005,25.88,22.740000000000002,98
LAN,1964,46.31,17.94,28.37,80
ML1,1965,47.6,30.060000000000002,17.54,86
BAL,1965,31.319999999999997,14.389999999999997,16.93,94
CAL,1965,25.989999999999995,8.599999999999998,17.389999999999997,75
DET,1965,42.64,26.22,16.419999999999998,89
PHI,1965,53.010000000000005,30.41,22.6,85
PIT,1965,54.67,32.31,22.36,90
MIN,1965,43.85000000000001,31.640000000000008,12.210000000000003,102
SFN,1965,57.42,33.83,23.59,95
CHN,1965,27.440000000000005,16.060000000000002,11.38,72
CLE,1965,53.480000000000004,31.69,21.79,87
HOU,1965,41.43,21.0,20.43,65
NYA,1965,34.28999999999999,16.229999999999997,18.06,77
CHA,1965,49.68,26.380000000000003,23.299999999999997,95
WS2,1965,10.689999999999998,7.119999999999999,3.5699999999999994,70
SLN,1965,32.07,19.6,12.47,80
BOS,1965,36.29,24.060000000000002,12.229999999999999,62
KC1,1965,20.03,13.620000000000001,6.41,59
NYN,1965,3.6700000000000013,-2.1699999999999995,5.840000000000001,50
CIN,1965,63.52,48.260000000000005,15.26,89
LAN,1965,51.599999999999994,25.6,25.999999999999996,97
ATL,1966,52.120000000000005,35.68,16.44,85
CHA,1966,42.49,17.12,25.37,83
CAL,1966,23.88,11.159999999999997,12.720000000000002,80
MIN,1966,50.4,26.45,23.95,89
PHI,1966,50.03,31.379999999999995,18.650000000000002,87
PIT,1966,65.72999999999999,45.47,20.259999999999998,92
SFN,1966,55.42,29.3,26.120000000000005,93
CHN,1966,34.43,24.43,10.0,59
CLE,1966,42.9,20.43,22.47,81
BAL,1966,52.989999999999995,32.58,20.41,97
HOU,1966,40.599999999999994,20.7,19.9,72
LAN,1966,68.5,33.160000000000004,35.339999999999996,95
NYA,1966,32.980000000000004,15.510000000000002,17.47,70
KC1,1966,19.04,11.33,7.710000000000001,74
NYN,1966,13.759999999999998,7.229999999999999,6.529999999999999,66
BOS,1966,33.47,21.959999999999997,11.51,72
WS2,1966,22.810000000000002,8.84,13.97,71
SLN,1966,36.400000000000006,18.54,17.860000000000003,83
DET,1966,42.29,30.419999999999998,11.87,88
CIN,1966,34.91,19.28,15.629999999999999,76
ATL,1967,41.63999999999999,22.669999999999998,18.969999999999995,77
BOS,1967,49.18000000000001,30.800000000000004,18.380000000000003,92
HOU,1967,39.79,19.05,20.74,69
CHA,1967,37.84,10.410000000000002,27.43,89
LAN,1967,51.11,20.61,30.5,73
WS2,1967,21.319999999999997,2.8400000000000003,18.479999999999997,76
PHI,1967,59.9,28.12,31.779999999999998,82
PIT,1967,37.95,22.77,15.18,81
MIN,1967,66.59,36.769999999999996,29.82,91
SFN,1967,55.53,30.540000000000006,24.99,91
CLE,1967,37.379999999999995,13.79,23.59,75
NYA,1967,26.980000000000004,7.320000000000002,19.66,72
BAL,1967,38.92,17.63,21.29,76
KC1,1967,22.269999999999996,5.119999999999999,17.15,62
CHN,1967,43.6,26.55,17.05,87
CIN,1967,46.86,21.049999999999997,25.810000000000002,87
NYN,1967,13.74,0.9999999999999997,12.74,61
SLN,1967,65.46000000000001,37.430000000000014,28.029999999999998,101
DET,1967,51.06,34.62,16.44,91
CAL,1967,28.46,10.68,17.78,84
ATL,1968,52.21,20.29,31.92,81
BOS,1968,40.63999999999999,21.68,18.959999999999994,86
HOU,1968,44.19,12.500000000000002,31.689999999999998,72
NYN,1968,41.35,10.26,31.09,73
LAN,1968,50.480000000000004,15.57,34.910000000000004,76
WS2,1968,18.990000000000002,3.92,15.07,65
PHI,1968,43.78,15.03,28.75,76
PIT,1968,50.03,23.529999999999998,26.500000000000004,80
MIN,1968,51.18,21.009999999999998,30.17,79
CHA,1968,26.930000000000003,3.3000000000000007,23.630000000000003,67
SFN,1968,71.66,36.349999999999994,35.309999999999995,88
CLE,1968,47.91999999999999,19.58,28.339999999999993,86
NYA,1968,35.79,12.19,23.599999999999998,83
CHN,1968,49.38,28.040000000000003,21.34,84
CIN,1968,47.57,26.68,20.89,83
OAK,1968,42.33,19.650000000000002,22.68,82
BAL,1968,49.18,23.160000000000004,26.019999999999996,91
SLN,1968,71.21000000000001,36.25,34.96,97
DET,1968,62.17,35.11,27.06,103
CAL,1968,14.829999999999998,1.2999999999999992,13.53,67
ATL,1969,44.1,26.64,17.46,93
KCA,1969,17.57,6.17,11.4,69
NYN,1969,34.92999999999999,15.719999999999999,19.209999999999997,100
WS2,1969,31.36,23.61,7.750000000000002,86
PHI,1969,35.06,22.23,12.830000000000002,63
PIT,1969,54.15,34.08,20.07,88
MIN,1969,61.36999999999999,41.76,19.609999999999996,97
CAL,1969,16.89,3.3299999999999983,13.56,71
HOU,1969,53.33,30.36,22.970000000000002,81
CLE,1969,14.600000000000001,6.659999999999999,7.940000000000001,62
BOS,1969,34.76,28.849999999999998,5.91,87
CHA,1969,22.38,15.829999999999997,6.550000000000002,68
SDN,1969,12.45,2.1100000000000003,10.34,52
NYA,1969,24.259999999999998,11.599999999999998,12.66,80
MON,1969,9.969999999999999,5.6899999999999995,4.28,52
OAK,1969,29.279999999999994,21.049999999999994,8.23,88
CHN,1969,58.010000000000005,35.53,22.480000000000004,92
SFN,1969,47.41,27.57,19.84,90
CIN,1969,33.43,29.16,4.269999999999999,89
BAL,1969,59.69,42.1,17.59,109
SE1,1969,4.059999999999999,-0.890000000000001,4.95,64
SLN,1969,45.11,21.389999999999993,23.720000000000002,87
DET,1969,43.97,30.9,13.069999999999997,90
LAN,1969,56.980000000000004,31.47,25.51,85
ATL,1970,27.9,20.939999999999998,6.96,76
NYN,1970,40.01,24.13,15.879999999999999,83
KCA,1970,15.380000000000003,7.87,7.510000000000002,65
WS2,1970,19.63,13.719999999999999,5.909999999999999,70
SLN,1970,42.459999999999994,26.709999999999997,15.749999999999998,76
ML4,1970,14.09,6.26,7.83,65
PIT,1970,49.03,30.72,18.31,89
MIN,1970,47.03,29.320000000000004,17.71,98
CAL,1970,24.15,14.95,9.2,86
OAK,1970,27.89,17.76,10.129999999999999,89
HOU,1970,36.64,24.56,12.080000000000002,79
BOS,1970,34.73,26.56,8.17,87
CHA,1970,16.04,12.59,3.45,56
SDN,1970,22.270000000000003,16.700000000000003,5.57,63
NYA,1970,33.08,18.75,14.330000000000002,93
MON,1970,12.330000000000002,12.000000000000002,0.32999999999999985,73
CHN,1970,58.98000000000001,40.970000000000006,18.010000000000005,84
PHI,1970,23.0,5.58,17.419999999999998,73
BAL,1970,60.76,43.85,16.909999999999997,108
CIN,1970,50.27000000000001,37.650000000000006,12.620000000000001,102
SFN,1970,43.87,36.19,7.68,86
CLE,1970,23.67,20.150000000000002,3.52,76
DET,1970,24.889999999999993,15.919999999999996,8.969999999999999,79
LAN,1970,32.21,21.130000000000003,11.08,87
ATL,1971,30.020000000000003,19.42,10.6,82
NYN,1971,41.69,18.76,22.93,83
WS2,1971,8.61,1.1,7.51,63
LAN,1971,47.709999999999994,26.799999999999997,20.909999999999997,89
PIT,1971,50.15,31.47,18.68,97
CAL,1971,16.33,0.9800000000000004,15.35,76
NYA,1971,36.61,22.810000000000002,13.799999999999999,82
HOU,1971,40.81999999999999,18.679999999999996,22.14,79
SLN,1971,49.31,32.26,17.05,90
CHA,1971,50.370000000000005,29.23,21.14,79
MIN,1971,30.059999999999995,17.939999999999998,12.12,74
PHI,1971,17.099999999999998,2.8600000000000003,14.239999999999998,67
BOS,1971,33.51,21.69,11.819999999999997,85
SDN,1971,23.21,7.83,15.380000000000003,61
ML4,1971,8.45,0.22999999999999998,8.219999999999999,69
MON,1971,15.7,10.35,5.3500000000000005,71
CLE,1971,-6.84,-4.910000000000001,-1.9299999999999988,60
OAK,1971,45.400000000000006,26.21,19.19,101
CHN,1971,38.599999999999994,20.91,17.689999999999998,83
BAL,1971,50.98,36.379999999999995,14.600000000000001,101
CIN,1971,31.66,17.93,13.73,79
SFN,1971,41.1,27.200000000000003,13.899999999999999,90
DET,1971,44.22,31.89,12.329999999999998,91
KCA,1971,29.4,13.309999999999999,16.09,85
ATL,1972,25.689999999999998,19.38,6.309999999999999,70
NYN,1972,27.25,7.759999999999998,19.490000000000002,83
NYA,1972,34.959999999999994,17.93,17.029999999999998,79
CHA,1972,38.89,15.01,23.880000000000003,87
PIT,1972,55.529999999999994,32.949999999999996,22.58,96
CAL,1972,23.02,7.699999999999999,15.32,75
HOU,1972,49.42,31.51,17.91,84
OAK,1972,43.55,20.099999999999998,23.45,93
SLN,1972,34.03,15.120000000000001,18.91,75
PHI,1972,15.389999999999997,2.86,12.529999999999998,59
BOS,1972,37.400000000000006,21.060000000000002,16.34,85
SDN,1972,11.0,-0.8900000000000002,11.89,58
SFN,1972,24.509999999999998,13.86,10.649999999999999,69
ML4,1972,12.65,0.09000000000000002,12.56,65
MON,1972,22.11,7.830000000000001,14.279999999999998,70
BAL,1972,43.42,21.04,22.38,80
CHN,1972,45.730000000000004,28.72,17.01,85
CLE,1972,15.28,4.6,10.68,72
CIN,1972,42.51,25.97,16.54,95
TEX,1972,3.4899999999999984,-7.8100000000000005,11.299999999999999,54
MIN,1972,29.770000000000003,12.330000000000002,17.44,77
DET,1972,36.599999999999994,16.519999999999996,20.08,86
LAN,1972,46.019999999999996,23.6,22.419999999999998,85
KCA,1972,40.86,20.38,20.48,76
ATL,1973,38.74000000000001,32.63000000000001,6.109999999999999,76
MIN,1973,24.68,9.41,15.27,81
SLN,1973,48.089999999999996,26.36,21.729999999999997,81
MON,1973,18.72,11.219999999999997,7.5,79
CHA,1973,19.09,3.8200000000000007,15.27,77
PIT,1973,41.57,29.32,12.25,80
CAL,1973,12.33,-5.369999999999999,17.7,79
OAK,1973,27.770000000000003,13.610000000000001,14.16,94
SDN,1973,10.32,2.6100000000000003,7.71,60
PHI,1973,22.84,13.33,9.51,71
BOS,1973,24.86,15.57,9.290000000000001,89
SFN,1973,44.23,32.93,11.299999999999999,88
BAL,1973,36.61,21.090000000000003,15.52,97
NYN,1973,36.089999999999996,15.739999999999997,20.35,82
CHN,1973,38.370000000000005,20.07,18.3,77
CLE,1973,13.420000000000002,8.590000000000002,4.83,71
CIN,1973,43.480000000000004,30.130000000000003,13.35,99
KCA,1973,23.319999999999997,13.009999999999998,10.309999999999999,88
TEX,1973,5.909999999999999,3.92,1.9899999999999995,57
NYA,1973,24.729999999999997,7.279999999999999,17.45,80
ML4,1973,19.099999999999998,13.77,5.329999999999999,74
DET,1973,21.52,7.739999999999999,13.78,85
LAN,1973,48.980000000000004,29.430000000000003,19.55,95
HOU,1973,36.57,21.99,14.58,82
ATL,1974,42.09,23.830000000000002,18.26,88
CHN,1974,24.83,11.75,13.08,66
CHA,1974,23.870000000000005,8.270000000000001,15.600000000000001,80
NYA,1974,23.880000000000003,7.740000000000002,16.14,89
OAK,1974,32.699999999999996,9.909999999999998,22.79,90
SDN,1974,4.41,0.4600000000000002,3.95,60
CLE,1974,13.16,2.3000000000000007,10.86,77
PHI,1974,29.96,21.92,8.040000000000001,80
SFN,1974,28.509999999999998,17.11,11.4,72
LAN,1974,61.12,36.97,24.15,102
NYN,1974,37.71,17.75,19.96,71
MON,1974,30.14,13.45,16.69,79
BAL,1974,28.540000000000003,10.84,17.700000000000003,91
CIN,1974,57.46,42.58,14.88,98
BOS,1974,18.25,3.02,15.23,84
ML4,1974,11.990000000000002,0.8800000000000004,11.110000000000001,76
KCA,1974,28.680000000000003,9.280000000000001,19.400000000000002,77
CAL,1974,6.950000000000001,-6.699999999999999,13.65,68
MIN,1974,27.54,10.6,16.939999999999998,82
PIT,1974,49.98,32.92,17.059999999999995,88
DET,1974,-7.1400000000000015,-14.5,7.3599999999999985,72
SLN,1974,38.029999999999994,21.849999999999994,16.18,86
TEX,1974,31.17,10.889999999999999,20.280000000000005,84
HOU,1974,39.92,26.020000000000003,13.899999999999999,81
ML4,1975,12.149999999999999,9.339999999999998,2.81,68
SFN,1975,43.22,31.150000000000002,12.07,80
PHI,1975,48.699999999999996,32.589999999999996,16.11,86
NYA,1975,22.55,5.260000000000001,17.29,83
NYN,1975,38.22,18.929999999999996,19.29,82
HOU,1975,20.34,11.84,8.5,64
CIN,1975,56.510000000000005,41.86000000000001,14.650000000000002,108
CLE,1975,13.32,6.220000000000001,7.1000000000000005,79
LAN,1975,52.599999999999994,29.91,22.689999999999998,88
MON,1975,20.37,7.8100000000000005,12.56,75
ATL,1975,15.77,7.170000000000001,8.599999999999998,67
CAL,1975,6.590000000000002,-7.0600000000000005,13.650000000000002,72
DET,1975,8.8,-1.62,10.42,57
OAK,1975,37.19,20.24,16.95,98
BAL,1975,30.509999999999998,14.47,16.04,90
BOS,1975,27.040000000000003,16.770000000000003,10.27,95
CHN,1975,30.67,19.050000000000004,11.62,75
MIN,1975,17.33,10.89,6.4399999999999995,76
SLN,1975,46.209999999999994,27.059999999999995,19.15,82
KCA,1975,34.58,15.829999999999998,18.75,91
PIT,1975,42.400000000000006,24.240000000000002,18.16,92
TEX,1975,24.020000000000003,10.5,13.520000000000001,79
CHA,1975,21.259999999999998,9.959999999999999,11.3,75
SDN,1975,20.82,4.6,16.22,71
ML4,1976,6.639999999999999,-4.609999999999999,11.249999999999998,66
SFN,1976,31.059999999999995,11.429999999999998,19.63,74
CIN,1976,72.39,53.0,19.39,102
PHI,1976,65.75,38.28,27.47,101
SDN,1976,20.14,7.949999999999999,12.19,73
NYA,1976,32.14,12.46,19.68,97
SLN,1976,32.309999999999995,18.569999999999997,13.739999999999998,72
HOU,1976,28.25,17.4,10.850000000000003,80
CLE,1976,19.11,-3.3200000000000003,22.43,81
LAN,1976,32.81,15.13,17.68,92
OAK,1976,29.709999999999997,8.2,21.509999999999998,87
CHA,1976,11.189999999999998,-2.9200000000000004,14.109999999999998,64
BAL,1976,24.65,5.859999999999999,18.79,88
ATL,1976,30.129999999999995,13.209999999999999,16.919999999999998,70
TEX,1976,23.050000000000004,2.0500000000000003,21.000000000000004,76
CHN,1976,33.67,16.090000000000003,17.580000000000002,75
CAL,1976,8.459999999999999,-11.97,20.43,76
NYN,1976,48.27,21.400000000000002,26.87,86
MIN,1976,24.610000000000003,12.21,12.400000000000002,85
KCA,1976,30.009999999999998,9.110000000000001,20.9,90
BOS,1976,31.109999999999996,13.129999999999999,17.979999999999997,83
PIT,1976,49.17,28.36,20.81,92
MON,1976,14.530000000000003,4.250000000000002,10.280000000000001,55
DET,1976,11.340000000000002,-0.7600000000000002,12.100000000000001,74
MIN,1977,30.509999999999998,21.48,9.03,84
CAL,1977,13.05,0.6600000000000001,12.39,74
SFN,1977,37.9,21.5,16.4,75
OAK,1977,6.040000000000002,-2.6199999999999983,8.66,63
SDN,1977,20.75,17.009999999999998,3.74,69
TEX,1977,34.64,19.14,15.5,94
SLN,1977,28.39,18.53,9.86,83
HOU,1977,42.96,26.28,16.68,81
CIN,1977,54.55,45.269999999999996,9.280000000000001,88
TOR,1977,4.510000000000001,1.0000000000000002,3.5100000000000002,54
ATL,1977,12.089999999999996,12.449999999999998,-0.3600000000000003,61
SEA,1977,5.530000000000001,7.460000000000001,-1.9299999999999997,64
BOS,1977,44.97,31.090000000000003,13.879999999999999,97
LAN,1977,63.78,42.730000000000004,21.049999999999997,98
ML4,1977,9.97,1.9600000000000002,8.01,67
CHA,1977,38.44,26.51,11.93,90
BAL,1977,27.96,11.12,16.84,97
CLE,1977,18.34,6.15,12.19,71
CHN,1977,48.78,27.359999999999996,21.42,81
NYA,1977,44.68,32.19,12.490000000000002,100
NYN,1977,27.759999999999998,11.390000000000002,16.369999999999997,64
PHI,1977,57.52000000000001,42.75000000000001,14.77,101
KCA,1977,43.410000000000004,23.680000000000003,19.73,102
MON,1977,40.93,29.259999999999998,11.670000000000002,75
PIT,1977,45.05,28.32,16.73,96
DET,1977,23.2,13.46,9.739999999999998,74
MIN,1978,24.889999999999997,10.32,14.569999999999997,73
CLE,1978,11.67,-1.1300000000000003,12.8,69
SDN,1978,42.34,19.630000000000003,22.71,84
HOU,1978,27.770000000000003,8.81,18.96,74
OAK,1978,11.079999999999998,-2.3499999999999996,13.429999999999998,69
CAL,1978,15.85,3.8499999999999996,12.0,87
SFN,1978,53.07000000000001,29.970000000000006,23.1,89
TOR,1978,0.5300000000000002,-4.53,5.0600000000000005,59
ATL,1978,20.77,12.879999999999999,7.890000000000001,69
CIN,1978,46.89,31.400000000000006,15.489999999999998,92
SEA,1978,2.339999999999999,1.0399999999999991,1.3,56
BOS,1978,41.49,27.27,14.22,99
LAN,1978,58.67999999999999,40.419999999999995,18.26,95
ML4,1978,41.06999999999999,25.599999999999998,15.469999999999999,93
CHA,1978,-3.4000000000000004,-9.38,5.98,71
BAL,1978,27.120000000000005,11.110000000000001,16.01,90
TEX,1978,35.48,16.32,19.159999999999997,87
PIT,1978,37.59,18.21,19.380000000000003,88
CHN,1978,28.83,15.56,13.27,79
NYA,1978,31.840000000000003,13.280000000000003,18.560000000000002,100
NYN,1978,25.67,11.629999999999999,14.040000000000001,66
PHI,1978,56.86,35.269999999999996,21.59,90
KCA,1978,29.08,15.459999999999999,13.62,92
SLN,1978,25.47,11.51,13.96,69
MON,1978,31.3,21.89,9.41,76
DET,1978,27.29,18.23,9.06,86
MIN,1979,33.47,18.05,15.42,82
CAL,1979,34.129999999999995,23.86,10.27,88
TOR,1979,-2.08,0.07000000000000028,-2.1500000000000004,53
CLE,1979,21.880000000000003,12.89,8.99,81
BOS,1979,38.28,26.5,11.78,91
SDN,1979,29.26,14.14,15.120000000000001,68
PHI,1979,40.040000000000006,26.270000000000003,13.770000000000001,84
SFN,1979,20.439999999999998,9.84,10.6,71
HOU,1979,37.25,18.51,18.74,89
OAK,1979,-9.0,-10.11,1.11,54
CIN,1979,46.31,29.82,16.49,90
BAL,1979,31.37,17.39,13.98,102
LAN,1979,45.17,30.770000000000003,14.4,79
ML4,1979,37.07,27.77,9.3,95
CHA,1979,13.46,5.889999999999999,7.570000000000001,73
TEX,1979,28.810000000000002,17.95,10.860000000000001,83
ATL,1979,27.209999999999994,16.059999999999995,11.15,66
NYA,1979,26.73,10.64,16.09,89
MON,1979,43.260000000000005,24.260000000000005,19.0,95
PIT,1979,53.7,34.69,19.01,98
CHN,1979,41.42,25.389999999999997,16.03,80
SEA,1979,18.130000000000003,15.460000000000003,2.670000000000001,67
NYN,1979,22.11,12.36,9.75,63
KCA,1979,28.51,26.14,2.3699999999999997,85
SLN,1979,43.97,30.73,13.239999999999998,86
DET,1979,23.04,19.21,3.83,85
MIN,1980,18.05,2.41,15.64,77
PHI,1980,51.35000000000001,29.370000000000005,21.98,91
KCA,1980,37.339999999999996,24.909999999999997,12.43,97
TOR,1980,3.6299999999999994,-0.7900000000000005,4.42,67
ATL,1980,29.58,16.73,12.85,81
CLE,1980,26.48,14.47,12.01,79
BOS,1980,32.760000000000005,21.990000000000002,10.77,83
SEA,1980,-1.8899999999999997,-8.0,6.11,59
NYN,1980,14.18,1.6999999999999993,12.48,67
OAK,1980,18.76,7.6400000000000015,11.120000000000001,83
HOU,1980,53.239999999999995,24.939999999999998,28.299999999999997,93
BAL,1980,36.13,21.6,14.53,100
CHA,1980,6.240000000000002,-5.6,11.840000000000002,70
LAN,1980,50.120000000000005,30.760000000000005,19.36,92
ML4,1980,34.209999999999994,22.06,12.149999999999999,86
SDN,1980,30.53,15.27,15.26,73
CAL,1980,12.34,4.6,7.74,65
TEX,1980,30.690000000000005,19.26,11.430000000000001,76
CIN,1980,46.71000000000001,30.24000000000001,16.47,89
MON,1980,47.32,25.78,21.54,90
PIT,1980,40.67,20.31,20.36,83
CHN,1980,24.36,7.569999999999999,16.79,64
SFN,1980,27.37,7.749999999999999,19.62,75
SLN,1980,41.38,26.13,15.250000000000002,74
DET,1980,25.100000000000005,18.050000000000004,7.050000000000001,84
NYA,1980,42.730000000000004,18.670000000000005,24.060000000000002,103
MIN,1981,0.6899999999999995,-6.53,7.22,41
PHI,1981,36.76,24.04,12.719999999999999,59
KCA,1981,16.240000000000002,6.4399999999999995,9.8,50
TOR,1981,-2.670000000000001,-8.64,5.97,37
SFN,1981,21.42,8.4,13.02,56
PIT,1981,14.200000000000001,4.640000000000001,9.56,46
BOS,1981,22.83,15.629999999999999,7.2,59
CHA,1981,22.73,10.22,12.51,54
SEA,1981,14.83,5.74,9.09,44
OAK,1981,15.259999999999998,6.11,9.149999999999999,64
HOU,1981,35.55,15.29,20.26,61
ATL,1981,19.43,7.94,11.489999999999998,50
BAL,1981,14.62,6.76,7.859999999999999,59
NYN,1981,9.89,2.1800000000000006,7.710000000000001,41
LAN,1981,40.580000000000005,22.530000000000005,18.05,63
CLE,1981,15.420000000000002,2.3099999999999996,13.110000000000001,52
ML4,1981,17.06,6.68,10.379999999999999,62
SDN,1981,16.11,7.32,8.79,41
CAL,1981,15.169999999999998,6.769999999999999,8.4,51
TEX,1981,16.16,5.73,10.43,57
CIN,1981,30.189999999999998,19.38,10.809999999999999,66
CHN,1981,8.649999999999999,0.1999999999999998,8.45,38
SLN,1981,25.590000000000003,14.080000000000002,11.51,59
DET,1981,12.89,5.970000000000001,6.92,60
NYA,1981,21.18,4.779999999999999,16.4,59
MON,1981,34.57,17.73,16.84,60
TOR,1982,13.36,1.7600000000000005,11.6,78
PHI,1982,56.03,31.000000000000004,25.029999999999998,89
KCA,1982,26.870000000000005,20.220000000000002,6.65,90
BOS,1982,31.81,20.83,10.98,89
CHA,1982,39.97,20.57,19.4,87
SLN,1982,40.190000000000005,24.490000000000002,15.700000000000003,92
OAK,1982,-8.499999999999998,-4.859999999999999,-3.639999999999999,68
HOU,1982,27.32,11.709999999999999,15.610000000000001,77
BAL,1982,29.57,19.130000000000003,10.44,94
NYN,1982,13.21,4.47,8.74,65
LAN,1982,58.01,33.08,24.93,88
NYA,1982,25.799999999999997,7.700000000000001,18.099999999999998,79
CLE,1982,23.45,10.16,13.29,78
CIN,1982,29.779999999999994,11.37,18.409999999999997,61
TEX,1982,3.05,-7.089999999999999,10.139999999999999,64
CAL,1982,42.660000000000004,26.770000000000003,15.89,93
ATL,1982,35.94,20.069999999999997,15.870000000000001,89
SFN,1982,36.46,18.12,18.34,87
PIT,1982,46.27,28.400000000000002,17.87,84
SDN,1982,19.479999999999997,7.219999999999999,12.26,81
CHN,1982,28.980000000000004,13.270000000000001,15.71,73
SEA,1982,8.880000000000003,-3.02,11.900000000000002,76
DET,1982,16.44,12.59,3.8500000000000005,83
ML4,1982,49.010000000000005,33.86000000000001,15.150000000000002,95
MIN,1982,-0.2600000000000007,3.9799999999999995,-4.24,60
MON,1982,53.449999999999996,31.969999999999995,21.48,86
CAL,1983,11.899999999999999,2.3,9.6,70
KCA,1983,19.43,10.2,9.229999999999999,79
BOS,1983,29.43,20.529999999999998,8.9,78
SEA,1983,-2.1699999999999964,-13.229999999999995,11.059999999999999,60
SLN,1983,35.28,24.24,11.040000000000001,79
OAK,1983,13.22,8.74,4.48,74
LAN,1983,52.43,27.310000000000002,25.119999999999997,91
TEX,1983,20.92,2.9799999999999995,17.94,77
HOU,1983,38.900000000000006,21.060000000000002,17.84,85
NYN,1983,16.57,5.73,10.840000000000002,68
BAL,1983,35.12,19.5,15.62,98
CHA,1983,36.21,17.700000000000003,18.509999999999998,99
NYA,1983,35.68,14.399999999999999,21.28,91
CLE,1983,20.970000000000002,9.860000000000003,11.11,70
TOR,1983,35.67,23.49,12.18,89
CIN,1983,19.97,10.339999999999998,9.629999999999999,74
ATL,1983,43.84,28.650000000000002,15.19,88
SFN,1983,30.250000000000007,15.830000000000004,14.420000000000002,79
PIT,1983,46.739999999999995,27.019999999999992,19.72,84
SDN,1983,15.18,4.700000000000001,10.479999999999999,81
CHN,1983,33.59,18.33,15.260000000000002,71
DET,1983,33.010000000000005,22.52,10.490000000000002,92
ML4,1983,30.049999999999997,19.299999999999997,10.749999999999998,87
MIN,1983,12.780000000000001,8.340000000000002,4.44,70
PHI,1983,50.44,25.05,25.39,90
MON,1983,44.93,26.68,18.25,82
PHI,1984,50.589999999999996,28.91,21.679999999999996,81
TOR,1984,37.86,24.319999999999997,13.54,89
BOS,1984,37.65,25.189999999999998,12.46,86
OAK,1984,18.56,14.54,4.02,77
LAN,1984,45.92999999999999,18.99,26.939999999999998,79
TEX,1984,14.129999999999999,2.0199999999999996,12.11,69
SLN,1984,35.27,16.07,19.200000000000003,84
HOU,1984,47.56,26.110000000000003,21.450000000000003,80
BAL,1984,19.02,8.389999999999999,10.63,85
NYN,1984,39.11,19.68,19.43,90
CHA,1984,20.810000000000002,9.26,11.55,74
DET,1984,42.04,24.439999999999998,17.6,104
SFN,1984,28.54,16.529999999999998,12.010000000000002,66
KCA,1984,19.82,5.58,14.24,84
CLE,1984,22.580000000000002,12.430000000000001,10.15,75
NYA,1984,31.269999999999996,11.959999999999999,19.31,87
ATL,1984,21.650000000000006,6.450000000000003,15.200000000000001,80
CAL,1984,21.97,10.76,11.21,81
PIT,1984,40.73,18.36,22.369999999999997,75
SDN,1984,28.18,13.82,14.36,92
CIN,1984,25.32,10.9,14.419999999999998,70
SEA,1984,18.509999999999998,8.27,10.239999999999998,74
CHN,1984,55.36000000000001,33.040000000000006,22.32,96
ML4,1984,10.670000000000002,-0.9599999999999991,11.63,67
MIN,1984,13.45,5.06,8.39,81
MON,1984,32.11,16.12,15.99,78
SFN,1985,24.120000000000005,6.499999999999998,17.620000000000005,62
PHI,1985,35.34,20.1,15.24,75
PIT,1985,24.54,7.130000000000002,17.409999999999997,57
LAN,1985,63.63,35.970000000000006,27.659999999999997,95
SLN,1985,57.239999999999995,34.61,22.63,101
BOS,1985,43.53,28.210000000000004,15.319999999999999,81
HOU,1985,42.39999999999999,25.57,16.829999999999995,83
CLE,1985,5.700000000000001,7.840000000000001,-2.14,60
NYN,1985,53.99,28.06,25.930000000000003,98
CHA,1985,21.22,7.579999999999998,13.64,85
OAK,1985,13.1,12.15,0.9499999999999991,77
KCA,1985,32.64,8.46,24.18,91
TEX,1985,9.68,1.9699999999999993,7.71,62
TOR,1985,36.05,21.25,14.8,99
NYA,1985,39.11,23.290000000000003,15.819999999999999,97
ATL,1985,14.13,7.550000000000001,6.58,66
CIN,1985,39.16,20.999999999999996,18.16,89
CAL,1985,23.729999999999997,10.329999999999998,13.399999999999999,90
DET,1985,32.199999999999996,16.09,16.109999999999996,84
SDN,1985,35.720000000000006,20.450000000000003,15.270000000000001,83
SEA,1985,15.679999999999998,10.799999999999999,4.879999999999999,74
CHN,1985,32.620000000000005,22.84,9.780000000000001,77
MON,1985,42.099999999999994,18.59,23.509999999999998,84
ML4,1985,1.62,-3.999999999999999,5.619999999999999,71
MIN,1985,24.98,9.33,15.65,77
BAL,1985,28.009999999999998,19.75,8.26,83
PHI,1986,40.83,25.299999999999997,15.530000000000001,86
NYN,1986,72.82,45.4,27.419999999999995,108
SFN,1986,37.96000000000001,19.670000000000005,18.290000000000003,83
CLE,1986,26.259999999999998,25.849999999999998,0.40999999999999986,84
PIT,1986,35.989999999999995,20.869999999999997,15.120000000000001,64
LAN,1986,50.58,25.619999999999997,24.96,73
BOS,1986,46.5,30.6,15.899999999999997,95
SDN,1986,21.369999999999997,12.58,8.79,74
HOU,1986,61.400000000000006,33.9,27.500000000000004,96
CHA,1986,9.07,-1.810000000000001,10.88,72
OAK,1986,15.700000000000001,12.55,3.1500000000000004,76
KCA,1986,28.180000000000003,8.39,19.790000000000003,76
TOR,1986,42.169999999999995,23.16,19.009999999999994,86
MIN,1986,28.810000000000002,21.66,7.15,71
CIN,1986,38.84,22.020000000000003,16.819999999999997,86
ATL,1986,32.62,14.449999999999998,18.17,72
BAL,1986,17.74,7.47,10.269999999999998,73
DET,1986,29.75,23.869999999999997,5.880000000000002,87
NYA,1986,34.11,22.68,11.430000000000003,90
MON,1986,31.469999999999995,12.129999999999999,19.339999999999996,78
SEA,1986,10.600000000000001,4.460000000000001,6.140000000000001,67
CAL,1986,35.72,18.21,17.51,92
CHN,1986,31.629999999999995,17.49,14.139999999999999,70
ML4,1986,16.950000000000003,4.8100000000000005,12.14,77
TEX,1986,23.839999999999996,19.33,4.51,87
SLN,1986,23.370000000000005,9.51,13.860000000000003,79
PHI,1987,30.47,23.439999999999998,7.03,80
SFN,1987,57.96000000000001,37.64000000000001,20.320000000000004,90
CLE,1987,11.430000000000001,15.010000000000002,-3.58,61
NYN,1987,61.120000000000005,39.440000000000005,21.68,92
LAN,1987,28.090000000000003,11.290000000000001,16.8,73
CAL,1987,16.990000000000002,12.64,4.35,75
HOU,1987,43.52,23.4,20.120000000000005,76
CHA,1987,18.450000000000003,15.520000000000001,2.93,77
KCA,1987,32.290000000000006,15.110000000000001,17.180000000000003,83
TOR,1987,42.67,24.790000000000003,17.88,96
BOS,1987,33.83,23.430000000000003,10.399999999999999,78
MIN,1987,25.02,21.18,3.8400000000000003,85
DET,1987,44.89,33.87,11.02,98
CIN,1987,36.050000000000004,23.810000000000002,12.240000000000002,84
PIT,1987,24.0,18.57,5.43,80
ATL,1987,24.049999999999997,20.939999999999998,3.11,69
OAK,1987,36.849999999999994,23.709999999999997,13.14,81
SDN,1987,20.95,15.38,5.569999999999999,65
NYA,1987,31.54,21.19,10.35,89
SLN,1987,47.980000000000004,31.540000000000003,16.44,95
SEA,1987,27.57,21.0,6.569999999999999,78
ML4,1987,36.09,22.37,13.72,91
MON,1987,52.790000000000006,30.8,21.990000000000002,91
TEX,1987,19.32,22.35,-3.03,75
CHN,1987,34.26,26.69,7.5699999999999985,76
BAL,1987,4.199999999999998,7.739999999999999,-3.540000000000001,67
SDN,1988,42.43000000000001,19.050000000000004,23.38,83
ML4,1988,21.13,-0.14000000000000146,21.27,87
NYA,1988,31.020000000000003,17.6,13.420000000000002,85
SFN,1988,48.769999999999996,23.57,25.2,83
SLN,1988,36.239999999999995,14.239999999999998,22.0,76
CLE,1988,26.82,6.190000000000001,20.63,78
BAL,1988,0.5799999999999992,-5.07,5.6499999999999995,54
LAN,1988,59.900000000000006,24.5,35.400000000000006,94
CAL,1988,18.07,5.789999999999999,12.280000000000001,75
HOU,1988,41.69,17.549999999999997,24.14,82
NYN,1988,79.58999999999999,43.46999999999999,36.12,100
CHA,1988,4.980000000000001,-3.96,8.940000000000001,71
SEA,1988,18.96,4.82,14.140000000000002,68
DET,1988,26.47,9.86,16.61,88
TOR,1988,30.04,16.84,13.2,87
BOS,1988,46.53,23.53,23.000000000000004,89
PHI,1988,14.689999999999998,3.3199999999999994,11.37,65
OAK,1988,43.33,20.419999999999998,22.91,104
PIT,1988,44.11,22.119999999999997,21.990000000000002,85
ATL,1988,16.639999999999997,0.6500000000000001,15.989999999999997,54
CHN,1988,48.5,28.34,20.159999999999997,77
KCA,1988,34.29,12.36,21.93,84
MON,1988,42.95,21.290000000000003,21.66,81
TEX,1988,17.86,7.529999999999999,10.33,70
CIN,1988,33.46,13.110000000000001,20.349999999999998,87
MIN,1988,39.620000000000005,22.21,17.410000000000004,91
SDN,1989,37.650000000000006,19.11,18.540000000000003,89
CLE,1989,23.809999999999995,-0.2999999999999998,24.109999999999996,73
MON,1989,55.25,27.499999999999996,27.75,81
BAL,1989,19.98,7.81,12.17,87
LAN,1989,36.4,9.530000000000003,26.869999999999997,77
CAL,1989,28.689999999999998,5.4399999999999995,23.25,91
HOU,1989,33.62,10.16,23.459999999999997,86
MIN,1989,29.92,18.06,11.860000000000001,80
TEX,1989,31.67,14.03,17.64,83
NYA,1989,24.330000000000002,11.540000000000003,12.79,74
BOS,1989,39.2,17.85,21.35,83
OAK,1989,36.11,12.62,23.490000000000002,99
TOR,1989,42.25,15.47,26.78,89
PIT,1989,24.029999999999994,7.58,16.449999999999996,74
ATL,1989,23.6,6.889999999999999,16.71,63
CIN,1989,30.629999999999995,11.139999999999999,19.489999999999995,75
DET,1989,-0.4299999999999997,-2.49,2.0600000000000005,59
CHN,1989,50.93000000000001,27.27,23.660000000000004,93
KCA,1989,42.42,8.79,33.63,92
CHA,1989,11.530000000000001,2.04,9.49,69
SEA,1989,22.810000000000002,7.609999999999999,15.200000000000001,73
ML4,1989,25.43,7.52,17.91,81
SFN,1989,45.550000000000004,27.250000000000004,18.3,92
SLN,1989,54.029999999999994,28.339999999999996,25.689999999999998,86
NYN,1989,50.13999999999999,24.029999999999998,26.109999999999996,87
PHI,1989,28.239999999999995,17.15,11.089999999999998,67
SDN,1990,40.96000000000001,23.580000000000005,17.380000000000003,75
MON,1990,42.33,24.38,17.949999999999996,85
CLE,1990,13.239999999999998,6.709999999999999,6.529999999999999,77
BAL,1990,13.09,5.13,7.96,76
SFN,1990,32.120000000000005,20.790000000000003,11.329999999999998,85
CAL,1990,25.83,4.27,21.56,80
HOU,1990,15.079999999999998,2.13,12.95,75
CIN,1990,55.6,33.88,21.72,91
NYA,1990,5.960000000000001,-1.8800000000000003,7.840000000000001,67
PIT,1990,57.11,35.35,21.759999999999998,95
OAK,1990,46.33,26.82,19.509999999999998,103
BOS,1990,40.57,12.25,28.32,88
LAN,1990,45.2,25.0,20.200000000000003,86
TOR,1990,41.739999999999995,18.019999999999996,23.720000000000002,86
DET,1990,19.87,15.81,4.06,79
CHN,1990,38.400000000000006,22.98,15.420000000000003,77
ATL,1990,40.33,24.06,16.27,65
PHI,1990,21.560000000000002,14.470000000000002,7.09,77
KCA,1990,24.57,6.17,18.4,75
NYN,1990,76.56,43.71,32.85,91
CHA,1990,29.979999999999997,8.319999999999999,21.66,94
SEA,1990,25.660000000000004,7.14,18.520000000000003,77
ML4,1990,28.68,12.06,16.62,74
TEX,1990,27.35,11.060000000000002,16.29,83
MIN,1990,21.18,5.5600000000000005,15.62,74
SLN,1990,40.11000000000001,16.82,23.290000000000006,70
CAL,1991,18.220000000000006,0.43000000000000016,17.790000000000006,81
CLE,1991,7.9499999999999975,-10.790000000000001,18.74,57
SLN,1991,43.04,23.509999999999998,19.53,84
DET,1991,33.79,24.009999999999998,9.780000000000001,84
TOR,1991,37.31,10.33,26.98,91
BAL,1991,22.110000000000003,7.670000000000001,14.440000000000001,67
SFN,1991,29.86,17.0,12.860000000000001,75
HOU,1991,15.969999999999999,2.3100000000000005,13.659999999999998,65
ATL,1991,59.059999999999995,32.48,26.58,94
SDN,1991,34.11,14.519999999999998,19.59,84
PHI,1991,18.07,8.02,10.05,78
OAK,1991,22.02,15.67,6.3500000000000005,84
MON,1991,26.380000000000003,12.290000000000001,14.09,71
NYA,1991,22.080000000000002,7.6,14.480000000000002,71
LAN,1991,55.620000000000005,27.939999999999998,27.680000000000007,93
CHN,1991,38.58,20.12,18.46,77
PIT,1991,67.3,42.12,25.18,98
CIN,1991,42.31999999999999,25.419999999999998,16.9,74
KCA,1991,32.06,8.499999999999998,23.560000000000002,82
ML4,1991,28.240000000000002,16.03,12.21,83
BOS,1991,30.869999999999997,15.259999999999998,15.610000000000001,84
NYN,1991,50.339999999999996,24.179999999999996,26.16,77
SEA,1991,21.28,8.860000000000001,12.42,83
MIN,1991,37.19,20.54,16.65,95
CHA,1991,28.919999999999998,17.57,11.349999999999998,87
TEX,1991,36.339999999999996,24.72,11.62,85
CHA,1992,25.810000000000002,12.18,13.63,86
SLN,1992,40.18000000000001,18.44,21.740000000000002,83
TOR,1992,50.129999999999995,26.009999999999998,24.119999999999997,96
CLE,1992,19.130000000000003,7.59,11.540000000000003,76
MON,1992,47.769999999999996,21.160000000000004,26.609999999999996,87
SEA,1992,16.46,8.92,7.540000000000001,64
PHI,1992,29.299999999999997,15.439999999999998,13.860000000000001,70
BAL,1992,37.81,17.619999999999997,20.19,89
LAN,1992,37.199999999999996,13.44,23.759999999999998,63
HOU,1992,33.06999999999999,12.54,20.529999999999998,81
CHN,1992,33.31999999999999,16.999999999999996,16.32,78
ATL,1992,62.86,36.11,26.75,98
SDN,1992,41.58,19.33,22.25,82
OAK,1992,28.869999999999997,15.0,13.87,96
NYA,1992,24.990000000000002,12.48,12.51,76
DET,1992,22.799999999999997,18.519999999999996,4.28,75
NYN,1992,29.160000000000004,7.82,21.340000000000003,72
CIN,1992,53.68,26.92,26.759999999999998,90
PIT,1992,51.239999999999995,28.42,22.819999999999997,96
SFN,1992,18.699999999999996,1.6999999999999995,16.999999999999996,72
ML4,1992,30.15,12.530000000000001,17.619999999999997,92
BOS,1992,14.020000000000001,-5.6899999999999995,19.71,73
KCA,1992,18.09,-2.05,20.14,72
CAL,1992,-4.039999999999997,-17.409999999999997,13.37,72
MIN,1992,30.619999999999997,11.829999999999998,18.79,90
TEX,1992,29.069999999999997,11.129999999999999,17.939999999999998,77
OAK,1993,2.5700000000000003,0.6400000000000003,1.9299999999999997,68
SLN,1993,41.949999999999996,26.279999999999998,15.67,87
TOR,1993,46.35,30.580000000000002,15.769999999999998,95
CLE,1993,18.21,13.860000000000003,4.35,76
MON,1993,37.19,17.259999999999998,19.93,94
SEA,1993,27.03,12.040000000000003,14.989999999999998,82
PHI,1993,67.34,45.449999999999996,21.89,97
BAL,1993,26.369999999999997,15.549999999999999,10.82,85
HOU,1993,59.19,35.89,23.3,85
FLO,1993,21.54,9.88,11.66,64
LAN,1993,48.36,25.939999999999998,22.42,81
SDN,1993,11.93,5.77,6.159999999999999,61
ATL,1993,71.85000000000001,43.68,28.170000000000005,104
NYN,1993,29.690000000000005,15.19,14.500000000000004,59
DET,1993,33.14,28.119999999999997,5.02,85
CHA,1993,34.32,16.669999999999998,17.650000000000002,94
PIT,1993,29.560000000000002,21.07,8.490000000000002,75
ML4,1993,11.73,3.41,8.32,69
COL,1993,19.529999999999998,15.719999999999999,3.8099999999999996,67
SFN,1993,53.67,34.660000000000004,19.01,103
NYA,1993,35.650000000000006,25.930000000000003,9.719999999999999,88
CIN,1993,22.240000000000002,12.46,9.780000000000001,73
KCA,1993,24.950000000000003,3.209999999999999,21.740000000000002,84
MIN,1993,18.580000000000002,6.06,12.520000000000001,71
CHN,1993,39.27,26.060000000000002,13.21,84
TEX,1993,25.200000000000003,10.120000000000001,15.08,86
BOS,1993,31.660000000000004,13.81,17.85,80
CAL,1993,8.0,3.4099999999999997,4.590000000000001,71
FLO,1994,15.940000000000001,13.09,2.8500000000000005,51
OAK,1994,12.05,13.41,-1.36,51
SLN,1994,23.94,17.94,6.000000000000001,53
TOR,1994,20.33,15.17,5.159999999999999,55
CLE,1994,36.400000000000006,25.560000000000006,10.84,66
MON,1994,48.5,29.77,18.73,74
SEA,1994,20.159999999999997,14.349999999999998,5.8100000000000005,49
BAL,1994,25.19,18.860000000000003,6.329999999999999,63
SDN,1994,29.2,15.180000000000001,14.019999999999998,47
LAN,1994,38.349999999999994,24.749999999999996,13.600000000000001,58
ATL,1994,48.33,27.419999999999998,20.909999999999997,68
HOU,1994,39.120000000000005,27.900000000000002,11.22,66
CHN,1994,23.98,14.620000000000001,9.36,49
PHI,1994,22.98,11.31,11.67,54
DET,1994,20.280000000000005,23.320000000000004,-3.04,53
MIN,1994,16.76,15.72,1.0400000000000003,53
PIT,1994,16.76,9.8,6.96,53
TEX,1994,20.02,18.79,1.2299999999999998,52
SFN,1994,23.9,16.88,7.02,55
BOS,1994,18.35,13.740000000000002,4.61,54
COL,1994,23.119999999999997,18.599999999999998,4.52,53
NYN,1994,25.819999999999993,15.829999999999997,9.989999999999998,55
NYA,1994,34.85,28.21,6.640000000000001,70
CIN,1994,43.64,29.419999999999998,14.220000000000002,66
KCA,1994,27.07,14.599999999999998,12.47,64
ML4,1994,11.39,9.31,2.08,53
CHA,1994,32.790000000000006,21.44,11.350000000000001,67
CAL,1994,11.430000000000001,11.030000000000001,0.40000000000000013,47
FLO,1995,28.42,20.66,7.76,67
CAL,1995,35.3,24.54,10.759999999999998,78
BAL,1995,30.960000000000004,22.210000000000004,8.75,71
NYN,1995,22.509999999999998,9.84,12.67,69
BOS,1995,39.870000000000005,24.290000000000003,15.58,86
TOR,1995,13.89,14.3,-0.4099999999999999,56
CLE,1995,46.24000000000001,31.760000000000005,14.48,100
MON,1995,32.74,17.700000000000003,15.04,66
SEA,1995,38.44,25.360000000000003,13.079999999999998,79
CIN,1995,56.169999999999995,36.41,19.759999999999998,85
SDN,1995,27.13,19.18,7.95,70
LAN,1995,53.78,33.57,20.21,78
PIT,1995,24.259999999999998,13.61,10.649999999999999,58
ATL,1995,64.53999999999999,38.61,25.929999999999996,90
HOU,1995,52.73,31.879999999999995,20.85,76
COL,1995,42.1,32.63,9.469999999999999,77
SLN,1995,7.959999999999999,-1.9899999999999998,9.95,62
DET,1995,5.299999999999998,7.079999999999998,-1.7800000000000002,60
MIN,1995,3.8200000000000003,11.5,-7.68,56
TEX,1995,21.28,12.760000000000003,8.52,74
SFN,1995,17.21,16.05,1.16,67
OAK,1995,20.259999999999998,14.25,6.01,67
NYA,1995,31.919999999999998,21.54,10.379999999999999,79
CHN,1995,33.470000000000006,25.810000000000002,7.660000000000001,73
KCA,1995,12.149999999999999,7.749999999999999,4.399999999999999,70
ML4,1995,14.059999999999999,16.99,-2.9300000000000006,65
PHI,1995,16.130000000000003,7.090000000000002,9.04,69
CHA,1995,22.309999999999995,19.619999999999997,2.6899999999999995,68
FLO,1996,34.92,21.550000000000004,13.370000000000001,80
NYA,1996,39.25,26.929999999999996,12.32,92
BAL,1996,44.53999999999999,39.449999999999996,5.09,88
NYN,1996,29.53,18.110000000000003,11.42,71
SLN,1996,37.31,24.9,12.41,88
PIT,1996,21.45,15.01,6.4399999999999995,73
CLE,1996,60.46999999999999,48.68999999999999,11.78,99
MON,1996,53.400000000000006,33.53,19.87,88
SEA,1996,43.93,43.47,0.45999999999999996,85
PHI,1996,12.560000000000004,-0.5499999999999996,13.110000000000003,67
CAL,1996,13.32,18.54,-5.22,70
COL,1996,39.01,38.36,0.6499999999999996,83
SDN,1996,54.67,32.6,22.07,91
LAN,1996,49.16,26.95,22.21,90
SFN,1996,15.440000000000001,10.010000000000002,5.43,68
DET,1996,-8.100000000000001,6.979999999999998,-15.079999999999998,53
ATL,1996,76.48,41.82000000000001,34.66,96
HOU,1996,52.9,35.79,17.11,82
CHA,1996,42.78999999999999,33.279999999999994,9.510000000000002,85
OAK,1996,18.830000000000002,19.96,-1.13,78
MIN,1996,17.86,19.939999999999998,-2.08,78
BOS,1996,20.6,16.5,4.1000000000000005,85
CIN,1996,34.62,25.529999999999998,9.09,81
TOR,1996,22.029999999999998,18.58,3.4499999999999993,74
CHN,1996,24.840000000000003,17.630000000000003,7.210000000000001,76
TEX,1996,48.589999999999996,36.25,12.339999999999998,90
ML4,1996,21.22,21.99,-0.7700000000000007,80
KCA,1996,19.290000000000003,8.38,10.910000000000002,75
FLO,1997,44.160000000000004,27.020000000000003,17.14,92
HOU,1997,51.12,31.469999999999995,19.650000000000002,84
CHN,1997,18.16,13.93,4.230000000000001,68
NYN,1997,39.05,26.08,12.97,88
ANA,1997,29.909999999999997,26.269999999999996,3.6400000000000006,84
PIT,1997,43.28,28.68,14.600000000000001,79
BAL,1997,43.05,27.270000000000003,15.779999999999998,98
CLE,1997,44.26,34.64,9.62,86
SEA,1997,44.62,31.6,13.019999999999998,90
PHI,1997,21.29,12.96,8.33,68
MON,1997,42.69,28.019999999999996,14.67,78
LAN,1997,46.019999999999996,30.39,15.629999999999999,88
SDN,1997,30.109999999999992,23.019999999999996,7.089999999999998,76
COL,1997,44.11,40.14,3.9700000000000006,83
SFN,1997,51.5,34.66,16.840000000000003,90
ML4,1997,16.57,6.530000000000001,10.040000000000001,78
OAK,1997,8.34,6.5600000000000005,1.78,65
ATL,1997,78.63,48.01999999999999,30.61,101
MIN,1997,25.11,15.409999999999997,9.700000000000001,68
SLN,1997,52.44,32.86,19.579999999999995,73
CHA,1997,18.279999999999998,14.069999999999999,4.21,80
KCA,1997,17.43,9.879999999999999,7.550000000000001,67
BOS,1997,34.82,25.450000000000003,9.37,78
NYA,1997,48.27,28.09,20.180000000000003,96
CIN,1997,22.28,11.53,10.75,76
TOR,1997,17.32,1.8499999999999999,15.47,76
TEX,1997,26.560000000000002,19.810000000000002,6.749999999999999,77
DET,1997,23.119999999999997,16.31,6.8100000000000005,79
CHA,1998,22.810000000000006,23.580000000000005,-0.7699999999999999,80
COL,1998,46.77,38.84,7.93,77
PHI,1998,31.21,20.25,10.959999999999999,75
CHN,1998,52.58,38.96,13.62,90
NYN,1998,41.99,27.240000000000002,14.749999999999998,88
TEX,1998,58.03,39.99,18.04,88
BAL,1998,46.949999999999996,33.44,13.509999999999998,79
CLE,1998,39.25,28.18,11.07,89
HOU,1998,70.75999999999999,45.529999999999994,25.230000000000004,102
DET,1998,16.75,12.09,4.66,65
SEA,1998,28.39,22.13,6.260000000000001,76
ARI,1998,27.450000000000003,19.52,7.9300000000000015,65
ANA,1998,21.700000000000003,11.600000000000001,10.1,85
MON,1998,17.310000000000002,6.880000000000001,10.430000000000001,65
SDN,1998,61.5,38.63,22.87,98
SFN,1998,46.52,33.99,12.530000000000001,89
ATL,1998,82.55000000000001,54.400000000000006,28.15,106
LAN,1998,47.45,25.32,22.13,83
KCA,1998,9.820000000000004,4.370000000000002,5.450000000000001,72
BOS,1998,42.89,26.75,16.14,92
FLO,1998,1.349999999999998,3.0299999999999985,-1.6800000000000004,54
OAK,1998,23.02,15.759999999999998,7.260000000000001,74
TBA,1998,15.540000000000003,9.65,5.8900000000000015,63
CIN,1998,24.199999999999996,17.659999999999997,6.539999999999999,77
NYA,1998,48.989999999999995,29.939999999999994,19.049999999999997,114
PIT,1998,30.15,13.899999999999999,16.25,69
TOR,1998,31.98,21.05,10.93,88
MIL,1998,31.08,21.24,9.84,74
MIN,1998,21.38,11.049999999999999,10.33,70
SLN,1998,33.540000000000006,24.970000000000002,8.57,83
CHA,1999,17.02,16.209999999999997,0.8100000000000007,75
COL,1999,16.970000000000002,24.900000000000002,-7.93,72
PHI,1999,28.080000000000002,29.310000000000002,-1.2300000000000004,77
NYN,1999,51.25,37.910000000000004,13.34,97
CHN,1999,26.319999999999997,20.869999999999997,5.449999999999999,67
TEX,1999,41.32,34.91,6.410000000000001,95
MIN,1999,18.359999999999996,11.979999999999997,6.38,63
CLE,1999,43.900000000000006,38.95,4.949999999999999,97
DET,1999,19.01,17.180000000000003,1.8299999999999996,69
BAL,1999,21.29,20.53,0.7599999999999993,78
ANA,1999,0.9499999999999997,0.43000000000000016,0.5199999999999996,70
SDN,1999,25.940000000000005,18.000000000000004,7.940000000000001,74
SFN,1999,34.6,30.13,4.47,86
FLO,1999,7.910000000000002,7.4700000000000015,0.43999999999999995,64
HOU,1999,63.470000000000006,38.760000000000005,24.71,97
MIL,1999,27.630000000000003,29.830000000000002,-2.2,74
MON,1999,27.21,14.64,12.57,68
TOR,1999,30.779999999999998,24.169999999999998,6.61,84
OAK,1999,42.81,33.28,9.530000000000001,87
SEA,1999,24.75,21.77,2.98,79
ARI,1999,53.45,38.9,14.55,100
LAN,1999,35.089999999999996,29.43,5.659999999999998,77
KCA,1999,11.86,16.61,-4.750000000000001,64
PIT,1999,31.14,23.57,7.569999999999999,78
TBA,1999,9.770000000000001,8.180000000000001,1.5899999999999999,69
CIN,1999,39.849999999999994,33.089999999999996,6.76,96
ATL,1999,70.46000000000001,45.760000000000005,24.7,103
SLN,1999,31.060000000000002,25.53,5.529999999999999,75
NYA,1999,45.41,32.33,13.08,98
BOS,1999,39.74000000000001,22.290000000000003,17.450000000000003,94
CHA,2000,39.49,35.64,3.8500000000000005,95
NYN,2000,50.53999999999999,36.629999999999995,13.909999999999998,94
PHI,2000,14.930000000000003,13.200000000000003,1.7300000000000002,65
BOS,2000,33.44,17.62,15.819999999999999,85
TEX,2000,11.399999999999999,15.45,-4.050000000000001,71
MIN,2000,13.969999999999999,9.09,4.88,69
CLE,2000,50.59,42.02,8.570000000000002,90
HOU,2000,35.559999999999995,36.209999999999994,-0.65,72
BAL,2000,4.91,4.55,0.3600000000000003,74
ARI,2000,41.85,26.950000000000003,14.899999999999999,85
ANA,2000,30.679999999999996,36.66,-5.98,82
PIT,2000,24.979999999999997,22.08,2.9000000000000004,69
CHN,2000,20.29,19.06,1.2300000000000002,65
SLN,2000,44.519999999999996,38.39,6.129999999999999,95
ATL,2000,60.24,46.31,13.93,95
COL,2000,33.05,30.32,2.73,82
SFN,2000,53.05,42.28,10.77,97
DET,2000,32.19,21.009999999999998,11.18,79
LAN,2000,38.239999999999995,30.429999999999996,7.81,86
MIL,2000,14.07,13.84,0.22999999999999987,73
MON,2000,20.14,14.13,6.010000000000001,67
TOR,2000,35.05,28.65,6.4,83
SEA,2000,40.84,32.92,7.919999999999999,91
NYA,2000,38.22,30.669999999999998,7.550000000000002,87
KCA,2000,12.340000000000002,21.69,-9.35,77
FLO,2000,27.469999999999995,22.229999999999997,5.239999999999999,79
CIN,2000,25.11,23.599999999999998,1.51,85
SDN,2000,15.239999999999998,10.869999999999997,4.370000000000001,76
TBA,2000,7.970000000000001,5.7700000000000005,2.1999999999999997,69
OAK,2000,40.290000000000006,30.78,9.510000000000002,91
TBA,2001,3.3999999999999995,0.6300000000000001,2.7699999999999996,62
PHI,2001,39.35,26.89,12.46,86
NYN,2001,37.129999999999995,24.189999999999998,12.94,82
KCA,2001,7.270000000000001,7.530000000000001,-0.26,65
MIN,2001,29.309999999999995,14.93,14.379999999999997,85
CLE,2001,49.290000000000006,32.59,16.700000000000003,91
CHA,2001,25.74,18.88,6.86,83
HOU,2001,54.60000000000001,42.470000000000006,12.129999999999999,93
BAL,2001,8.099999999999998,4.129999999999999,3.9699999999999998,63
ANA,2001,24.38,13.639999999999997,10.740000000000002,75
PIT,2001,11.850000000000001,6.920000000000001,4.930000000000001,62
SDN,2001,22.120000000000005,19.220000000000002,2.9000000000000004,79
MON,2001,19.68,10.9,8.78,68
SFN,2001,63.36,43.08,20.28,90
ATL,2001,51.35,28.540000000000003,22.81,88
ARI,2001,58.86000000000001,40.63,18.230000000000004,92
SEA,2001,52.34,34.67,17.67,116
OAK,2001,48.019999999999996,26.069999999999997,21.950000000000003,102
NYA,2001,46.81999999999999,21.049999999999997,25.769999999999996,95
MIL,2001,10.959999999999997,13.399999999999999,-2.4400000000000004,68
LAN,2001,35.01,21.2,13.81,86
COL,2001,25.79,27.47,-1.6800000000000006,73
CHN,2001,50.989999999999995,30.11,20.88,88
FLO,2001,37.92999999999999,28.029999999999998,9.899999999999999,76
BOS,2001,32.3,13.029999999999998,19.270000000000003,82
SLN,2001,50.68000000000001,40.900000000000006,9.780000000000001,93
CIN,2001,19.25,13.48,5.77,66
TOR,2001,27.71,13.549999999999999,14.16,80
DET,2001,17.490000000000002,13.23,4.26,66
TEX,2001,22.069999999999997,23.179999999999996,-1.11,73
TBA,2002,-4.44,-0.8399999999999999,-3.6000000000000005,55
PHI,2002,46.56,34.03,12.530000000000001,80
BOS,2002,52.730000000000004,30.23,22.5,93
NYN,2002,31.49,15.95,15.54,75
KCA,2002,8.46,8.71,-0.2500000000000001,62
COL,2002,15.810000000000002,19.790000000000003,-3.9800000000000004,73
CHN,2002,34.03,19.189999999999998,14.840000000000002,67
CLE,2002,9.040000000000001,3.4700000000000006,5.57,74
ANA,2002,37.89,26.330000000000002,11.56,99
MON,2002,42.660000000000004,24.169999999999998,18.490000000000006,83
LAN,2002,38.239999999999995,21.4,16.84,92
SFN,2002,63.61,41.37,22.24,95
HOU,2002,51.38,32.470000000000006,18.909999999999997,84
MIL,2002,13.29,10.69,2.6,56
ARI,2002,59.879999999999995,36.76,23.119999999999997,98
BAL,2002,7.209999999999998,3.9899999999999984,3.2199999999999998,67
PIT,2002,23.429999999999996,16.479999999999997,6.95,72
TOR,2002,20.599999999999998,16.54,4.059999999999999,78
TEX,2002,18.1,20.2,-2.0999999999999996,72
ATL,2002,48.99,27.46,21.53,101
DET,2002,-2.6500000000000012,-8.520000000000001,5.87,55
CIN,2002,24.28,15.57,8.71,78
SEA,2002,41.85000000000001,26.01,15.840000000000003,93
SDN,2002,17.19,13.58,3.6100000000000017,66
FLO,2002,32.650000000000006,21.910000000000004,10.739999999999998,79
OAK,2002,44.760000000000005,22.82,21.94,103
SLN,2002,50.870000000000005,34.080000000000005,16.790000000000003,97
MIN,2002,33.72,19.140000000000004,14.579999999999998,94
CHA,2002,25.29,19.29,6.0,81
NYA,2002,60.18999999999999,32.75999999999999,27.43,103
PHI,2003,48.5,34.19,14.31,86
SFN,2003,51.41,30.97,20.44,100
NYA,2003,57.74,29.520000000000003,28.22,101
CHA,2003,41.54,25.59,15.95,86
CHN,2003,59.620000000000005,37.78,21.840000000000003,88
ANA,2003,18.05,9.450000000000001,8.6,77
TBA,2003,0.650000000000003,4.410000000000002,-3.759999999999999,63
COL,2003,28.32,27.48,0.8399999999999997,74
HOU,2003,47.239999999999995,33.01,14.229999999999999,87
ARI,2003,49.169999999999995,30.929999999999996,18.24,84
FLO,2003,62.58,42.17,20.41,91
CLE,2003,7.059999999999998,0.19999999999999868,6.859999999999999,68
MON,2003,38.510000000000005,26.020000000000003,12.489999999999998,83
BAL,2003,10.41,7.199999999999999,3.21,71
PIT,2003,20.42,14.850000000000001,5.57,75
NYN,2003,8.47,4.540000000000001,3.9299999999999997,66
LAN,2003,43.16,17.480000000000004,25.679999999999996,85
KCA,2003,23.759999999999998,21.279999999999998,2.48,83
SDN,2003,14.040000000000003,12.010000000000002,2.0300000000000002,64
TOR,2003,39.62,28.03,11.589999999999998,86
TEX,2003,18.869999999999997,16.68,2.1899999999999995,71
ATL,2003,65.87,50.9,14.969999999999999,101
SEA,2003,37.09,23.22,13.870000000000001,93
CIN,2003,-1.9900000000000007,2.2199999999999993,-4.21,69
OAK,2003,41.959999999999994,23.849999999999998,18.11,96
SLN,2003,47.49,38.93,8.56,85
MIL,2003,20.490000000000002,20.19,0.3000000000000001,68
MIN,2003,31.81,16.8,15.009999999999998,90
BOS,2003,64.28,42.59,21.69,95
DET,2003,-5.09,-3.4799999999999995,-1.61,43
PHI,2004,42.42,34.54,7.88,86
CIN,2004,16.320000000000004,19.870000000000005,-3.5500000000000003,76
TOR,2004,9.26,7.609999999999999,1.6500000000000006,67
SFN,2004,49.66,34.5,15.159999999999998,91
TEX,2004,26.439999999999998,18.75,7.6899999999999995,89
CHA,2004,26.490000000000002,20.830000000000002,5.660000000000001,83
CHN,2004,57.71000000000001,39.34,18.37,89
ANA,2004,36.73,19.36,17.369999999999997,92
SLN,2004,57.69,41.88,15.809999999999999,105
SDN,2004,44.519999999999996,28.1,16.419999999999998,87
HOU,2004,59.61,43.45,16.16,92
ARI,2004,3.75,4.01,-0.25999999999999973,51
TBA,2004,12.300000000000002,9.510000000000002,2.790000000000001,70
COL,2004,15.959999999999999,20.52,-4.5600000000000005,68
MON,2004,14.57,11.049999999999999,3.5200000000000005,67
PIT,2004,36.650000000000006,26.020000000000003,10.629999999999999,72
FLO,2004,44.78999999999999,29.429999999999996,15.36,83
BOS,2004,54.03,34.64,19.39,98
CLE,2004,34.53,26.740000000000002,7.789999999999999,80
LAN,2004,48.24,34.34,13.9,93
MIL,2004,37.53999999999999,23.189999999999998,14.349999999999998,67
NYN,2004,21.79,10.770000000000001,11.02,71
KCA,2004,-1.4699999999999998,-2.2899999999999996,0.82,58
ATL,2004,49.779999999999994,33.53999999999999,16.240000000000002,96
BAL,2004,29.23,23.23,6.000000000000001,78
MIN,2004,31.519999999999996,10.189999999999998,21.33,92
SEA,2004,10.690000000000001,11.290000000000001,-0.6000000000000005,63
OAK,2004,38.510000000000005,23.810000000000002,14.700000000000003,91
NYA,2004,50.760000000000005,34.71000000000001,16.049999999999997,101
DET,2004,29.48,21.87,7.61,72
MIN,2005,26.009999999999998,5.000000000000001,21.009999999999998,83
PHI,2005,50.31999999999999,36.49999999999999,13.82,88
TOR,2005,34.08,20.900000000000002,13.18,80
FLO,2005,62.81,38.92,23.89,83
SFN,2005,36.76,25.509999999999998,11.249999999999998,75
TEX,2005,40.519999999999996,30.29,10.23,79
KCA,2005,3.7699999999999996,0.8200000000000001,2.9499999999999997,56
LAA,2005,37.76,14.809999999999999,22.95,95
NYN,2005,46.66,29.689999999999998,16.97,83
COL,2005,17.279999999999998,14.239999999999998,3.04,67
CIN,2005,32.589999999999996,30.689999999999994,1.9000000000000004,73
HOU,2005,58.97,34.92,24.05,89
LAN,2005,30.07,20.39,9.68,71
WAS,2005,40.08,21.89,18.189999999999998,81
CLE,2005,47.66000000000001,25.910000000000004,21.750000000000004,93
CHN,2005,49.230000000000004,33.82,15.41,79
PIT,2005,16.439999999999998,10.739999999999998,5.700000000000001,67
NYA,2005,54.34000000000002,42.54000000000001,11.8,95
SEA,2005,11.170000000000002,4.54,6.630000000000001,69
ATL,2005,45.66,28.94,16.72,90
CHA,2005,37.74000000000001,18.930000000000003,18.810000000000002,99
MIL,2005,41.07,29.52,11.55,81
SDN,2005,46.97,25.180000000000003,21.79,82
BAL,2005,25.73,17.8,7.930000000000001,74
TBA,2005,15.02,15.59,-0.5700000000000003,67
SLN,2005,54.260000000000005,35.43,18.830000000000002,100
OAK,2005,32.29,12.850000000000001,19.439999999999998,88
ARI,2005,40.97,33.46,7.51,77
BOS,2005,48.129999999999995,34.86,13.27,95
DET,2005,21.769999999999996,16.529999999999998,5.24,71
FLO,2006,39.300000000000004,31.990000000000002,7.3100000000000005,78
NYA,2006,59.13,41.6,17.53,97
TOR,2006,39.769999999999996,28.619999999999997,11.15,87
SFN,2006,34.84,24.59,10.25,76
CHA,2006,47.43000000000001,34.440000000000005,12.990000000000002,90
LAA,2006,35.49,12.620000000000001,22.87,89
LAN,2006,65.23,42.300000000000004,22.930000000000003,88
BAL,2006,18.720000000000002,17.490000000000002,1.23,70
WAS,2006,18.55,20.12,-1.5700000000000003,71
CIN,2006,39.489999999999995,30.689999999999998,8.8,80
COL,2006,37.18,25.98,11.200000000000001,76
HOU,2006,50.84,33.620000000000005,17.22,82
ATL,2006,47.35000000000001,37.160000000000004,10.190000000000001,79
KCA,2006,4.539999999999999,8.45,-3.9099999999999997,62
TBA,2006,4.8500000000000005,4.2700000000000005,0.5799999999999997,61
TEX,2006,38.55,27.339999999999996,11.21,80
SDN,2006,53.67999999999999,37.089999999999996,16.59,88
CHN,2006,16.92,17.240000000000002,-0.3199999999999996,66
MIN,2006,42.44,19.87,22.57,96
ARI,2006,44.870000000000005,29.98,14.890000000000002,76
PIT,2006,32.28,22.98,9.3,67
MIL,2006,38.98,26.429999999999996,12.55,75
SLN,2006,35.290000000000006,30.570000000000004,4.720000000000002,83
SEA,2006,32.60000000000001,21.160000000000004,11.440000000000001,78
NYN,2006,42.480000000000004,30.110000000000003,12.370000000000001,97
CLE,2006,36.85,22.43,14.420000000000002,78
OAK,2006,33.91,20.06,13.849999999999998,93
PHI,2006,47.62,39.33,8.29,85
DET,2006,40.92,25.209999999999997,15.71,95
BOS,2006,38.49,27.830000000000002,10.659999999999998,86
FLO,2007,32.67,26.32,6.35,71
NYA,2007,53.73,42.3,11.43,94
LAN,2007,44.75,23.71,21.04,82
TOR,2007,34.07,15.450000000000001,18.62,83
SFN,2007,30.619999999999997,16.939999999999998,13.679999999999998,71
NYN,2007,47.839999999999996,33.26,14.58,88
LAA,2007,44.11000000000001,21.630000000000003,22.480000000000004,94
HOU,2007,35.269999999999996,26.869999999999997,8.399999999999999,73
SLN,2007,28.38,18.52,9.86,78
CIN,2007,39.96,32.1,7.86,72
COL,2007,51.47,39.43,12.040000000000001,90
BAL,2007,17.44,15.88,1.559999999999999,69
TBA,2007,27.030000000000005,17.240000000000002,9.790000000000003,66
PHI,2007,56.48,49.12,7.36,89
SDN,2007,63.800000000000004,34.95,28.85,89
CLE,2007,47.18,24.919999999999998,22.26,96
MIN,2007,24.869999999999997,9.09,15.78,79
OAK,2007,27.799999999999997,10.68,17.119999999999997,76
WAS,2007,17.21,13.39,3.8200000000000007,73
PIT,2007,38.88000000000001,26.730000000000004,12.150000000000002,68
SEA,2007,37.459999999999994,24.229999999999997,13.229999999999999,88
TEX,2007,12.100000000000001,9.07,3.0300000000000002,75
CHN,2007,40.67,25.78,14.890000000000002,85
MIL,2007,50.82,33.19,17.630000000000003,83
KCA,2007,16.93,4.7299999999999995,12.2,69
ARI,2007,36.71,22.76,13.950000000000001,90
DET,2007,39.35,28.48,10.87,88
CHA,2007,19.000000000000004,5.6000000000000005,13.400000000000002,72
BOS,2007,53.58,33.120000000000005,20.459999999999997,96
ATL,2007,54.38000000000001,40.580000000000005,13.800000000000004,84
HOU,2008,34.48,21.779999999999998,12.7,86
NYA,2008,45.85,24.65,21.200000000000003,89
NYN,2008,41.88,28.17,13.71,89
FLO,2008,41.150000000000006,27.770000000000003,13.379999999999999,84
CHA,2008,48.49,26.74,21.750000000000004,89
LAA,2008,35.56,15.93,19.630000000000003,100
ATL,2008,32.620000000000005,21.2,11.420000000000002,72
SLN,2008,50.109999999999985,39.50999999999999,10.599999999999998,86
SDN,2008,19.47,10.549999999999999,8.92,63
LAN,2008,65.60000000000001,37.11000000000001,28.490000000000002,84
TEX,2008,23.019999999999996,22.699999999999996,0.3200000000000003,79
CIN,2008,23.0,11.8,11.2,74
COL,2008,46.370000000000005,29.41,16.96,74
CLE,2008,30.04,19.3,10.739999999999998,81
SFN,2008,28.83,14.24,14.59,72
KCA,2008,22.729999999999997,7.35,15.379999999999999,75
TBA,2008,37.89,20.139999999999997,17.75,97
BOS,2008,52.370000000000005,33.33,19.040000000000003,95
SEA,2008,15.14,6.81,8.330000000000002,61
OAK,2008,5.140000000000001,-5.109999999999999,10.25,75
TOR,2008,35.58,11.91,23.669999999999998,86
WAS,2008,3.29,-2.17,5.46,59
PIT,2008,10.25,9.59,0.6600000000000004,67
CHN,2008,65.67,43.13,22.539999999999996,97
MIL,2008,57.37,41.3,16.07,90
PHI,2008,55.809999999999995,39.129999999999995,16.68,92
ARI,2008,64.57000000000001,40.14,24.430000000000003,82
MIN,2008,32.7,15.08,17.62,88
BAL,2008,14.43,18.94,-4.510000000000001,68
DET,2008,24.559999999999995,21.999999999999996,2.56,74
LAA,2009,45.52,32.71,12.81,97
SDN,2009,20.36,10.26,10.100000000000001,75
ARI,2009,33.56,20.849999999999998,12.710000000000003,70
FLO,2009,55.370000000000005,38.99,16.38,87
BOS,2009,48.69,33.14,15.549999999999999,95
ATL,2009,64.13999999999999,36.68,27.459999999999994,86
KCA,2009,21.86,9.209999999999999,12.649999999999999,65
BAL,2009,15.780000000000001,14.59,1.1900000000000004,64
TEX,2009,34.02,23.630000000000003,10.39,87
SLN,2009,71.44,45.769999999999996,25.67,91
CIN,2009,20.250000000000004,13.100000000000003,7.150000000000001,78
COL,2009,64.62,43.35,21.269999999999996,92
SFN,2009,48.3,24.019999999999996,24.28,88
LAN,2009,70.0,42.53999999999999,27.46,95
DET,2009,31.720000000000006,19.270000000000003,12.450000000000001,86
TBA,2009,45.230000000000004,31.32,13.91,84
CHN,2009,44.47,28.14,16.330000000000002,83
PHI,2009,59.42,44.17,15.25,93
TOR,2009,33.080000000000005,19.28,13.800000000000002,75
WAS,2009,19.43,17.51,1.92,59
OAK,2009,21.38,6.989999999999999,14.39,75
CHA,2009,31.439999999999998,14.11,17.33,79
SEA,2009,19.450000000000003,8.040000000000001,11.41,85
NYN,2009,17.84,10.75,7.090000000000001,70
HOU,2009,37.91,24.189999999999998,13.719999999999999,74
CLE,2009,9.690000000000001,9.500000000000002,0.19000000000000006,65
MIL,2009,34.9,30.539999999999996,4.36,80
MIN,2009,45.989999999999995,29.15,16.84,87
NYA,2009,63.89,46.8,17.09,103
PIT,2009,19.259999999999998,9.79,9.47,62
LAA,2010,31.410000000000004,13.330000000000002,18.080000000000002,80
ARI,2010,19.26,16.3,2.960000000000001,65
PIT,2010,19.369999999999997,13.28,6.09,57
LAN,2010,49.28,26.490000000000002,22.790000000000003,80
BAL,2010,7.509999999999997,-2.570000000000001,10.079999999999998,66
TEX,2010,42.879999999999995,20.799999999999997,22.080000000000002,90
ATL,2010,66.28,38.54,27.74,91
NYN,2010,38.55,19.56,18.99,79
CIN,2010,53.74,37.660000000000004,16.08,91
DET,2010,35.99,19.090000000000003,16.9,81
KCA,2010,16.59,5.750000000000001,10.84,67
TBA,2010,41.709999999999994,20.76,20.949999999999996,96
CHN,2010,40.0,23.689999999999998,16.31,75
FLO,2010,48.96000000000001,27.430000000000003,21.53,80
SEA,2010,8.45,-4.04,12.49,61
COL,2010,58.99,36.150000000000006,22.839999999999996,83
OAK,2010,21.64,4.160000000000002,17.48,81
TOR,2010,42.08,22.620000000000005,19.459999999999997,85
CHA,2010,45.370000000000005,19.55,25.82,88
BOS,2010,44.0,23.179999999999996,20.82,89
NYA,2010,47.04,33.31,13.729999999999999,95
WAS,2010,34.04,18.65,15.39,69
SDN,2010,48.099999999999994,20.239999999999995,27.860000000000003,90
PHI,2010,67.55999999999999,43.55,24.009999999999994,97
HOU,2010,28.580000000000002,8.799999999999997,19.780000000000005,76
CLE,2010,8.46,-1.4799999999999995,9.94,69
MIL,2010,47.78999999999999,31.999999999999993,15.790000000000001,77
SFN,2010,58.56,32.43,26.13,92
MIN,2010,47.28999999999999,20.939999999999998,26.349999999999998,94
SLN,2010,54.019999999999996,29.549999999999994,24.47,86
LAA,2011,38.43000000000001,13.840000000000005,24.59,86
SEA,2011,-0.4700000000000024,-17.030000000000005,16.560000000000002,67
BAL,2011,15.64,9.41,6.23,69
COL,2011,25.0,14.69,10.310000000000002,73
OAK,2011,24.41,3.71,20.7,74
CIN,2011,32.06,20.12,11.940000000000001,79
HOU,2011,17.080000000000002,4.460000000000001,12.620000000000001,56
PIT,2011,29.770000000000003,13.940000000000003,15.83,72
FLO,2011,52.08,28.169999999999998,23.910000000000004,72
TEX,2011,60.99999999999999,34.199999999999996,26.799999999999997,96
WAS,2011,36.81,17.349999999999998,19.46,80
TOR,2011,26.490000000000002,15.800000000000002,10.69,81
DET,2011,51.98,25.04,26.939999999999998,95
BOS,2011,55.92999999999999,36.87,19.06,90
CHN,2011,35.019999999999996,18.7,16.32,71
LAN,2011,52.2,25.7,26.5,82
SDN,2011,21.520000000000003,-0.2999999999999994,21.820000000000004,71
NYN,2011,40.88,25.3,15.58,77
ATL,2011,58.32000000000001,27.330000000000002,30.990000000000002,89
CHA,2011,34.11,9.18,24.93,79
SFN,2011,54.09,20.790000000000003,33.3,86
MIN,2011,7.08,-5.9399999999999995,13.02,63
SLN,2011,69.53,38.61000000000001,30.919999999999998,90
MIL,2011,72.53,42.04,30.490000000000002,96
ARI,2011,48.56,25.8,22.76,94
CLE,2011,28.82,7.02,21.8,80
TBA,2011,35.8,16.65,19.15,91
PHI,2011,82.5,46.629999999999995,35.870000000000005,102
KCA,2011,28.390000000000004,14.750000000000004,13.64,71
NYA,2011,54.54,31.22,23.32,97
LAN,2012,61.35000000000001,28.560000000000002,32.790000000000006,86
KCA,2012,20.09,5.520000000000001,14.569999999999999,72
SEA,2012,17.64,-3.299999999999999,20.939999999999998,75
SLN,2012,71.40000000000002,42.20000000000001,29.200000000000006,88
SDN,2012,30.220000000000002,17.590000000000003,12.629999999999999,76
HOU,2012,9.39,0.6799999999999998,8.71,55
PIT,2012,39.78,17.84,21.94,79
BAL,2012,22.9,2.79,20.11,93
TEX,2012,55.150000000000006,29.860000000000007,25.290000000000003,93
WAS,2012,70.87,39.96,30.91,98
MIL,2012,45.50999999999999,26.77,18.739999999999995,83
TOR,2012,19.02,8.07,10.95,73
SFN,2012,64.38000000000001,38.51000000000001,25.87,94
CIN,2012,64.33000000000001,34.56,29.770000000000003,97
DET,2012,55.339999999999996,21.949999999999996,33.39,88
BOS,2012,10.830000000000002,0.830000000000001,10.0,69
LAA,2012,47.410000000000004,26.6,20.810000000000002,89
ATL,2012,49.5,22.860000000000003,26.64,94
CHN,2012,12.459999999999997,7.309999999999999,5.1499999999999995,61
OAK,2012,29.63,6.6499999999999995,22.98,94
NYN,2012,41.769999999999996,20.599999999999998,21.17,74
CHA,2012,37.239999999999995,18.84,18.4,85
ARI,2012,55.309999999999995,31.239999999999995,24.07,81
COL,2012,25.299999999999997,17.86,7.4399999999999995,64
MIA,2012,32.88999999999999,13.179999999999998,19.709999999999997,69
CLE,2012,16.75,5.68,11.07,68
PHI,2012,41.309999999999995,17.35,23.959999999999994,81
MIN,2012,21.28,14.84,6.4399999999999995,66
NYA,2012,55.42,31.25,24.170000000000005,95
TBA,2012,40.83,8.149999999999999,32.68,90
SFN,2013,47.56,23.68,23.880000000000003,76
SEA,2013,26.630000000000003,4.21,22.42,71
NYA,2013,12.950000000000001,-11.12,24.07,85
SLN,2013,78.75,44.529999999999994,34.22,97
SDN,2013,33.91,16.16,17.75,76
HOU,2013,-0.7299999999999989,-2.629999999999999,1.9000000000000001,51
PIT,2013,67.71000000000001,34.650000000000006,33.06,94
TEX,2013,49.67,23.159999999999997,26.51,91
NYN,2013,34.67,7.44,27.23,74
MIL,2013,37.08,20.79,16.29,74
MIN,2013,18.86,1.8700000000000003,16.99,66
COL,2013,50.38000000000001,32.400000000000006,17.98,74
TOR,2013,27.1,12.71,14.389999999999999,74
CIN,2013,58.88,33.46,25.42,90
PHI,2013,35.67999999999999,17.78,17.899999999999995,73
DET,2013,69.46999999999998,31.159999999999993,38.309999999999995,93
CLE,2013,47.239999999999995,21.709999999999997,25.53,92
LAA,2013,33.13,13.81,19.32,78
CHN,2013,27.630000000000003,11.04,16.590000000000003,66
OAK,2013,50.57999999999999,24.449999999999996,26.129999999999995,96
CHA,2013,16.509999999999998,-0.26999999999999935,16.779999999999998,63
ARI,2013,41.56,20.390000000000004,21.17,81
BOS,2013,51.440000000000005,26.380000000000003,25.060000000000002,97
KCA,2013,35.38,10.7,24.680000000000003,86
MIA,2013,18.759999999999998,-6.42,25.18,62
BAL,2013,41.11,19.26,21.85,85
LAN,2013,80.37,44.220000000000006,36.15,92
TBA,2013,46.75,18.85,27.9,92
WAS,2013,64.81,34.84,29.970000000000002,86
ATL,2013,65.51,34.07,31.44,96
NYN,2014,52.980000000000004,25.72,27.26,79
CHA,2014,28.39,7.440000000000001,20.95,73
SEA,2014,36.019999999999996,2.92,33.099999999999994,87
SLN,2014,62.91,28.7,34.209999999999994,90
TEX,2014,-0.13000000000000078,-11.680000000000001,11.55,67
SFN,2014,58.17,24.590000000000003,33.58,88
ARI,2014,29.9,8.040000000000001,21.86,64
CHN,2014,33.52,5.419999999999999,28.1,73
SDN,2014,39.77,7.960000000000001,31.810000000000002,77
HOU,2014,26.220000000000002,4.3500000000000005,21.87,70
MIA,2014,56.940000000000005,25.35,31.590000000000003,77
PIT,2014,63.34,36.45,26.89,88
KCA,2014,43.620000000000005,12.100000000000001,31.52,89
MIN,2014,29.89,7.509999999999999,22.380000000000003,70
COL,2014,40.79,28.729999999999997,12.06,66
PHI,2014,41.82,13.860000000000001,27.96,73
DET,2014,61.53,23.17,38.36,90
CLE,2014,39.66,3.6299999999999994,36.029999999999994,85
LAA,2014,48.05,13.7,34.35,98
CIN,2014,40.980000000000004,19.040000000000003,21.94,76
LAN,2014,88.36,50.03,38.33,94
OAK,2014,53.38,9.93,43.45,88
TOR,2014,41.95,19.04,22.91,83
NYA,2014,40.74000000000001,7.13,33.61000000000001,84
ATL,2014,61.3,27.5,33.8,79
BOS,2014,18.82,5.699999999999999,13.12,71
MIL,2014,57.53,31.369999999999997,26.16,82
WAS,2014,86.28,43.99,42.28999999999999,96
TBA,2014,34.19,5.79,28.4,77
BAL,2014,41.41,14.92,26.49,96
CHA,2015,29.290000000000003,3.8000000000000003,25.490000000000002,76
NYA,2015,42.97,19.36,23.61,87
COL,2015,25.81,20.29,5.52,68
SLN,2015,68.42,33.86000000000001,34.559999999999995,100
SFN,2015,59.0,32.339999999999996,26.66,84
ARI,2015,39.51,24.509999999999998,15.0,79
TEX,2015,32.190000000000005,10.450000000000003,21.740000000000002,88
CLE,2015,40.2,10.129999999999997,30.070000000000004,81
SDN,2015,43.41,20.83,22.580000000000002,74
PHI,2015,12.25,5.03,7.220000000000001,63
HOU,2015,54.010000000000005,18.53,35.480000000000004,86
PIT,2015,80.19999999999999,39.87,40.33,98
LAN,2015,83.44,42.52,40.92,92
MIN,2015,26.949999999999996,4.709999999999999,22.24,83
TBA,2015,26.06,2.309999999999999,23.75,80
CHN,2015,81.25,44.27,36.980000000000004,97
DET,2015,21.63,13.92,7.71,74
LAA,2015,33.120000000000005,8.67,24.450000000000003,85
MIA,2015,25.22,11.28,13.940000000000001,71
CIN,2015,27.520000000000003,16.700000000000003,10.819999999999999,64
TOR,2015,61.66,34.11,27.55,93
ATL,2015,14.58,6.389999999999999,8.190000000000001,67
BOS,2015,32.0,12.280000000000003,19.72,78
SEA,2015,27.6,10.9,16.7,76
MIL,2015,21.490000000000002,7.230000000000001,14.260000000000002,68
OAK,2015,24.82,8.98,15.840000000000002,68
KCA,2015,46.730000000000004,22.17,24.56,95
BAL,2015,30.34,10.739999999999998,19.6,81
NYN,2015,65.54999999999998,33.23,32.31999999999999,90
WAS,2015,66.85,33.19,33.66,83
CHA,2016,20.689999999999998,5.659999999999999,15.03,78
NYA,2016,21.53,6.560000000000001,14.97,84
COL,2016,47.24000000000001,35.86000000000001,11.38,75
SLN,2016,65.6,39.980000000000004,25.619999999999997,86
SFN,2016,60.42999999999999,32.13999999999999,28.29,87
ARI,2016,37.25,26.97,10.280000000000001,69
TEX,2016,42.1,27.1,14.999999999999998,95
CLE,2016,50.34,24.89,25.45,94
CHN,2016,80.66,50.97999999999999,29.68,103
OAK,2016,16.310000000000002,4.75,11.560000000000002,69
PHI,2016,22.35,7.74,14.61,71
HOU,2016,36.41,12.59,23.82,84
BAL,2016,40.15,23.55,16.599999999999998,89
SDN,2016,7.93,2.8299999999999996,5.1,68
MIL,2016,26.47,14.71,11.759999999999998,73
SEA,2016,31.330000000000002,18.46,12.870000000000001,86
DET,2016,36.809999999999995,18.74,18.069999999999997,86
LAA,2016,17.57,8.34,9.229999999999999,74
TOR,2016,49.48,27.15,22.33,89
CIN,2016,11.34,13.3,-1.9600000000000004,68
TBA,2016,18.94,6.140000000000001,12.8,68
PIT,2016,34.75,20.0,14.750000000000002,78
BOS,2016,56.5,30.87,25.630000000000003,93
MIA,2016,47.839999999999996,23.36,24.479999999999997,79
NYN,2016,54.309999999999995,23.179999999999996,31.13,87
KCA,2016,21.229999999999997,8.39,12.839999999999998,81
MIN,2016,18.51,10.170000000000002,8.34,59
ATL,2016,27.929999999999993,19.479999999999993,8.45,68
LAN,2016,60.64,28.549999999999997,32.09,91
WAS,2016,68.5,38.81,29.69,95
CHA,2017,-3.3100000000000005,7.67,-10.98,67
ATL,2017,24.439999999999998,16.919999999999998,7.5200000000000005,72
DET,2017,9.160000000000002,4.4300000000000015,4.73,64
MIN,2017,35.55,26.749999999999996,8.799999999999999,85
MIL,2017,53.39,34.45,18.94,86
ARI,2017,69.75,44.21999999999999,25.53,93
CIN,2017,25.889999999999997,27.619999999999997,-1.7299999999999998,68
PHI,2017,19.310000000000002,11.42,7.8900000000000015,66
CLE,2017,60.800000000000004,25.82,34.980000000000004,102
CHN,2017,54.8,35.11,19.689999999999998,92
SEA,2017,40.96,29.83,11.13,78
HOU,2017,57.67999999999999,32.11,25.569999999999997,101
COL,2017,52.33,36.019999999999996,16.310000000000002,87
MIA,2017,27.98,23.990000000000002,3.9899999999999998,77
TEX,2017,19.230000000000004,15.830000000000002,3.4000000000000004,78
NYN,2017,17.999999999999996,11.499999999999998,6.499999999999999,70
SFN,2017,19.9,6.750000000000002,13.149999999999997,64
SDN,2017,12.7,6.949999999999999,5.749999999999999,71
SLN,2017,46.459999999999994,26.579999999999995,19.879999999999995,83
LAN,2017,69.9,40.36,29.54,104
TOR,2017,20.209999999999997,5.809999999999999,14.399999999999999,76
OAK,2017,13.44,7.79,5.6499999999999995,75
BAL,2017,21.98,18.11,3.87,75
PIT,2017,30.92,15.67,15.25,75
BOS,2017,40.08,12.969999999999999,27.11,93
NYA,2017,58.42,29.53,28.89,91
KCA,2017,30.750000000000004,16.42,14.330000000000002,80
TBA,2017,28.25,10.429999999999998,17.82,80
LAA,2017,28.86,16.54,12.319999999999999,80
WAS,2017,60.629999999999995,37.67,22.959999999999997,97
CHA,2018,8.43,5.39,3.04,62
ATL,2018,57.629999999999995,35.08,22.55,90
TBA,2018,29.540000000000003,10.75,18.790000000000003,90
SLN,2018,48.650000000000006,28.370000000000005,20.280000000000005,88
DET,2018,5.230000000000001,-3.8199999999999994,9.05,64
MIN,2018,12.009999999999998,1.9799999999999995,10.03,78
MIL,2018,56.93000000000001,30.68,26.250000000000004,96
ARI,2018,62.150000000000006,35.06,27.09,82
PHI,2018,61.86,34.58,27.279999999999998,80
CLE,2018,54.47,23.82,30.65,91
KCA,2018,6.090000000000001,-1.0200000000000002,7.110000000000001,58
CHN,2018,53.879999999999995,37.82,16.06,95
HOU,2018,57.519999999999996,18.75,38.769999999999996,103
BAL,2018,-6.949999999999999,-7.739999999999999,0.7900000000000004,47
MIA,2018,8.42,0.11999999999999877,8.3,63
COL,2018,59.95,38.050000000000004,21.900000000000002,91
TEX,2018,16.419999999999998,15.069999999999999,1.3499999999999999,67
NYA,2018,55.31,25.849999999999998,29.460000000000004,100
LAA,2018,25.47,8.29,17.18,80
SDN,2018,14.99,1.97,13.02,66
LAN,2018,78.85,46.24,32.61,92
CIN,2018,33.03,24.25,8.780000000000001,67
OAK,2018,45.57000000000001,23.240000000000002,22.330000000000002,97
SEA,2018,40.06,14.42,25.64,89
PIT,2018,42.47,20.25,22.22,82
SFN,2018,23.759999999999998,2.8999999999999995,20.86,73
BOS,2018,59.66,33.89,25.77,108
NYN,2018,44.04,21.67,22.369999999999997,77
TOR,2018,11.84,5.3,6.54,73
WAS,2018,48.34,30.22,18.120000000000008,82
CHA,2019,14.63,10.99,3.640000000000001,72
ATL,2019,52.18000000000001,36.53,15.650000000000004,97
TBA,2019,42.25,16.180000000000003,26.07,96
WAS,2019,71.63,50.44,21.19,93
MIN,2019,55.13,31.890000000000004,23.24,101
ARI,2019,37.260000000000005,26.520000000000003,10.739999999999998,85
BAL,2019,1.290000000000001,6.7200000000000015,-5.430000000000001,54
MIA,2019,-0.1599999999999997,-1.0999999999999996,0.94,57
SDN,2019,29.529999999999998,12.379999999999999,17.15,70
CLE,2019,40.4,22.729999999999997,17.67,93
CHN,2019,54.75,39.33,15.42,84
NYN,2019,64.03999999999999,41.199999999999996,22.839999999999996,86
COL,2019,27.020000000000003,29.300000000000004,-2.28,71
HOU,2019,70.72,41.61,29.110000000000003,107
TEX,2019,17.98,11.5,6.480000000000001,78
CIN,2019,44.58,26.360000000000003,18.22,75
MIL,2019,41.2,26.85,14.350000000000001,89
PHI,2019,29.49,24.88,4.609999999999999,81
KCA,2019,6.029999999999998,3.2099999999999986,2.8199999999999994,59
SLN,2019,46.46000000000001,30.870000000000005,15.59,91
LAN,2019,68.71,41.42,27.289999999999996,106
OAK,2019,38.77,19.82,18.950000000000003,97
DET,2019,-1.1799999999999993,-3.78,2.6000000000000005,47
SEA,2019,9.920000000000002,7.61,2.3100000000000005,68
PIT,2019,19.12,14.830000000000002,4.29,69
SFN,2019,20.52,12.83,7.6899999999999995,77
LAA,2019,12.129999999999999,10.11,2.0199999999999996,72
BOS,2019,43.3,27.69,15.609999999999998,84
TOR,2019,3.9000000000000004,4.48,-0.58,67
NYA,2019,41.59,28.030000000000005,13.56,103
CHA,2020,15.32,9.88,5.44,35
ATL,2020,18.259999999999998,13.229999999999997,5.030000000000002,35
TBA,2020,13.5,6.74,6.759999999999999,40
LAA,2020,11.259999999999998,5.829999999999998,5.430000000000001,26
MIN,2020,15.41,5.8,9.610000000000001,36
MIA,2020,10.0,6.25,3.7499999999999996,31
ARI,2020,5.449999999999999,4.239999999999999,1.2100000000000002,25
CIN,2020,15.43,6.59,8.84,31
BAL,2020,8.249999999999998,7.839999999999999,0.41000000000000003,25
NYN,2020,17.089999999999996,11.919999999999998,5.17,26
HOU,2020,13.16,6.83,6.33,29
TEX,2020,1.5699999999999998,-0.17000000000000015,1.74,22
NYA,2020,12.83,8.48,4.35,33
BOS,2020,7.250000000000001,6.000000000000001,1.25,24
MIL,2020,12.52,3.1799999999999997,9.34,29
COL,2020,10.559999999999999,7.659999999999999,2.9000000000000004,26
SLN,2020,8.169999999999998,6.079999999999999,2.09,30
CHN,2020,13.35,7.33,6.02,34
LAN,2020,22.79,13.29,9.500000000000002,43
SFN,2020,14.34,8.33,6.01,29
PIT,2020,1.5400000000000003,0.030000000000000193,1.51,19
TOR,2020,10.030000000000001,10.23,-0.20000000000000012,32
PHI,2020,17.19,10.420000000000002,6.7700000000000005,28
DET,2020,4.129999999999999,2.6399999999999997,1.4899999999999998,23
WAS,2020,8.24,5.98,2.26,26
OAK,2020,15.04,7.03,8.01,36
SDN,2020,22.61,15.159999999999998,7.45,37
SEA,2020,8.96,5.45,3.51,27
CLE,2020,17.21,5.91,11.299999999999999,35
KCA,2020,11.05,6.010000000000001,5.04,26
CHA,2021,49.89,17.89,32.0,93
ATL,2021,58.25,34.900000000000006,23.349999999999998,88
MIL,2021,64.69,32.76,31.93,95
WAS,2021,1.0100000000000002,2.4400000000000004,-1.4300000000000002,65
LAA,2021,26.55,8.55,18.0,77
MIA,2021,18.3,1.7399999999999998,16.560000000000002,67
ARI,2021,11.6,5.109999999999999,6.49,52
CIN,2021,46.779999999999994,32.38999999999999,14.389999999999999,83
KCA,2021,26.97,14.23,12.739999999999998,74
CHN,2021,4.21,4.74,-0.5300000000000001,71
PIT,2021,-4.120000000000001,-4.06,-0.060000000000001,61
NYN,2021,41.36,18.38,22.98,77
HOU,2021,53.09,27.93,25.16,95
OAK,2021,48.839999999999996,24.939999999999998,23.9,86
NYA,2021,42.49,16.14,26.35,92
BOS,2021,52.88,30.320000000000004,22.56,92
SLN,2021,42.84,30.59,12.25,90
TBA,2021,48.59,25.85,22.740000000000002,100
MIN,2021,15.290000000000001,7.99,7.300000000000001,73
DET,2021,9.8,2.5199999999999987,7.280000000000001,77
LAN,2021,80.53,48.55,31.98,106
SEA,2021,20.970000000000002,2.84,18.130000000000003,90
SFN,2021,77.53999999999999,44.92,32.62,107
TOR,2021,59.60000000000001,36.17,23.430000000000003,91
COL,2021,42.760000000000005,29.32,13.440000000000001,74
PHI,2021,51.36,28.949999999999996,22.41,82
CLE,2021,16.259999999999998,5.6,10.66,80
TEX,2021,-0.7599999999999993,-2.6100000000000003,1.850000000000001,60
SDN,2021,48.41,31.520000000000003,16.889999999999997,79
BAL,2021,4.790000000000001,5.260000000000001,-0.46999999999999964,52
WAS,2022,-2.7500000000000004,-5.42,2.6699999999999995,55
CHA,2022,33.71,8.829999999999998,24.880000000000003,81
ATL,2022,55.629999999999995,19.52,36.11,101
MIL,2022,38.99,13.28,25.71,86
LAA,2022,19.67,-3.1399999999999997,22.810000000000002,73
BAL,2022,24.139999999999997,6.23,17.909999999999997,83
ARI,2022,12.21,-0.45999999999999996,12.670000000000002,74
LAN,2022,61.620000000000005,31.580000000000002,30.040000000000003,111
SDN,2022,50.88,26.260000000000005,24.619999999999997,89
PIT,2022,-2.469999999999999,-14.829999999999997,12.359999999999998,62
OAK,2022,-15.559999999999997,-24.009999999999998,8.450000000000001,60
CIN,2022,-11.46,-14.72,3.26,62
NYN,2022,56.59,24.18,32.410000000000004,101
HOU,2022,59.07000000000001,23.8,35.27,106
MIA,2022,12.410000000000004,-7.32,19.730000000000004,69
TBA,2022,28.050000000000004,1.9500000000000004,26.100000000000005,86
SLN,2022,51.839999999999996,24.2,27.639999999999997,93
CLE,2022,40.93,11.309999999999999,29.62,92
MIN,2022,31.070000000000004,6.300000000000001,24.770000000000003,78
BOS,2022,29.61,12.319999999999999,17.29,78
DET,2022,0.41000000000000014,-12.9,13.31,66
NYA,2022,57.660000000000004,27.08,30.580000000000005,99
SFN,2022,36.49,5.370000000000001,31.12,81
TOR,2022,58.980000000000004,28.8,30.18,92
COL,2022,19.900000000000002,7.790000000000001,12.110000000000001,68
PHI,2022,48.07000000000001,16.42,31.650000000000002,87
CHN,2022,13.9,3.3399999999999994,10.56,74
TEX,2022,16.759999999999998,1.4900000000000002,15.27,68
SEA,2022,33.94,6.44,27.5,90
KCA,2022,13.04,0.44999999999999973,12.59,65
WAS,2023,3.709999999999999,3.9899999999999993,-0.28000000000000036,71
HOU,2023,43.81,24.27,19.540000000000003,90
BOS,2023,23.659999999999997,9.55,14.109999999999998,78
ATL,2023,62.59000000000001,43.02000000000001,19.57,104
MIL,2023,25.569999999999997,4.879999999999999,20.689999999999998,92
LAA,2023,21.22,5.8,15.42,73
OAK,2023,-4.3999999999999995,-5.97,1.5700000000000003,50
ARI,2023,35.739999999999995,19.33,16.41,84
CHA,2023,-1.67,-4.449999999999999,2.7799999999999994,61
NYN,2023,15.64,6.579999999999999,9.06,75
CHN,2023,45.589999999999996,25.959999999999997,19.63,83
PIT,2023,16.51,4.750000000000001,11.760000000000002,76
TBA,2023,47.31,20.62,26.69,99
SLN,2023,19.919999999999998,13.049999999999999,6.869999999999999,71
CLE,2023,23.569999999999997,5.219999999999999,18.349999999999998,76
MIA,2023,31.340000000000003,10.76,20.580000000000002,84
SDN,2023,37.730000000000004,15.620000000000001,22.110000000000003,82
DET,2023,22.93,6.59,16.34,78
CIN,2023,22.939999999999998,12.57,10.37,82
SFN,2023,23.64,-0.48999999999999966,24.13,79
LAN,2023,48.47,31.13,17.340000000000003,100
NYA,2023,15.790000000000004,-0.9099999999999981,16.700000000000003,82
KCA,2023,1.9099999999999997,-1.0099999999999998,2.9199999999999995,56
TOR,2023,45.44,22.749999999999996,22.69,89
COL,2023,2.0,4.800000000000001,-2.8000000000000007,59
PHI,2023,46.230000000000004,21.63,24.6,90
MIN,2023,38.99,13.62,25.37,87
SEA,2023,43.07,18.18,24.89,88
TEX,2023,54.78,31.240000000000002,23.54,90
BAL,2023,42.67,18.73,23.940000000000005,101
WAS,2024,14.58,-5.99,20.57,71
HOU,2024,41.760000000000005,17.200000000000003,24.56,88
BOS,2024,34.54,13.840000000000002,20.7,81
ATL,2024,42.65,8.439999999999998,34.21,89
MIL,2024,38.440000000000005,19.79,18.650000000000006,93
LAA,2024,-0.05999999999999961,-6.17,6.11,63
SDN,2024,45.56,16.87,28.69,93
ARI,2024,47.59,24.810000000000002,22.78,89
OAK,2024,13.45,1.5100000000000002,11.94,69
NYN,2024,37.22,17.34,19.880000000000003,89
CHA,2024,-15.729999999999997,-18.799999999999997,3.0699999999999994,41
CHN,2024,36.269999999999996,17.27,18.999999999999996,83
MIA,2024,-4.939999999999998,-9.209999999999999,4.270000000000001,62
TBA,2024,12.399999999999999,-1.87,14.27,80
SLN,2024,33.26,7.479999999999999,25.78,83
CLE,2024,29.020000000000003,10.01,19.01,92
SEA,2024,39.7,12.760000000000002,26.940000000000005,85
DET,2024,20.39,-0.7900000000000009,21.18,86
PIT,2024,23.700000000000003,3.3999999999999995,20.300000000000004,76
SFN,2024,26.439999999999998,3.1999999999999993,23.24,80
TOR,2024,11.669999999999998,1.879999999999999,9.79,74
LAN,2024,48.68,29.21,19.47,98
COL,2024,2.779999999999998,1.8699999999999979,0.9100000000000001,61
CIN,2024,22.8,7.13,15.670000000000002,77
NYA,2024,43.72,22.16,21.560000000000002,94
KCA,2024,43.05,15.16,27.89,86
PHI,2024,47.71,19.28,28.43,95
MIN,2024,37.07,13.63,23.44,82
TEX,2024,25.72,10.66,15.06,78
BAL,2024,46.61,21.39,25.22,91
WAS,2025,5.500000000000002,1.4700000000000006,4.030000000000001,66
BOS,2025,35.64,11.92,23.720000000000002,89
MIA,2025,22.17,7.57,14.600000000000001,79
NYN,2025,47.129999999999995,24.72,22.41,83
ATL,2025,27.619999999999997,10.44,17.18,76
SFN,2025,31.03,9.46,21.57,81
LAA,2025,7.959999999999999,0.8499999999999992,7.11,72
ARI,2025,21.700000000000003,11.02,10.680000000000001,80
HOU,2025,29.989999999999995,10.869999999999997,19.119999999999997,87
COL,2025,-11.870000000000001,-7.430000000000001,-4.440000000000001,43
CHA,2025,6.58,-1.700000000000001,8.280000000000001,60
CHN,2025,48.94,27.43,21.509999999999998,92
CIN,2025,27.82,6.3999999999999995,21.42,83
TBA,2025,27.25,6.539999999999999,20.71,77
SLN,2025,24.61,8.49,16.12,78
CLE,2025,23.799999999999997,2.3999999999999995,21.4,88
SEA,2025,52.44,27.299999999999997,25.14,90
SDN,2025,40.879999999999995,20.479999999999997,20.4,90
PHI,2025,57.92999999999999,28.669999999999995,29.26,96
DET,2025,36.76,14.68,22.08,87
TOR,2025,39.89,22.85,17.04,94
PIT,2025,14.800000000000002,-4.33,19.130000000000003,71
BAL,2025,-1.0400000000000027,-10.230000000000002,9.19,75
MIL,2025,42.769999999999996,18.55,24.22,97
NYA,2025,55.629999999999995,30.02,25.609999999999996,94
LAN,2025,55.470000000000006,27.17,28.300000000000004,93
KCA,2025,29.450000000000003,7.160000000000002,22.29,82
ATH,2025,17.8,10.02,7.78,76
MIN,2025,11.260000000000002,0.04000000000000181,11.219999999999999,70
TEX,2025,35.32,5.39,29.93,81
